INFO - 2025-07-27 14:28:47 --> Session: Class initialized using 'CodeIgniter\Session\Handlers\FileHandler' driver.
INFO - 2025-07-27 14:28:52 --> CSRF token verified.
INFO - 2025-07-27 14:28:52 --> Session: Class initialized using 'CodeIgniter\Session\Handlers\FileHandler' driver.
INFO - 2025-07-27 14:28:52 --> Session: Class initialized using 'CodeIgniter\Session\Handlers\FileHandler' driver.
INFO - 2025-07-27 14:28:53 --> Session: Class initialized using 'CodeIgniter\Session\Handlers\FileHandler' driver.
INFO - 2025-07-27 14:28:54 --> Session: Class initialized using 'CodeIgniter\Session\Handlers\FileHandler' driver.
INFO - 2025-07-27 14:28:56 --> Session: Class initialized using 'CodeIgniter\Session\Handlers\FileHandler' driver.
INFO - 2025-07-27 14:28:59 --> Session: Class initialized using 'CodeIgniter\Session\Handlers\FileHandler' driver.
INFO - 2025-07-27 14:29:00 --> Session: Class initialized using 'CodeIgniter\Session\Handlers\FileHandler' driver.
INFO - 2025-07-27 14:29:01 --> Session: Class initialized using 'CodeIgniter\Session\Handlers\FileHandler' driver.
INFO - 2025-07-27 14:29:02 --> Session: Class initialized using 'CodeIgniter\Session\Handlers\FileHandler' driver.
INFO - 2025-07-27 14:29:03 --> Session: Class initialized using 'CodeIgniter\Session\Handlers\FileHandler' driver.
INFO - 2025-07-27 14:29:06 --> Session: Class initialized using 'CodeIgniter\Session\Handlers\FileHandler' driver.
INFO - 2025-07-27 14:29:07 --> Session: Class initialized using 'CodeIgniter\Session\Handlers\FileHandler' driver.
INFO - 2025-07-27 14:29:08 --> Session: Class initialized using 'CodeIgniter\Session\Handlers\FileHandler' driver.
INFO - 2025-07-27 14:29:09 --> Session: Class initialized using 'CodeIgniter\Session\Handlers\FileHandler' driver.
INFO - 2025-07-27 14:29:12 --> Session: Class initialized using 'CodeIgniter\Session\Handlers\FileHandler' driver.
INFO - 2025-07-27 14:29:21 --> Session: Class initialized using 'CodeIgniter\Session\Handlers\FileHandler' driver.
INFO - 2025-07-27 14:29:26 --> Session: Class initialized using 'CodeIgniter\Session\Handlers\FileHandler' driver.
INFO - 2025-07-27 14:29:26 --> Session: Class initialized using 'CodeIgniter\Session\Handlers\FileHandler' driver.
INFO - 2025-07-27 14:29:28 --> Session: Class initialized using 'CodeIgniter\Session\Handlers\FileHandler' driver.
INFO - 2025-07-27 14:29:29 --> Session: Class initialized using 'CodeIgniter\Session\Handlers\FileHandler' driver.
INFO - 2025-07-27 14:29:30 --> Session: Class initialized using 'CodeIgniter\Session\Handlers\FileHandler' driver.
INFO - 2025-07-27 14:29:38 --> Session: Class initialized using 'CodeIgniter\Session\Handlers\FileHandler' driver.
INFO - 2025-07-27 14:29:49 --> Session: Class initialized using 'CodeIgniter\Session\Handlers\FileHandler' driver.
INFO - 2025-07-27 14:29:50 --> Session: Class initialized using 'CodeIgniter\Session\Handlers\FileHandler' driver.
INFO - 2025-07-27 14:29:54 --> Session: Class initialized using 'CodeIgniter\Session\Handlers\FileHandler' driver.
CRITICAL - 2025-07-27 14:29:54 --> ErrorException: Undefined variable $task_on_progress
in APPPATH\Views\pekerjaan\daftar_pekerjaan.php on line 176.
 1 APPPATH\Views\pekerjaan\daftar_pekerjaan.php(176): CodeIgniter\Debug\Exceptions->errorHandler(2, 'Undefined variable $task_on_progress', 'C:\\xampp\\htdocs\\Destask\\app\\Views\\pekerjaan\\daftar_pekerjaan.php', 176)
 2 SYSTEMPATH\View\View.php(228): include('C:\\xampp\\htdocs\\Destask\\app\\Views\\pekerjaan\\daftar_pekerjaan.php')
 3 SYSTEMPATH\View\View.php(231): CodeIgniter\View\View->CodeIgniter\View\{closure}()
 4 SYSTEMPATH\Common.php(1178): CodeIgniter\View\View->render('pekerjaan/daftar_pekerjaan', [], true)
 5 APPPATH\Controllers\Pekerjaan.php(198): view('pekerjaan/daftar_pekerjaan', [...])
 6 SYSTEMPATH\CodeIgniter.php(941): App\Controllers\Pekerjaan->filter_pekerjaan()
 7 SYSTEMPATH\CodeIgniter.php(502): CodeIgniter\CodeIgniter->runController(Object(App\Controllers\Pekerjaan))
 8 SYSTEMPATH\CodeIgniter.php(361): CodeIgniter\CodeIgniter->handleRequest(null, Object(Config\Cache), false)
 9 FCPATH\index.php(80): CodeIgniter\CodeIgniter->run()
10 SYSTEMPATH\Commands\Server\rewrite.php(47): require_once('C:\\xampp\\htdocs\\Destask\\public\\index.php')
INFO - 2025-07-27 14:32:30 --> Session: Class initialized using 'CodeIgniter\Session\Handlers\FileHandler' driver.
INFO - 2025-07-27 14:32:39 --> Session: Class initialized using 'CodeIgniter\Session\Handlers\FileHandler' driver.
INFO - 2025-07-27 14:32:47 --> Session: Class initialized using 'CodeIgniter\Session\Handlers\FileHandler' driver.
INFO - 2025-07-27 14:34:11 --> Session: Class initialized using 'CodeIgniter\Session\Handlers\FileHandler' driver.
CRITICAL - 2025-07-27 14:34:11 --> ErrorException: Undefined variable $task_on_progress
in APPPATH\Controllers\Pekerjaan.php on line 188.
 1 APPPATH\Controllers\Pekerjaan.php(188): CodeIgniter\Debug\Exceptions->errorHandler(2, 'Undefined variable $task_on_progress', 'C:\\xampp\\htdocs\\Destask\\app\\Controllers\\Pekerjaan.php', 188)
 2 SYSTEMPATH\CodeIgniter.php(941): App\Controllers\Pekerjaan->filter_pekerjaan()
 3 SYSTEMPATH\CodeIgniter.php(502): CodeIgniter\CodeIgniter->runController(Object(App\Controllers\Pekerjaan))
 4 SYSTEMPATH\CodeIgniter.php(361): CodeIgniter\CodeIgniter->handleRequest(null, Object(Config\Cache), false)
 5 FCPATH\index.php(80): CodeIgniter\CodeIgniter->run()
 6 SYSTEMPATH\Commands\Server\rewrite.php(47): require_once('C:\\xampp\\htdocs\\Destask\\public\\index.php')
INFO - 2025-07-27 14:36:35 --> Session: Class initialized using 'CodeIgniter\Session\Handlers\FileHandler' driver.
CRITICAL - 2025-07-27 14:36:35 --> ErrorException: Undefined variable $task_on_progress
in APPPATH\Views\pekerjaan\daftar_pekerjaan.php on line 176.
 1 APPPATH\Views\pekerjaan\daftar_pekerjaan.php(176): CodeIgniter\Debug\Exceptions->errorHandler(2, 'Undefined variable $task_on_progress', 'C:\\xampp\\htdocs\\Destask\\app\\Views\\pekerjaan\\daftar_pekerjaan.php', 176)
 2 SYSTEMPATH\View\View.php(228): include('C:\\xampp\\htdocs\\Destask\\app\\Views\\pekerjaan\\daftar_pekerjaan.php')
 3 SYSTEMPATH\View\View.php(231): CodeIgniter\View\View->CodeIgniter\View\{closure}()
 4 SYSTEMPATH\Common.php(1178): CodeIgniter\View\View->render('pekerjaan/daftar_pekerjaan', [], true)
 5 APPPATH\Controllers\Pekerjaan.php(198): view('pekerjaan/daftar_pekerjaan', [...])
 6 SYSTEMPATH\CodeIgniter.php(941): App\Controllers\Pekerjaan->filter_pekerjaan()
 7 SYSTEMPATH\CodeIgniter.php(502): CodeIgniter\CodeIgniter->runController(Object(App\Controllers\Pekerjaan))
 8 SYSTEMPATH\CodeIgniter.php(361): CodeIgniter\CodeIgniter->handleRequest(null, Object(Config\Cache), false)
 9 FCPATH\index.php(80): CodeIgniter\CodeIgniter->run()
10 SYSTEMPATH\Commands\Server\rewrite.php(47): require_once('C:\\xampp\\htdocs\\Destask\\public\\index.php')
INFO - 2025-07-27 14:36:37 --> Session: Class initialized using 'CodeIgniter\Session\Handlers\FileHandler' driver.
INFO - 2025-07-27 17:10:51 --> Session: Class initialized using 'CodeIgniter\Session\Handlers\FileHandler' driver.
INFO - 2025-07-27 17:10:51 --> Session: Class initialized using 'CodeIgniter\Session\Handlers\FileHandler' driver.
INFO - 2025-07-27 17:10:53 --> CSRF token verified.
INFO - 2025-07-27 17:10:53 --> Session: Class initialized using 'CodeIgniter\Session\Handlers\FileHandler' driver.
INFO - 2025-07-27 17:10:53 --> Session: Class initialized using 'CodeIgniter\Session\Handlers\FileHandler' driver.
INFO - 2025-07-27 17:10:55 --> Session: Class initialized using 'CodeIgniter\Session\Handlers\FileHandler' driver.
INFO - 2025-07-27 17:10:56 --> Session: Class initialized using 'CodeIgniter\Session\Handlers\FileHandler' driver.
INFO - 2025-07-27 17:21:17 --> Session: Class initialized using 'CodeIgniter\Session\Handlers\FileHandler' driver.
INFO - 2025-07-27 17:21:18 --> Session: Class initialized using 'CodeIgniter\Session\Handlers\FileHandler' driver.
INFO - 2025-07-27 17:21:22 --> Session: Class initialized using 'CodeIgniter\Session\Handlers\FileHandler' driver.
CRITICAL - 2025-07-27 17:21:22 --> ErrorException: Undefined variable $task_on_progress
in APPPATH\Views\pekerjaan\daftar_pekerjaan.php on line 176.
 1 APPPATH\Views\pekerjaan\daftar_pekerjaan.php(176): CodeIgniter\Debug\Exceptions->errorHandler(2, 'Undefined variable $task_on_progress', 'C:\\xampp\\htdocs\\Destask\\app\\Views\\pekerjaan\\daftar_pekerjaan.php', 176)
 2 SYSTEMPATH\View\View.php(228): include('C:\\xampp\\htdocs\\Destask\\app\\Views\\pekerjaan\\daftar_pekerjaan.php')
 3 SYSTEMPATH\View\View.php(231): CodeIgniter\View\View->CodeIgniter\View\{closure}()
 4 SYSTEMPATH\Common.php(1178): CodeIgniter\View\View->render('pekerjaan/daftar_pekerjaan', [], true)
 5 APPPATH\Controllers\Pekerjaan.php(221): view('pekerjaan/daftar_pekerjaan', [...])
 6 SYSTEMPATH\CodeIgniter.php(941): App\Controllers\Pekerjaan->filter_pekerjaan()
 7 SYSTEMPATH\CodeIgniter.php(502): CodeIgniter\CodeIgniter->runController(Object(App\Controllers\Pekerjaan))
 8 SYSTEMPATH\CodeIgniter.php(361): CodeIgniter\CodeIgniter->handleRequest(null, Object(Config\Cache), false)
 9 FCPATH\index.php(80): CodeIgniter\CodeIgniter->run()
10 SYSTEMPATH\Commands\Server\rewrite.php(47): require_once('C:\\xampp\\htdocs\\Destask\\public\\index.php')
INFO - 2025-07-27 17:21:26 --> Session: Class initialized using 'CodeIgniter\Session\Handlers\FileHandler' driver.
INFO - 2025-07-27 17:21:31 --> Session: Class initialized using 'CodeIgniter\Session\Handlers\FileHandler' driver.
INFO - 2025-07-27 17:21:32 --> Session: Class initialized using 'CodeIgniter\Session\Handlers\FileHandler' driver.
INFO - 2025-07-27 17:22:18 --> Session: Class initialized using 'CodeIgniter\Session\Handlers\FileHandler' driver.
INFO - 2025-07-27 17:22:21 --> Session: Class initialized using 'CodeIgniter\Session\Handlers\FileHandler' driver.
INFO - 2025-07-27 17:22:26 --> Session: Class initialized using 'CodeIgniter\Session\Handlers\FileHandler' driver.
INFO - 2025-07-27 17:22:27 --> Session: Class initialized using 'CodeIgniter\Session\Handlers\FileHandler' driver.
INFO - 2025-07-27 17:22:51 --> Session: Class initialized using 'CodeIgniter\Session\Handlers\FileHandler' driver.
INFO - 2025-07-27 17:22:54 --> Session: Class initialized using 'CodeIgniter\Session\Handlers\FileHandler' driver.
INFO - 2025-07-27 17:22:55 --> Session: Class initialized using 'CodeIgniter\Session\Handlers\FileHandler' driver.
INFO - 2025-07-27 17:23:00 --> Session: Class initialized using 'CodeIgniter\Session\Handlers\FileHandler' driver.
INFO - 2025-07-27 17:23:26 --> Session: Class initialized using 'CodeIgniter\Session\Handlers\FileHandler' driver.
INFO - 2025-07-27 17:23:31 --> Session: Class initialized using 'CodeIgniter\Session\Handlers\FileHandler' driver.
INFO - 2025-07-27 17:23:34 --> Session: Class initialized using 'CodeIgniter\Session\Handlers\FileHandler' driver.
INFO - 2025-07-27 17:23:37 --> Session: Class initialized using 'CodeIgniter\Session\Handlers\FileHandler' driver.
INFO - 2025-07-27 17:23:41 --> Session: Class initialized using 'CodeIgniter\Session\Handlers\FileHandler' driver.
INFO - 2025-07-27 17:23:43 --> Session: Class initialized using 'CodeIgniter\Session\Handlers\FileHandler' driver.
INFO - 2025-07-27 17:23:47 --> Session: Class initialized using 'CodeIgniter\Session\Handlers\FileHandler' driver.
INFO - 2025-07-27 17:23:50 --> Session: Class initialized using 'CodeIgniter\Session\Handlers\FileHandler' driver.
INFO - 2025-07-27 17:23:53 --> Session: Class initialized using 'CodeIgniter\Session\Handlers\FileHandler' driver.
INFO - 2025-07-27 17:23:55 --> Session: Class initialized using 'CodeIgniter\Session\Handlers\FileHandler' driver.
INFO - 2025-07-27 17:24:00 --> Session: Class initialized using 'CodeIgniter\Session\Handlers\FileHandler' driver.
INFO - 2025-07-27 17:24:08 --> Session: Class initialized using 'CodeIgniter\Session\Handlers\FileHandler' driver.
INFO - 2025-07-27 17:24:11 --> Session: Class initialized using 'CodeIgniter\Session\Handlers\FileHandler' driver.
INFO - 2025-07-27 17:24:16 --> Session: Class initialized using 'CodeIgniter\Session\Handlers\FileHandler' driver.
INFO - 2025-07-27 17:24:19 --> Session: Class initialized using 'CodeIgniter\Session\Handlers\FileHandler' driver.
INFO - 2025-07-27 17:24:21 --> Session: Class initialized using 'CodeIgniter\Session\Handlers\FileHandler' driver.
INFO - 2025-07-27 17:24:29 --> Session: Class initialized using 'CodeIgniter\Session\Handlers\FileHandler' driver.
INFO - 2025-07-27 17:24:40 --> Session: Class initialized using 'CodeIgniter\Session\Handlers\FileHandler' driver.
INFO - 2025-07-27 17:24:47 --> Session: Class initialized using 'CodeIgniter\Session\Handlers\FileHandler' driver.
INFO - 2025-07-27 17:25:02 --> Session: Class initialized using 'CodeIgniter\Session\Handlers\FileHandler' driver.
INFO - 2025-07-27 17:25:13 --> Session: Class initialized using 'CodeIgniter\Session\Handlers\FileHandler' driver.
INFO - 2025-07-27 17:25:28 --> Session: Class initialized using 'CodeIgniter\Session\Handlers\FileHandler' driver.
INFO - 2025-07-27 17:25:33 --> Session: Class initialized using 'CodeIgniter\Session\Handlers\FileHandler' driver.
INFO - 2025-07-27 17:25:45 --> Session: Class initialized using 'CodeIgniter\Session\Handlers\FileHandler' driver.
INFO - 2025-07-27 17:25:53 --> Session: Class initialized using 'CodeIgniter\Session\Handlers\FileHandler' driver.
INFO - 2025-07-27 17:25:58 --> Session: Class initialized using 'CodeIgniter\Session\Handlers\FileHandler' driver.
INFO - 2025-07-27 17:25:58 --> Session: Class initialized using 'CodeIgniter\Session\Handlers\FileHandler' driver.
INFO - 2025-07-27 17:26:05 --> Session: Class initialized using 'CodeIgniter\Session\Handlers\FileHandler' driver.
INFO - 2025-07-27 17:26:08 --> Session: Class initialized using 'CodeIgniter\Session\Handlers\FileHandler' driver.
INFO - 2025-07-27 17:26:11 --> Session: Class initialized using 'CodeIgniter\Session\Handlers\FileHandler' driver.
INFO - 2025-07-27 17:26:17 --> Session: Class initialized using 'CodeIgniter\Session\Handlers\FileHandler' driver.
INFO - 2025-07-27 17:26:20 --> Session: Class initialized using 'CodeIgniter\Session\Handlers\FileHandler' driver.
INFO - 2025-07-27 17:26:28 --> Session: Class initialized using 'CodeIgniter\Session\Handlers\FileHandler' driver.
INFO - 2025-07-27 17:26:37 --> Session: Class initialized using 'CodeIgniter\Session\Handlers\FileHandler' driver.
INFO - 2025-07-27 17:26:43 --> Session: Class initialized using 'CodeIgniter\Session\Handlers\FileHandler' driver.
INFO - 2025-07-27 17:26:45 --> Session: Class initialized using 'CodeIgniter\Session\Handlers\FileHandler' driver.
INFO - 2025-07-27 17:26:46 --> Session: Class initialized using 'CodeIgniter\Session\Handlers\FileHandler' driver.
INFO - 2025-07-27 17:26:47 --> Session: Class initialized using 'CodeIgniter\Session\Handlers\FileHandler' driver.
INFO - 2025-07-27 17:26:52 --> Session: Class initialized using 'CodeIgniter\Session\Handlers\FileHandler' driver.
INFO - 2025-07-27 17:26:54 --> Session: Class initialized using 'CodeIgniter\Session\Handlers\FileHandler' driver.
INFO - 2025-07-27 17:26:56 --> Session: Class initialized using 'CodeIgniter\Session\Handlers\FileHandler' driver.
INFO - 2025-07-27 17:26:58 --> Session: Class initialized using 'CodeIgniter\Session\Handlers\FileHandler' driver.
INFO - 2025-07-27 17:26:59 --> Session: Class initialized using 'CodeIgniter\Session\Handlers\FileHandler' driver.
INFO - 2025-07-27 17:27:02 --> Session: Class initialized using 'CodeIgniter\Session\Handlers\FileHandler' driver.
INFO - 2025-07-27 17:27:03 --> Session: Class initialized using 'CodeIgniter\Session\Handlers\FileHandler' driver.
INFO - 2025-07-27 17:27:03 --> Session: Class initialized using 'CodeIgniter\Session\Handlers\FileHandler' driver.
INFO - 2025-07-27 17:27:05 --> Session: Class initialized using 'CodeIgniter\Session\Handlers\FileHandler' driver.
INFO - 2025-07-27 17:27:06 --> Session: Class initialized using 'CodeIgniter\Session\Handlers\FileHandler' driver.
INFO - 2025-07-27 17:27:07 --> Session: Class initialized using 'CodeIgniter\Session\Handlers\FileHandler' driver.
INFO - 2025-07-27 17:27:08 --> Session: Class initialized using 'CodeIgniter\Session\Handlers\FileHandler' driver.
INFO - 2025-07-27 17:27:09 --> Session: Class initialized using 'CodeIgniter\Session\Handlers\FileHandler' driver.
INFO - 2025-07-27 17:27:22 --> Session: Class initialized using 'CodeIgniter\Session\Handlers\FileHandler' driver.
INFO - 2025-07-27 17:27:25 --> Session: Class initialized using 'CodeIgniter\Session\Handlers\FileHandler' driver.
INFO - 2025-07-27 17:27:27 --> Session: Class initialized using 'CodeIgniter\Session\Handlers\FileHandler' driver.
INFO - 2025-07-27 17:27:29 --> Session: Class initialized using 'CodeIgniter\Session\Handlers\FileHandler' driver.
INFO - 2025-07-27 17:27:34 --> Session: Class initialized using 'CodeIgniter\Session\Handlers\FileHandler' driver.
INFO - 2025-07-27 17:27:42 --> Session: Class initialized using 'CodeIgniter\Session\Handlers\FileHandler' driver.
INFO - 2025-07-27 17:27:50 --> Session: Class initialized using 'CodeIgniter\Session\Handlers\FileHandler' driver.
INFO - 2025-07-27 17:29:02 --> Session: Class initialized using 'CodeIgniter\Session\Handlers\FileHandler' driver.
INFO - 2025-07-27 17:29:06 --> Session: Class initialized using 'CodeIgniter\Session\Handlers\FileHandler' driver.
INFO - 2025-07-27 17:29:12 --> Session: Class initialized using 'CodeIgniter\Session\Handlers\FileHandler' driver.
INFO - 2025-07-27 17:33:28 --> Session: Class initialized using 'CodeIgniter\Session\Handlers\FileHandler' driver.
INFO - 2025-07-27 17:33:33 --> Session: Class initialized using 'CodeIgniter\Session\Handlers\FileHandler' driver.
INFO - 2025-07-27 17:33:46 --> Session: Class initialized using 'CodeIgniter\Session\Handlers\FileHandler' driver.
INFO - 2025-07-27 17:33:48 --> Session: Class initialized using 'CodeIgniter\Session\Handlers\FileHandler' driver.
INFO - 2025-07-27 17:33:59 --> Session: Class initialized using 'CodeIgniter\Session\Handlers\FileHandler' driver.
INFO - 2025-07-27 17:34:04 --> Session: Class initialized using 'CodeIgniter\Session\Handlers\FileHandler' driver.
INFO - 2025-07-27 17:34:08 --> Session: Class initialized using 'CodeIgniter\Session\Handlers\FileHandler' driver.
INFO - 2025-07-27 17:34:10 --> Session: Class initialized using 'CodeIgniter\Session\Handlers\FileHandler' driver.
INFO - 2025-07-27 17:34:11 --> Session: Class initialized using 'CodeIgniter\Session\Handlers\FileHandler' driver.
INFO - 2025-07-27 17:34:14 --> Session: Class initialized using 'CodeIgniter\Session\Handlers\FileHandler' driver.
INFO - 2025-07-27 17:34:17 --> Session: Class initialized using 'CodeIgniter\Session\Handlers\FileHandler' driver.
INFO - 2025-07-27 17:34:22 --> Session: Class initialized using 'CodeIgniter\Session\Handlers\FileHandler' driver.
INFO - 2025-07-27 17:34:29 --> Session: Class initialized using 'CodeIgniter\Session\Handlers\FileHandler' driver.
INFO - 2025-07-27 17:34:35 --> Session: Class initialized using 'CodeIgniter\Session\Handlers\FileHandler' driver.
INFO - 2025-07-27 17:34:38 --> Session: Class initialized using 'CodeIgniter\Session\Handlers\FileHandler' driver.
INFO - 2025-07-27 17:34:41 --> Session: Class initialized using 'CodeIgniter\Session\Handlers\FileHandler' driver.
INFO - 2025-07-27 17:35:53 --> Session: Class initialized using 'CodeIgniter\Session\Handlers\FileHandler' driver.
INFO - 2025-07-27 17:36:22 --> Session: Class initialized using 'CodeIgniter\Session\Handlers\FileHandler' driver.
WARNING - 2025-07-27 17:36:22 --> [DEPRECATED] strtotime(): Passing null to parameter #1 ($datetime) of type string is deprecated in APPPATH\Views\pekerjaan\detail_to.php on line 39.
 1 APPPATH\Views\pekerjaan\detail_to.php(39): strtotime(null)
 2 SYSTEMPATH\View\View.php(228): include('C:\\xampp\\htdocs\\Destask\\app\\Views\\pekerjaan\\detail_to.php')
 3 SYSTEMPATH\View\View.php(231): CodeIgniter\View\View->CodeIgniter\View\{closure}()
 4 SYSTEMPATH\Common.php(1178): CodeIgniter\View\View->render('pekerjaan/detail_to', [], true)
 5 APPPATH\Controllers\Pekerjaan.php(135): view('pekerjaan/detail_to', [...])
 6 SYSTEMPATH\CodeIgniter.php(941): App\Controllers\Pekerjaan->detail_task_overdue('5')
 7 SYSTEMPATH\CodeIgniter.php(502): CodeIgniter\CodeIgniter->runController(Object(App\Controllers\Pekerjaan))
 8 SYSTEMPATH\CodeIgniter.php(361): CodeIgniter\CodeIgniter->handleRequest(null, Object(Config\Cache), false)
 9 FCPATH\index.php(80): CodeIgniter\CodeIgniter->run()
10 SYSTEMPATH\Commands\Server\rewrite.php(47): require_once('C:\\xampp\\htdocs\\Destask\\public\\index.php')
WARNING - 2025-07-27 17:36:22 --> [DEPRECATED] strtotime(): Passing null to parameter #1 ($datetime) of type string is deprecated in APPPATH\Views\pekerjaan\detail_to.php on line 39.
 1 APPPATH\Views\pekerjaan\detail_to.php(39): strtotime(null)
 2 SYSTEMPATH\View\View.php(228): include('C:\\xampp\\htdocs\\Destask\\app\\Views\\pekerjaan\\detail_to.php')
 3 SYSTEMPATH\View\View.php(231): CodeIgniter\View\View->CodeIgniter\View\{closure}()
 4 SYSTEMPATH\Common.php(1178): CodeIgniter\View\View->render('pekerjaan/detail_to', [], true)
 5 APPPATH\Controllers\Pekerjaan.php(135): view('pekerjaan/detail_to', [...])
 6 SYSTEMPATH\CodeIgniter.php(941): App\Controllers\Pekerjaan->detail_task_overdue('5')
 7 SYSTEMPATH\CodeIgniter.php(502): CodeIgniter\CodeIgniter->runController(Object(App\Controllers\Pekerjaan))
 8 SYSTEMPATH\CodeIgniter.php(361): CodeIgniter\CodeIgniter->handleRequest(null, Object(Config\Cache), false)
 9 FCPATH\index.php(80): CodeIgniter\CodeIgniter->run()
10 SYSTEMPATH\Commands\Server\rewrite.php(47): require_once('C:\\xampp\\htdocs\\Destask\\public\\index.php')
WARNING - 2025-07-27 17:36:22 --> [DEPRECATED] strtotime(): Passing null to parameter #1 ($datetime) of type string is deprecated in APPPATH\Views\pekerjaan\detail_to.php on line 39.
 1 APPPATH\Views\pekerjaan\detail_to.php(39): strtotime(null)
 2 SYSTEMPATH\View\View.php(228): include('C:\\xampp\\htdocs\\Destask\\app\\Views\\pekerjaan\\detail_to.php')
 3 SYSTEMPATH\View\View.php(231): CodeIgniter\View\View->CodeIgniter\View\{closure}()
 4 SYSTEMPATH\Common.php(1178): CodeIgniter\View\View->render('pekerjaan/detail_to', [], true)
 5 APPPATH\Controllers\Pekerjaan.php(135): view('pekerjaan/detail_to', [...])
 6 SYSTEMPATH\CodeIgniter.php(941): App\Controllers\Pekerjaan->detail_task_overdue('5')
 7 SYSTEMPATH\CodeIgniter.php(502): CodeIgniter\CodeIgniter->runController(Object(App\Controllers\Pekerjaan))
 8 SYSTEMPATH\CodeIgniter.php(361): CodeIgniter\CodeIgniter->handleRequest(null, Object(Config\Cache), false)
 9 FCPATH\index.php(80): CodeIgniter\CodeIgniter->run()
10 SYSTEMPATH\Commands\Server\rewrite.php(47): require_once('C:\\xampp\\htdocs\\Destask\\public\\index.php')
WARNING - 2025-07-27 17:36:22 --> [DEPRECATED] strtotime(): Passing null to parameter #1 ($datetime) of type string is deprecated in APPPATH\Views\pekerjaan\detail_to.php on line 39.
 1 APPPATH\Views\pekerjaan\detail_to.php(39): strtotime(null)
 2 SYSTEMPATH\View\View.php(228): include('C:\\xampp\\htdocs\\Destask\\app\\Views\\pekerjaan\\detail_to.php')
 3 SYSTEMPATH\View\View.php(231): CodeIgniter\View\View->CodeIgniter\View\{closure}()
 4 SYSTEMPATH\Common.php(1178): CodeIgniter\View\View->render('pekerjaan/detail_to', [], true)
 5 APPPATH\Controllers\Pekerjaan.php(135): view('pekerjaan/detail_to', [...])
 6 SYSTEMPATH\CodeIgniter.php(941): App\Controllers\Pekerjaan->detail_task_overdue('5')
 7 SYSTEMPATH\CodeIgniter.php(502): CodeIgniter\CodeIgniter->runController(Object(App\Controllers\Pekerjaan))
 8 SYSTEMPATH\CodeIgniter.php(361): CodeIgniter\CodeIgniter->handleRequest(null, Object(Config\Cache), false)
 9 FCPATH\index.php(80): CodeIgniter\CodeIgniter->run()
10 SYSTEMPATH\Commands\Server\rewrite.php(47): require_once('C:\\xampp\\htdocs\\Destask\\public\\index.php')
WARNING - 2025-07-27 17:36:22 --> [DEPRECATED] strtotime(): Passing null to parameter #1 ($datetime) of type string is deprecated in APPPATH\Views\pekerjaan\detail_to.php on line 39.
 1 APPPATH\Views\pekerjaan\detail_to.php(39): strtotime(null)
 2 SYSTEMPATH\View\View.php(228): include('C:\\xampp\\htdocs\\Destask\\app\\Views\\pekerjaan\\detail_to.php')
 3 SYSTEMPATH\View\View.php(231): CodeIgniter\View\View->CodeIgniter\View\{closure}()
 4 SYSTEMPATH\Common.php(1178): CodeIgniter\View\View->render('pekerjaan/detail_to', [], true)
 5 APPPATH\Controllers\Pekerjaan.php(135): view('pekerjaan/detail_to', [...])
 6 SYSTEMPATH\CodeIgniter.php(941): App\Controllers\Pekerjaan->detail_task_overdue('5')
 7 SYSTEMPATH\CodeIgniter.php(502): CodeIgniter\CodeIgniter->runController(Object(App\Controllers\Pekerjaan))
 8 SYSTEMPATH\CodeIgniter.php(361): CodeIgniter\CodeIgniter->handleRequest(null, Object(Config\Cache), false)
 9 FCPATH\index.php(80): CodeIgniter\CodeIgniter->run()
10 SYSTEMPATH\Commands\Server\rewrite.php(47): require_once('C:\\xampp\\htdocs\\Destask\\public\\index.php')
WARNING - 2025-07-27 17:36:22 --> [DEPRECATED] strtotime(): Passing null to parameter #1 ($datetime) of type string is deprecated in APPPATH\Views\pekerjaan\detail_to.php on line 39.
 1 APPPATH\Views\pekerjaan\detail_to.php(39): strtotime(null)
 2 SYSTEMPATH\View\View.php(228): include('C:\\xampp\\htdocs\\Destask\\app\\Views\\pekerjaan\\detail_to.php')
 3 SYSTEMPATH\View\View.php(231): CodeIgniter\View\View->CodeIgniter\View\{closure}()
 4 SYSTEMPATH\Common.php(1178): CodeIgniter\View\View->render('pekerjaan/detail_to', [], true)
 5 APPPATH\Controllers\Pekerjaan.php(135): view('pekerjaan/detail_to', [...])
 6 SYSTEMPATH\CodeIgniter.php(941): App\Controllers\Pekerjaan->detail_task_overdue('5')
 7 SYSTEMPATH\CodeIgniter.php(502): CodeIgniter\CodeIgniter->runController(Object(App\Controllers\Pekerjaan))
 8 SYSTEMPATH\CodeIgniter.php(361): CodeIgniter\CodeIgniter->handleRequest(null, Object(Config\Cache), false)
 9 FCPATH\index.php(80): CodeIgniter\CodeIgniter->run()
10 SYSTEMPATH\Commands\Server\rewrite.php(47): require_once('C:\\xampp\\htdocs\\Destask\\public\\index.php')
WARNING - 2025-07-27 17:36:22 --> [DEPRECATED] strtotime(): Passing null to parameter #1 ($datetime) of type string is deprecated in APPPATH\Views\pekerjaan\detail_to.php on line 39.
 1 APPPATH\Views\pekerjaan\detail_to.php(39): strtotime(null)
 2 SYSTEMPATH\View\View.php(228): include('C:\\xampp\\htdocs\\Destask\\app\\Views\\pekerjaan\\detail_to.php')
 3 SYSTEMPATH\View\View.php(231): CodeIgniter\View\View->CodeIgniter\View\{closure}()
 4 SYSTEMPATH\Common.php(1178): CodeIgniter\View\View->render('pekerjaan/detail_to', [], true)
 5 APPPATH\Controllers\Pekerjaan.php(135): view('pekerjaan/detail_to', [...])
 6 SYSTEMPATH\CodeIgniter.php(941): App\Controllers\Pekerjaan->detail_task_overdue('5')
 7 SYSTEMPATH\CodeIgniter.php(502): CodeIgniter\CodeIgniter->runController(Object(App\Controllers\Pekerjaan))
 8 SYSTEMPATH\CodeIgniter.php(361): CodeIgniter\CodeIgniter->handleRequest(null, Object(Config\Cache), false)
 9 FCPATH\index.php(80): CodeIgniter\CodeIgniter->run()
10 SYSTEMPATH\Commands\Server\rewrite.php(47): require_once('C:\\xampp\\htdocs\\Destask\\public\\index.php')
WARNING - 2025-07-27 17:36:22 --> [DEPRECATED] strtotime(): Passing null to parameter #1 ($datetime) of type string is deprecated in APPPATH\Views\pekerjaan\detail_to.php on line 39.
 1 APPPATH\Views\pekerjaan\detail_to.php(39): strtotime(null)
 2 SYSTEMPATH\View\View.php(228): include('C:\\xampp\\htdocs\\Destask\\app\\Views\\pekerjaan\\detail_to.php')
 3 SYSTEMPATH\View\View.php(231): CodeIgniter\View\View->CodeIgniter\View\{closure}()
 4 SYSTEMPATH\Common.php(1178): CodeIgniter\View\View->render('pekerjaan/detail_to', [], true)
 5 APPPATH\Controllers\Pekerjaan.php(135): view('pekerjaan/detail_to', [...])
 6 SYSTEMPATH\CodeIgniter.php(941): App\Controllers\Pekerjaan->detail_task_overdue('5')
 7 SYSTEMPATH\CodeIgniter.php(502): CodeIgniter\CodeIgniter->runController(Object(App\Controllers\Pekerjaan))
 8 SYSTEMPATH\CodeIgniter.php(361): CodeIgniter\CodeIgniter->handleRequest(null, Object(Config\Cache), false)
 9 FCPATH\index.php(80): CodeIgniter\CodeIgniter->run()
10 SYSTEMPATH\Commands\Server\rewrite.php(47): require_once('C:\\xampp\\htdocs\\Destask\\public\\index.php')
WARNING - 2025-07-27 17:36:22 --> [DEPRECATED] strtotime(): Passing null to parameter #1 ($datetime) of type string is deprecated in APPPATH\Views\pekerjaan\detail_to.php on line 39.
 1 APPPATH\Views\pekerjaan\detail_to.php(39): strtotime(null)
 2 SYSTEMPATH\View\View.php(228): include('C:\\xampp\\htdocs\\Destask\\app\\Views\\pekerjaan\\detail_to.php')
 3 SYSTEMPATH\View\View.php(231): CodeIgniter\View\View->CodeIgniter\View\{closure}()
 4 SYSTEMPATH\Common.php(1178): CodeIgniter\View\View->render('pekerjaan/detail_to', [], true)
 5 APPPATH\Controllers\Pekerjaan.php(135): view('pekerjaan/detail_to', [...])
 6 SYSTEMPATH\CodeIgniter.php(941): App\Controllers\Pekerjaan->detail_task_overdue('5')
 7 SYSTEMPATH\CodeIgniter.php(502): CodeIgniter\CodeIgniter->runController(Object(App\Controllers\Pekerjaan))
 8 SYSTEMPATH\CodeIgniter.php(361): CodeIgniter\CodeIgniter->handleRequest(null, Object(Config\Cache), false)
 9 FCPATH\index.php(80): CodeIgniter\CodeIgniter->run()
10 SYSTEMPATH\Commands\Server\rewrite.php(47): require_once('C:\\xampp\\htdocs\\Destask\\public\\index.php')
WARNING - 2025-07-27 17:36:22 --> [DEPRECATED] strtotime(): Passing null to parameter #1 ($datetime) of type string is deprecated in APPPATH\Views\pekerjaan\detail_to.php on line 39.
 1 APPPATH\Views\pekerjaan\detail_to.php(39): strtotime(null)
 2 SYSTEMPATH\View\View.php(228): include('C:\\xampp\\htdocs\\Destask\\app\\Views\\pekerjaan\\detail_to.php')
 3 SYSTEMPATH\View\View.php(231): CodeIgniter\View\View->CodeIgniter\View\{closure}()
 4 SYSTEMPATH\Common.php(1178): CodeIgniter\View\View->render('pekerjaan/detail_to', [], true)
 5 APPPATH\Controllers\Pekerjaan.php(135): view('pekerjaan/detail_to', [...])
 6 SYSTEMPATH\CodeIgniter.php(941): App\Controllers\Pekerjaan->detail_task_overdue('5')
 7 SYSTEMPATH\CodeIgniter.php(502): CodeIgniter\CodeIgniter->runController(Object(App\Controllers\Pekerjaan))
 8 SYSTEMPATH\CodeIgniter.php(361): CodeIgniter\CodeIgniter->handleRequest(null, Object(Config\Cache), false)
 9 FCPATH\index.php(80): CodeIgniter\CodeIgniter->run()
10 SYSTEMPATH\Commands\Server\rewrite.php(47): require_once('C:\\xampp\\htdocs\\Destask\\public\\index.php')
WARNING - 2025-07-27 17:36:22 --> [DEPRECATED] strtotime(): Passing null to parameter #1 ($datetime) of type string is deprecated in APPPATH\Views\pekerjaan\detail_to.php on line 39.
 1 APPPATH\Views\pekerjaan\detail_to.php(39): strtotime(null)
 2 SYSTEMPATH\View\View.php(228): include('C:\\xampp\\htdocs\\Destask\\app\\Views\\pekerjaan\\detail_to.php')
 3 SYSTEMPATH\View\View.php(231): CodeIgniter\View\View->CodeIgniter\View\{closure}()
 4 SYSTEMPATH\Common.php(1178): CodeIgniter\View\View->render('pekerjaan/detail_to', [], true)
 5 APPPATH\Controllers\Pekerjaan.php(135): view('pekerjaan/detail_to', [...])
 6 SYSTEMPATH\CodeIgniter.php(941): App\Controllers\Pekerjaan->detail_task_overdue('5')
 7 SYSTEMPATH\CodeIgniter.php(502): CodeIgniter\CodeIgniter->runController(Object(App\Controllers\Pekerjaan))
 8 SYSTEMPATH\CodeIgniter.php(361): CodeIgniter\CodeIgniter->handleRequest(null, Object(Config\Cache), false)
 9 FCPATH\index.php(80): CodeIgniter\CodeIgniter->run()
10 SYSTEMPATH\Commands\Server\rewrite.php(47): require_once('C:\\xampp\\htdocs\\Destask\\public\\index.php')
WARNING - 2025-07-27 17:36:22 --> [DEPRECATED] strtotime(): Passing null to parameter #1 ($datetime) of type string is deprecated in APPPATH\Views\pekerjaan\detail_to.php on line 39.
 1 APPPATH\Views\pekerjaan\detail_to.php(39): strtotime(null)
 2 SYSTEMPATH\View\View.php(228): include('C:\\xampp\\htdocs\\Destask\\app\\Views\\pekerjaan\\detail_to.php')
 3 SYSTEMPATH\View\View.php(231): CodeIgniter\View\View->CodeIgniter\View\{closure}()
 4 SYSTEMPATH\Common.php(1178): CodeIgniter\View\View->render('pekerjaan/detail_to', [], true)
 5 APPPATH\Controllers\Pekerjaan.php(135): view('pekerjaan/detail_to', [...])
 6 SYSTEMPATH\CodeIgniter.php(941): App\Controllers\Pekerjaan->detail_task_overdue('5')
 7 SYSTEMPATH\CodeIgniter.php(502): CodeIgniter\CodeIgniter->runController(Object(App\Controllers\Pekerjaan))
 8 SYSTEMPATH\CodeIgniter.php(361): CodeIgniter\CodeIgniter->handleRequest(null, Object(Config\Cache), false)
 9 FCPATH\index.php(80): CodeIgniter\CodeIgniter->run()
10 SYSTEMPATH\Commands\Server\rewrite.php(47): require_once('C:\\xampp\\htdocs\\Destask\\public\\index.php')
WARNING - 2025-07-27 17:36:22 --> [DEPRECATED] strtotime(): Passing null to parameter #1 ($datetime) of type string is deprecated in APPPATH\Views\pekerjaan\detail_to.php on line 39.
 1 APPPATH\Views\pekerjaan\detail_to.php(39): strtotime(null)
 2 SYSTEMPATH\View\View.php(228): include('C:\\xampp\\htdocs\\Destask\\app\\Views\\pekerjaan\\detail_to.php')
 3 SYSTEMPATH\View\View.php(231): CodeIgniter\View\View->CodeIgniter\View\{closure}()
 4 SYSTEMPATH\Common.php(1178): CodeIgniter\View\View->render('pekerjaan/detail_to', [], true)
 5 APPPATH\Controllers\Pekerjaan.php(135): view('pekerjaan/detail_to', [...])
 6 SYSTEMPATH\CodeIgniter.php(941): App\Controllers\Pekerjaan->detail_task_overdue('5')
 7 SYSTEMPATH\CodeIgniter.php(502): CodeIgniter\CodeIgniter->runController(Object(App\Controllers\Pekerjaan))
 8 SYSTEMPATH\CodeIgniter.php(361): CodeIgniter\CodeIgniter->handleRequest(null, Object(Config\Cache), false)
 9 FCPATH\index.php(80): CodeIgniter\CodeIgniter->run()
10 SYSTEMPATH\Commands\Server\rewrite.php(47): require_once('C:\\xampp\\htdocs\\Destask\\public\\index.php')
WARNING - 2025-07-27 17:36:22 --> [DEPRECATED] strtotime(): Passing null to parameter #1 ($datetime) of type string is deprecated in APPPATH\Views\pekerjaan\detail_to.php on line 39.
 1 APPPATH\Views\pekerjaan\detail_to.php(39): strtotime(null)
 2 SYSTEMPATH\View\View.php(228): include('C:\\xampp\\htdocs\\Destask\\app\\Views\\pekerjaan\\detail_to.php')
 3 SYSTEMPATH\View\View.php(231): CodeIgniter\View\View->CodeIgniter\View\{closure}()
 4 SYSTEMPATH\Common.php(1178): CodeIgniter\View\View->render('pekerjaan/detail_to', [], true)
 5 APPPATH\Controllers\Pekerjaan.php(135): view('pekerjaan/detail_to', [...])
 6 SYSTEMPATH\CodeIgniter.php(941): App\Controllers\Pekerjaan->detail_task_overdue('5')
 7 SYSTEMPATH\CodeIgniter.php(502): CodeIgniter\CodeIgniter->runController(Object(App\Controllers\Pekerjaan))
 8 SYSTEMPATH\CodeIgniter.php(361): CodeIgniter\CodeIgniter->handleRequest(null, Object(Config\Cache), false)
 9 FCPATH\index.php(80): CodeIgniter\CodeIgniter->run()
10 SYSTEMPATH\Commands\Server\rewrite.php(47): require_once('C:\\xampp\\htdocs\\Destask\\public\\index.php')
WARNING - 2025-07-27 17:36:22 --> [DEPRECATED] strtotime(): Passing null to parameter #1 ($datetime) of type string is deprecated in APPPATH\Views\pekerjaan\detail_to.php on line 39.
 1 APPPATH\Views\pekerjaan\detail_to.php(39): strtotime(null)
 2 SYSTEMPATH\View\View.php(228): include('C:\\xampp\\htdocs\\Destask\\app\\Views\\pekerjaan\\detail_to.php')
 3 SYSTEMPATH\View\View.php(231): CodeIgniter\View\View->CodeIgniter\View\{closure}()
 4 SYSTEMPATH\Common.php(1178): CodeIgniter\View\View->render('pekerjaan/detail_to', [], true)
 5 APPPATH\Controllers\Pekerjaan.php(135): view('pekerjaan/detail_to', [...])
 6 SYSTEMPATH\CodeIgniter.php(941): App\Controllers\Pekerjaan->detail_task_overdue('5')
 7 SYSTEMPATH\CodeIgniter.php(502): CodeIgniter\CodeIgniter->runController(Object(App\Controllers\Pekerjaan))
 8 SYSTEMPATH\CodeIgniter.php(361): CodeIgniter\CodeIgniter->handleRequest(null, Object(Config\Cache), false)
 9 FCPATH\index.php(80): CodeIgniter\CodeIgniter->run()
10 SYSTEMPATH\Commands\Server\rewrite.php(47): require_once('C:\\xampp\\htdocs\\Destask\\public\\index.php')
WARNING - 2025-07-27 17:36:22 --> [DEPRECATED] strtotime(): Passing null to parameter #1 ($datetime) of type string is deprecated in APPPATH\Views\pekerjaan\detail_to.php on line 39.
 1 APPPATH\Views\pekerjaan\detail_to.php(39): strtotime(null)
 2 SYSTEMPATH\View\View.php(228): include('C:\\xampp\\htdocs\\Destask\\app\\Views\\pekerjaan\\detail_to.php')
 3 SYSTEMPATH\View\View.php(231): CodeIgniter\View\View->CodeIgniter\View\{closure}()
 4 SYSTEMPATH\Common.php(1178): CodeIgniter\View\View->render('pekerjaan/detail_to', [], true)
 5 APPPATH\Controllers\Pekerjaan.php(135): view('pekerjaan/detail_to', [...])
 6 SYSTEMPATH\CodeIgniter.php(941): App\Controllers\Pekerjaan->detail_task_overdue('5')
 7 SYSTEMPATH\CodeIgniter.php(502): CodeIgniter\CodeIgniter->runController(Object(App\Controllers\Pekerjaan))
 8 SYSTEMPATH\CodeIgniter.php(361): CodeIgniter\CodeIgniter->handleRequest(null, Object(Config\Cache), false)
 9 FCPATH\index.php(80): CodeIgniter\CodeIgniter->run()
10 SYSTEMPATH\Commands\Server\rewrite.php(47): require_once('C:\\xampp\\htdocs\\Destask\\public\\index.php')
WARNING - 2025-07-27 17:36:22 --> [DEPRECATED] strtotime(): Passing null to parameter #1 ($datetime) of type string is deprecated in APPPATH\Views\pekerjaan\detail_to.php on line 39.
 1 APPPATH\Views\pekerjaan\detail_to.php(39): strtotime(null)
 2 SYSTEMPATH\View\View.php(228): include('C:\\xampp\\htdocs\\Destask\\app\\Views\\pekerjaan\\detail_to.php')
 3 SYSTEMPATH\View\View.php(231): CodeIgniter\View\View->CodeIgniter\View\{closure}()
 4 SYSTEMPATH\Common.php(1178): CodeIgniter\View\View->render('pekerjaan/detail_to', [], true)
 5 APPPATH\Controllers\Pekerjaan.php(135): view('pekerjaan/detail_to', [...])
 6 SYSTEMPATH\CodeIgniter.php(941): App\Controllers\Pekerjaan->detail_task_overdue('5')
 7 SYSTEMPATH\CodeIgniter.php(502): CodeIgniter\CodeIgniter->runController(Object(App\Controllers\Pekerjaan))
 8 SYSTEMPATH\CodeIgniter.php(361): CodeIgniter\CodeIgniter->handleRequest(null, Object(Config\Cache), false)
 9 FCPATH\index.php(80): CodeIgniter\CodeIgniter->run()
10 SYSTEMPATH\Commands\Server\rewrite.php(47): require_once('C:\\xampp\\htdocs\\Destask\\public\\index.php')
WARNING - 2025-07-27 17:36:22 --> [DEPRECATED] strtotime(): Passing null to parameter #1 ($datetime) of type string is deprecated in APPPATH\Views\pekerjaan\detail_to.php on line 39.
 1 APPPATH\Views\pekerjaan\detail_to.php(39): strtotime(null)
 2 SYSTEMPATH\View\View.php(228): include('C:\\xampp\\htdocs\\Destask\\app\\Views\\pekerjaan\\detail_to.php')
 3 SYSTEMPATH\View\View.php(231): CodeIgniter\View\View->CodeIgniter\View\{closure}()
 4 SYSTEMPATH\Common.php(1178): CodeIgniter\View\View->render('pekerjaan/detail_to', [], true)
 5 APPPATH\Controllers\Pekerjaan.php(135): view('pekerjaan/detail_to', [...])
 6 SYSTEMPATH\CodeIgniter.php(941): App\Controllers\Pekerjaan->detail_task_overdue('5')
 7 SYSTEMPATH\CodeIgniter.php(502): CodeIgniter\CodeIgniter->runController(Object(App\Controllers\Pekerjaan))
 8 SYSTEMPATH\CodeIgniter.php(361): CodeIgniter\CodeIgniter->handleRequest(null, Object(Config\Cache), false)
 9 FCPATH\index.php(80): CodeIgniter\CodeIgniter->run()
10 SYSTEMPATH\Commands\Server\rewrite.php(47): require_once('C:\\xampp\\htdocs\\Destask\\public\\index.php')
WARNING - 2025-07-27 17:36:22 --> [DEPRECATED] strtotime(): Passing null to parameter #1 ($datetime) of type string is deprecated in APPPATH\Views\pekerjaan\detail_to.php on line 39.
 1 APPPATH\Views\pekerjaan\detail_to.php(39): strtotime(null)
 2 SYSTEMPATH\View\View.php(228): include('C:\\xampp\\htdocs\\Destask\\app\\Views\\pekerjaan\\detail_to.php')
 3 SYSTEMPATH\View\View.php(231): CodeIgniter\View\View->CodeIgniter\View\{closure}()
 4 SYSTEMPATH\Common.php(1178): CodeIgniter\View\View->render('pekerjaan/detail_to', [], true)
 5 APPPATH\Controllers\Pekerjaan.php(135): view('pekerjaan/detail_to', [...])
 6 SYSTEMPATH\CodeIgniter.php(941): App\Controllers\Pekerjaan->detail_task_overdue('5')
 7 SYSTEMPATH\CodeIgniter.php(502): CodeIgniter\CodeIgniter->runController(Object(App\Controllers\Pekerjaan))
 8 SYSTEMPATH\CodeIgniter.php(361): CodeIgniter\CodeIgniter->handleRequest(null, Object(Config\Cache), false)
 9 FCPATH\index.php(80): CodeIgniter\CodeIgniter->run()
10 SYSTEMPATH\Commands\Server\rewrite.php(47): require_once('C:\\xampp\\htdocs\\Destask\\public\\index.php')
WARNING - 2025-07-27 17:36:22 --> [DEPRECATED] strtotime(): Passing null to parameter #1 ($datetime) of type string is deprecated in APPPATH\Views\pekerjaan\detail_to.php on line 39.
 1 APPPATH\Views\pekerjaan\detail_to.php(39): strtotime(null)
 2 SYSTEMPATH\View\View.php(228): include('C:\\xampp\\htdocs\\Destask\\app\\Views\\pekerjaan\\detail_to.php')
 3 SYSTEMPATH\View\View.php(231): CodeIgniter\View\View->CodeIgniter\View\{closure}()
 4 SYSTEMPATH\Common.php(1178): CodeIgniter\View\View->render('pekerjaan/detail_to', [], true)
 5 APPPATH\Controllers\Pekerjaan.php(135): view('pekerjaan/detail_to', [...])
 6 SYSTEMPATH\CodeIgniter.php(941): App\Controllers\Pekerjaan->detail_task_overdue('5')
 7 SYSTEMPATH\CodeIgniter.php(502): CodeIgniter\CodeIgniter->runController(Object(App\Controllers\Pekerjaan))
 8 SYSTEMPATH\CodeIgniter.php(361): CodeIgniter\CodeIgniter->handleRequest(null, Object(Config\Cache), false)
 9 FCPATH\index.php(80): CodeIgniter\CodeIgniter->run()
10 SYSTEMPATH\Commands\Server\rewrite.php(47): require_once('C:\\xampp\\htdocs\\Destask\\public\\index.php')
WARNING - 2025-07-27 17:36:22 --> [DEPRECATED] strtotime(): Passing null to parameter #1 ($datetime) of type string is deprecated in APPPATH\Views\pekerjaan\detail_to.php on line 39.
 1 APPPATH\Views\pekerjaan\detail_to.php(39): strtotime(null)
 2 SYSTEMPATH\View\View.php(228): include('C:\\xampp\\htdocs\\Destask\\app\\Views\\pekerjaan\\detail_to.php')
 3 SYSTEMPATH\View\View.php(231): CodeIgniter\View\View->CodeIgniter\View\{closure}()
 4 SYSTEMPATH\Common.php(1178): CodeIgniter\View\View->render('pekerjaan/detail_to', [], true)
 5 APPPATH\Controllers\Pekerjaan.php(135): view('pekerjaan/detail_to', [...])
 6 SYSTEMPATH\CodeIgniter.php(941): App\Controllers\Pekerjaan->detail_task_overdue('5')
 7 SYSTEMPATH\CodeIgniter.php(502): CodeIgniter\CodeIgniter->runController(Object(App\Controllers\Pekerjaan))
 8 SYSTEMPATH\CodeIgniter.php(361): CodeIgniter\CodeIgniter->handleRequest(null, Object(Config\Cache), false)
 9 FCPATH\index.php(80): CodeIgniter\CodeIgniter->run()
10 SYSTEMPATH\Commands\Server\rewrite.php(47): require_once('C:\\xampp\\htdocs\\Destask\\public\\index.php')
WARNING - 2025-07-27 17:36:22 --> [DEPRECATED] strtotime(): Passing null to parameter #1 ($datetime) of type string is deprecated in APPPATH\Views\pekerjaan\detail_to.php on line 39.
 1 APPPATH\Views\pekerjaan\detail_to.php(39): strtotime(null)
 2 SYSTEMPATH\View\View.php(228): include('C:\\xampp\\htdocs\\Destask\\app\\Views\\pekerjaan\\detail_to.php')
 3 SYSTEMPATH\View\View.php(231): CodeIgniter\View\View->CodeIgniter\View\{closure}()
 4 SYSTEMPATH\Common.php(1178): CodeIgniter\View\View->render('pekerjaan/detail_to', [], true)
 5 APPPATH\Controllers\Pekerjaan.php(135): view('pekerjaan/detail_to', [...])
 6 SYSTEMPATH\CodeIgniter.php(941): App\Controllers\Pekerjaan->detail_task_overdue('5')
 7 SYSTEMPATH\CodeIgniter.php(502): CodeIgniter\CodeIgniter->runController(Object(App\Controllers\Pekerjaan))
 8 SYSTEMPATH\CodeIgniter.php(361): CodeIgniter\CodeIgniter->handleRequest(null, Object(Config\Cache), false)
 9 FCPATH\index.php(80): CodeIgniter\CodeIgniter->run()
10 SYSTEMPATH\Commands\Server\rewrite.php(47): require_once('C:\\xampp\\htdocs\\Destask\\public\\index.php')
WARNING - 2025-07-27 17:36:22 --> [DEPRECATED] strtotime(): Passing null to parameter #1 ($datetime) of type string is deprecated in APPPATH\Views\pekerjaan\detail_to.php on line 39.
 1 APPPATH\Views\pekerjaan\detail_to.php(39): strtotime(null)
 2 SYSTEMPATH\View\View.php(228): include('C:\\xampp\\htdocs\\Destask\\app\\Views\\pekerjaan\\detail_to.php')
 3 SYSTEMPATH\View\View.php(231): CodeIgniter\View\View->CodeIgniter\View\{closure}()
 4 SYSTEMPATH\Common.php(1178): CodeIgniter\View\View->render('pekerjaan/detail_to', [], true)
 5 APPPATH\Controllers\Pekerjaan.php(135): view('pekerjaan/detail_to', [...])
 6 SYSTEMPATH\CodeIgniter.php(941): App\Controllers\Pekerjaan->detail_task_overdue('5')
 7 SYSTEMPATH\CodeIgniter.php(502): CodeIgniter\CodeIgniter->runController(Object(App\Controllers\Pekerjaan))
 8 SYSTEMPATH\CodeIgniter.php(361): CodeIgniter\CodeIgniter->handleRequest(null, Object(Config\Cache), false)
 9 FCPATH\index.php(80): CodeIgniter\CodeIgniter->run()
10 SYSTEMPATH\Commands\Server\rewrite.php(47): require_once('C:\\xampp\\htdocs\\Destask\\public\\index.php')
WARNING - 2025-07-27 17:36:22 --> [DEPRECATED] strtotime(): Passing null to parameter #1 ($datetime) of type string is deprecated in APPPATH\Views\pekerjaan\detail_to.php on line 39.
 1 APPPATH\Views\pekerjaan\detail_to.php(39): strtotime(null)
 2 SYSTEMPATH\View\View.php(228): include('C:\\xampp\\htdocs\\Destask\\app\\Views\\pekerjaan\\detail_to.php')
 3 SYSTEMPATH\View\View.php(231): CodeIgniter\View\View->CodeIgniter\View\{closure}()
 4 SYSTEMPATH\Common.php(1178): CodeIgniter\View\View->render('pekerjaan/detail_to', [], true)
 5 APPPATH\Controllers\Pekerjaan.php(135): view('pekerjaan/detail_to', [...])
 6 SYSTEMPATH\CodeIgniter.php(941): App\Controllers\Pekerjaan->detail_task_overdue('5')
 7 SYSTEMPATH\CodeIgniter.php(502): CodeIgniter\CodeIgniter->runController(Object(App\Controllers\Pekerjaan))
 8 SYSTEMPATH\CodeIgniter.php(361): CodeIgniter\CodeIgniter->handleRequest(null, Object(Config\Cache), false)
 9 FCPATH\index.php(80): CodeIgniter\CodeIgniter->run()
10 SYSTEMPATH\Commands\Server\rewrite.php(47): require_once('C:\\xampp\\htdocs\\Destask\\public\\index.php')
WARNING - 2025-07-27 17:36:22 --> [DEPRECATED] strtotime(): Passing null to parameter #1 ($datetime) of type string is deprecated in APPPATH\Views\pekerjaan\detail_to.php on line 39.
 1 APPPATH\Views\pekerjaan\detail_to.php(39): strtotime(null)
 2 SYSTEMPATH\View\View.php(228): include('C:\\xampp\\htdocs\\Destask\\app\\Views\\pekerjaan\\detail_to.php')
 3 SYSTEMPATH\View\View.php(231): CodeIgniter\View\View->CodeIgniter\View\{closure}()
 4 SYSTEMPATH\Common.php(1178): CodeIgniter\View\View->render('pekerjaan/detail_to', [], true)
 5 APPPATH\Controllers\Pekerjaan.php(135): view('pekerjaan/detail_to', [...])
 6 SYSTEMPATH\CodeIgniter.php(941): App\Controllers\Pekerjaan->detail_task_overdue('5')
 7 SYSTEMPATH\CodeIgniter.php(502): CodeIgniter\CodeIgniter->runController(Object(App\Controllers\Pekerjaan))
 8 SYSTEMPATH\CodeIgniter.php(361): CodeIgniter\CodeIgniter->handleRequest(null, Object(Config\Cache), false)
 9 FCPATH\index.php(80): CodeIgniter\CodeIgniter->run()
10 SYSTEMPATH\Commands\Server\rewrite.php(47): require_once('C:\\xampp\\htdocs\\Destask\\public\\index.php')
WARNING - 2025-07-27 17:36:22 --> [DEPRECATED] strtotime(): Passing null to parameter #1 ($datetime) of type string is deprecated in APPPATH\Views\pekerjaan\detail_to.php on line 39.
 1 APPPATH\Views\pekerjaan\detail_to.php(39): strtotime(null)
 2 SYSTEMPATH\View\View.php(228): include('C:\\xampp\\htdocs\\Destask\\app\\Views\\pekerjaan\\detail_to.php')
 3 SYSTEMPATH\View\View.php(231): CodeIgniter\View\View->CodeIgniter\View\{closure}()
 4 SYSTEMPATH\Common.php(1178): CodeIgniter\View\View->render('pekerjaan/detail_to', [], true)
 5 APPPATH\Controllers\Pekerjaan.php(135): view('pekerjaan/detail_to', [...])
 6 SYSTEMPATH\CodeIgniter.php(941): App\Controllers\Pekerjaan->detail_task_overdue('5')
 7 SYSTEMPATH\CodeIgniter.php(502): CodeIgniter\CodeIgniter->runController(Object(App\Controllers\Pekerjaan))
 8 SYSTEMPATH\CodeIgniter.php(361): CodeIgniter\CodeIgniter->handleRequest(null, Object(Config\Cache), false)
 9 FCPATH\index.php(80): CodeIgniter\CodeIgniter->run()
10 SYSTEMPATH\Commands\Server\rewrite.php(47): require_once('C:\\xampp\\htdocs\\Destask\\public\\index.php')
WARNING - 2025-07-27 17:36:22 --> [DEPRECATED] strtotime(): Passing null to parameter #1 ($datetime) of type string is deprecated in APPPATH\Views\pekerjaan\detail_to.php on line 39.
 1 APPPATH\Views\pekerjaan\detail_to.php(39): strtotime(null)
 2 SYSTEMPATH\View\View.php(228): include('C:\\xampp\\htdocs\\Destask\\app\\Views\\pekerjaan\\detail_to.php')
 3 SYSTEMPATH\View\View.php(231): CodeIgniter\View\View->CodeIgniter\View\{closure}()
 4 SYSTEMPATH\Common.php(1178): CodeIgniter\View\View->render('pekerjaan/detail_to', [], true)
 5 APPPATH\Controllers\Pekerjaan.php(135): view('pekerjaan/detail_to', [...])
 6 SYSTEMPATH\CodeIgniter.php(941): App\Controllers\Pekerjaan->detail_task_overdue('5')
 7 SYSTEMPATH\CodeIgniter.php(502): CodeIgniter\CodeIgniter->runController(Object(App\Controllers\Pekerjaan))
 8 SYSTEMPATH\CodeIgniter.php(361): CodeIgniter\CodeIgniter->handleRequest(null, Object(Config\Cache), false)
 9 FCPATH\index.php(80): CodeIgniter\CodeIgniter->run()
10 SYSTEMPATH\Commands\Server\rewrite.php(47): require_once('C:\\xampp\\htdocs\\Destask\\public\\index.php')
WARNING - 2025-07-27 17:36:22 --> [DEPRECATED] strtotime(): Passing null to parameter #1 ($datetime) of type string is deprecated in APPPATH\Views\pekerjaan\detail_to.php on line 39.
 1 APPPATH\Views\pekerjaan\detail_to.php(39): strtotime(null)
 2 SYSTEMPATH\View\View.php(228): include('C:\\xampp\\htdocs\\Destask\\app\\Views\\pekerjaan\\detail_to.php')
 3 SYSTEMPATH\View\View.php(231): CodeIgniter\View\View->CodeIgniter\View\{closure}()
 4 SYSTEMPATH\Common.php(1178): CodeIgniter\View\View->render('pekerjaan/detail_to', [], true)
 5 APPPATH\Controllers\Pekerjaan.php(135): view('pekerjaan/detail_to', [...])
 6 SYSTEMPATH\CodeIgniter.php(941): App\Controllers\Pekerjaan->detail_task_overdue('5')
 7 SYSTEMPATH\CodeIgniter.php(502): CodeIgniter\CodeIgniter->runController(Object(App\Controllers\Pekerjaan))
 8 SYSTEMPATH\CodeIgniter.php(361): CodeIgniter\CodeIgniter->handleRequest(null, Object(Config\Cache), false)
 9 FCPATH\index.php(80): CodeIgniter\CodeIgniter->run()
10 SYSTEMPATH\Commands\Server\rewrite.php(47): require_once('C:\\xampp\\htdocs\\Destask\\public\\index.php')
WARNING - 2025-07-27 17:36:22 --> [DEPRECATED] strtotime(): Passing null to parameter #1 ($datetime) of type string is deprecated in APPPATH\Views\pekerjaan\detail_to.php on line 39.
 1 APPPATH\Views\pekerjaan\detail_to.php(39): strtotime(null)
 2 SYSTEMPATH\View\View.php(228): include('C:\\xampp\\htdocs\\Destask\\app\\Views\\pekerjaan\\detail_to.php')
 3 SYSTEMPATH\View\View.php(231): CodeIgniter\View\View->CodeIgniter\View\{closure}()
 4 SYSTEMPATH\Common.php(1178): CodeIgniter\View\View->render('pekerjaan/detail_to', [], true)
 5 APPPATH\Controllers\Pekerjaan.php(135): view('pekerjaan/detail_to', [...])
 6 SYSTEMPATH\CodeIgniter.php(941): App\Controllers\Pekerjaan->detail_task_overdue('5')
 7 SYSTEMPATH\CodeIgniter.php(502): CodeIgniter\CodeIgniter->runController(Object(App\Controllers\Pekerjaan))
 8 SYSTEMPATH\CodeIgniter.php(361): CodeIgniter\CodeIgniter->handleRequest(null, Object(Config\Cache), false)
 9 FCPATH\index.php(80): CodeIgniter\CodeIgniter->run()
10 SYSTEMPATH\Commands\Server\rewrite.php(47): require_once('C:\\xampp\\htdocs\\Destask\\public\\index.php')
WARNING - 2025-07-27 17:36:22 --> [DEPRECATED] strtotime(): Passing null to parameter #1 ($datetime) of type string is deprecated in APPPATH\Views\pekerjaan\detail_to.php on line 39.
 1 APPPATH\Views\pekerjaan\detail_to.php(39): strtotime(null)
 2 SYSTEMPATH\View\View.php(228): include('C:\\xampp\\htdocs\\Destask\\app\\Views\\pekerjaan\\detail_to.php')
 3 SYSTEMPATH\View\View.php(231): CodeIgniter\View\View->CodeIgniter\View\{closure}()
 4 SYSTEMPATH\Common.php(1178): CodeIgniter\View\View->render('pekerjaan/detail_to', [], true)
 5 APPPATH\Controllers\Pekerjaan.php(135): view('pekerjaan/detail_to', [...])
 6 SYSTEMPATH\CodeIgniter.php(941): App\Controllers\Pekerjaan->detail_task_overdue('5')
 7 SYSTEMPATH\CodeIgniter.php(502): CodeIgniter\CodeIgniter->runController(Object(App\Controllers\Pekerjaan))
 8 SYSTEMPATH\CodeIgniter.php(361): CodeIgniter\CodeIgniter->handleRequest(null, Object(Config\Cache), false)
 9 FCPATH\index.php(80): CodeIgniter\CodeIgniter->run()
10 SYSTEMPATH\Commands\Server\rewrite.php(47): require_once('C:\\xampp\\htdocs\\Destask\\public\\index.php')
WARNING - 2025-07-27 17:36:22 --> [DEPRECATED] strtotime(): Passing null to parameter #1 ($datetime) of type string is deprecated in APPPATH\Views\pekerjaan\detail_to.php on line 39.
 1 APPPATH\Views\pekerjaan\detail_to.php(39): strtotime(null)
 2 SYSTEMPATH\View\View.php(228): include('C:\\xampp\\htdocs\\Destask\\app\\Views\\pekerjaan\\detail_to.php')
 3 SYSTEMPATH\View\View.php(231): CodeIgniter\View\View->CodeIgniter\View\{closure}()
 4 SYSTEMPATH\Common.php(1178): CodeIgniter\View\View->render('pekerjaan/detail_to', [], true)
 5 APPPATH\Controllers\Pekerjaan.php(135): view('pekerjaan/detail_to', [...])
 6 SYSTEMPATH\CodeIgniter.php(941): App\Controllers\Pekerjaan->detail_task_overdue('5')
 7 SYSTEMPATH\CodeIgniter.php(502): CodeIgniter\CodeIgniter->runController(Object(App\Controllers\Pekerjaan))
 8 SYSTEMPATH\CodeIgniter.php(361): CodeIgniter\CodeIgniter->handleRequest(null, Object(Config\Cache), false)
 9 FCPATH\index.php(80): CodeIgniter\CodeIgniter->run()
10 SYSTEMPATH\Commands\Server\rewrite.php(47): require_once('C:\\xampp\\htdocs\\Destask\\public\\index.php')
WARNING - 2025-07-27 17:36:22 --> [DEPRECATED] strtotime(): Passing null to parameter #1 ($datetime) of type string is deprecated in APPPATH\Views\pekerjaan\detail_to.php on line 39.
 1 APPPATH\Views\pekerjaan\detail_to.php(39): strtotime(null)
 2 SYSTEMPATH\View\View.php(228): include('C:\\xampp\\htdocs\\Destask\\app\\Views\\pekerjaan\\detail_to.php')
 3 SYSTEMPATH\View\View.php(231): CodeIgniter\View\View->CodeIgniter\View\{closure}()
 4 SYSTEMPATH\Common.php(1178): CodeIgniter\View\View->render('pekerjaan/detail_to', [], true)
 5 APPPATH\Controllers\Pekerjaan.php(135): view('pekerjaan/detail_to', [...])
 6 SYSTEMPATH\CodeIgniter.php(941): App\Controllers\Pekerjaan->detail_task_overdue('5')
 7 SYSTEMPATH\CodeIgniter.php(502): CodeIgniter\CodeIgniter->runController(Object(App\Controllers\Pekerjaan))
 8 SYSTEMPATH\CodeIgniter.php(361): CodeIgniter\CodeIgniter->handleRequest(null, Object(Config\Cache), false)
 9 FCPATH\index.php(80): CodeIgniter\CodeIgniter->run()
10 SYSTEMPATH\Commands\Server\rewrite.php(47): require_once('C:\\xampp\\htdocs\\Destask\\public\\index.php')
WARNING - 2025-07-27 17:36:22 --> [DEPRECATED] strtotime(): Passing null to parameter #1 ($datetime) of type string is deprecated in APPPATH\Views\pekerjaan\detail_to.php on line 39.
 1 APPPATH\Views\pekerjaan\detail_to.php(39): strtotime(null)
 2 SYSTEMPATH\View\View.php(228): include('C:\\xampp\\htdocs\\Destask\\app\\Views\\pekerjaan\\detail_to.php')
 3 SYSTEMPATH\View\View.php(231): CodeIgniter\View\View->CodeIgniter\View\{closure}()
 4 SYSTEMPATH\Common.php(1178): CodeIgniter\View\View->render('pekerjaan/detail_to', [], true)
 5 APPPATH\Controllers\Pekerjaan.php(135): view('pekerjaan/detail_to', [...])
 6 SYSTEMPATH\CodeIgniter.php(941): App\Controllers\Pekerjaan->detail_task_overdue('5')
 7 SYSTEMPATH\CodeIgniter.php(502): CodeIgniter\CodeIgniter->runController(Object(App\Controllers\Pekerjaan))
 8 SYSTEMPATH\CodeIgniter.php(361): CodeIgniter\CodeIgniter->handleRequest(null, Object(Config\Cache), false)
 9 FCPATH\index.php(80): CodeIgniter\CodeIgniter->run()
10 SYSTEMPATH\Commands\Server\rewrite.php(47): require_once('C:\\xampp\\htdocs\\Destask\\public\\index.php')
WARNING - 2025-07-27 17:36:22 --> [DEPRECATED] strtotime(): Passing null to parameter #1 ($datetime) of type string is deprecated in APPPATH\Views\pekerjaan\detail_to.php on line 39.
 1 APPPATH\Views\pekerjaan\detail_to.php(39): strtotime(null)
 2 SYSTEMPATH\View\View.php(228): include('C:\\xampp\\htdocs\\Destask\\app\\Views\\pekerjaan\\detail_to.php')
 3 SYSTEMPATH\View\View.php(231): CodeIgniter\View\View->CodeIgniter\View\{closure}()
 4 SYSTEMPATH\Common.php(1178): CodeIgniter\View\View->render('pekerjaan/detail_to', [], true)
 5 APPPATH\Controllers\Pekerjaan.php(135): view('pekerjaan/detail_to', [...])
 6 SYSTEMPATH\CodeIgniter.php(941): App\Controllers\Pekerjaan->detail_task_overdue('5')
 7 SYSTEMPATH\CodeIgniter.php(502): CodeIgniter\CodeIgniter->runController(Object(App\Controllers\Pekerjaan))
 8 SYSTEMPATH\CodeIgniter.php(361): CodeIgniter\CodeIgniter->handleRequest(null, Object(Config\Cache), false)
 9 FCPATH\index.php(80): CodeIgniter\CodeIgniter->run()
10 SYSTEMPATH\Commands\Server\rewrite.php(47): require_once('C:\\xampp\\htdocs\\Destask\\public\\index.php')
WARNING - 2025-07-27 17:36:22 --> [DEPRECATED] strtotime(): Passing null to parameter #1 ($datetime) of type string is deprecated in APPPATH\Views\pekerjaan\detail_to.php on line 39.
 1 APPPATH\Views\pekerjaan\detail_to.php(39): strtotime(null)
 2 SYSTEMPATH\View\View.php(228): include('C:\\xampp\\htdocs\\Destask\\app\\Views\\pekerjaan\\detail_to.php')
 3 SYSTEMPATH\View\View.php(231): CodeIgniter\View\View->CodeIgniter\View\{closure}()
 4 SYSTEMPATH\Common.php(1178): CodeIgniter\View\View->render('pekerjaan/detail_to', [], true)
 5 APPPATH\Controllers\Pekerjaan.php(135): view('pekerjaan/detail_to', [...])
 6 SYSTEMPATH\CodeIgniter.php(941): App\Controllers\Pekerjaan->detail_task_overdue('5')
 7 SYSTEMPATH\CodeIgniter.php(502): CodeIgniter\CodeIgniter->runController(Object(App\Controllers\Pekerjaan))
 8 SYSTEMPATH\CodeIgniter.php(361): CodeIgniter\CodeIgniter->handleRequest(null, Object(Config\Cache), false)
 9 FCPATH\index.php(80): CodeIgniter\CodeIgniter->run()
10 SYSTEMPATH\Commands\Server\rewrite.php(47): require_once('C:\\xampp\\htdocs\\Destask\\public\\index.php')
WARNING - 2025-07-27 17:36:22 --> [DEPRECATED] strtotime(): Passing null to parameter #1 ($datetime) of type string is deprecated in APPPATH\Views\pekerjaan\detail_to.php on line 39.
 1 APPPATH\Views\pekerjaan\detail_to.php(39): strtotime(null)
 2 SYSTEMPATH\View\View.php(228): include('C:\\xampp\\htdocs\\Destask\\app\\Views\\pekerjaan\\detail_to.php')
 3 SYSTEMPATH\View\View.php(231): CodeIgniter\View\View->CodeIgniter\View\{closure}()
 4 SYSTEMPATH\Common.php(1178): CodeIgniter\View\View->render('pekerjaan/detail_to', [], true)
 5 APPPATH\Controllers\Pekerjaan.php(135): view('pekerjaan/detail_to', [...])
 6 SYSTEMPATH\CodeIgniter.php(941): App\Controllers\Pekerjaan->detail_task_overdue('5')
 7 SYSTEMPATH\CodeIgniter.php(502): CodeIgniter\CodeIgniter->runController(Object(App\Controllers\Pekerjaan))
 8 SYSTEMPATH\CodeIgniter.php(361): CodeIgniter\CodeIgniter->handleRequest(null, Object(Config\Cache), false)
 9 FCPATH\index.php(80): CodeIgniter\CodeIgniter->run()
10 SYSTEMPATH\Commands\Server\rewrite.php(47): require_once('C:\\xampp\\htdocs\\Destask\\public\\index.php')
WARNING - 2025-07-27 17:36:22 --> [DEPRECATED] strtotime(): Passing null to parameter #1 ($datetime) of type string is deprecated in APPPATH\Views\pekerjaan\detail_to.php on line 39.
 1 APPPATH\Views\pekerjaan\detail_to.php(39): strtotime(null)
 2 SYSTEMPATH\View\View.php(228): include('C:\\xampp\\htdocs\\Destask\\app\\Views\\pekerjaan\\detail_to.php')
 3 SYSTEMPATH\View\View.php(231): CodeIgniter\View\View->CodeIgniter\View\{closure}()
 4 SYSTEMPATH\Common.php(1178): CodeIgniter\View\View->render('pekerjaan/detail_to', [], true)
 5 APPPATH\Controllers\Pekerjaan.php(135): view('pekerjaan/detail_to', [...])
 6 SYSTEMPATH\CodeIgniter.php(941): App\Controllers\Pekerjaan->detail_task_overdue('5')
 7 SYSTEMPATH\CodeIgniter.php(502): CodeIgniter\CodeIgniter->runController(Object(App\Controllers\Pekerjaan))
 8 SYSTEMPATH\CodeIgniter.php(361): CodeIgniter\CodeIgniter->handleRequest(null, Object(Config\Cache), false)
 9 FCPATH\index.php(80): CodeIgniter\CodeIgniter->run()
10 SYSTEMPATH\Commands\Server\rewrite.php(47): require_once('C:\\xampp\\htdocs\\Destask\\public\\index.php')
WARNING - 2025-07-27 17:36:22 --> [DEPRECATED] strtotime(): Passing null to parameter #1 ($datetime) of type string is deprecated in APPPATH\Views\pekerjaan\detail_to.php on line 39.
 1 APPPATH\Views\pekerjaan\detail_to.php(39): strtotime(null)
 2 SYSTEMPATH\View\View.php(228): include('C:\\xampp\\htdocs\\Destask\\app\\Views\\pekerjaan\\detail_to.php')
 3 SYSTEMPATH\View\View.php(231): CodeIgniter\View\View->CodeIgniter\View\{closure}()
 4 SYSTEMPATH\Common.php(1178): CodeIgniter\View\View->render('pekerjaan/detail_to', [], true)
 5 APPPATH\Controllers\Pekerjaan.php(135): view('pekerjaan/detail_to', [...])
 6 SYSTEMPATH\CodeIgniter.php(941): App\Controllers\Pekerjaan->detail_task_overdue('5')
 7 SYSTEMPATH\CodeIgniter.php(502): CodeIgniter\CodeIgniter->runController(Object(App\Controllers\Pekerjaan))
 8 SYSTEMPATH\CodeIgniter.php(361): CodeIgniter\CodeIgniter->handleRequest(null, Object(Config\Cache), false)
 9 FCPATH\index.php(80): CodeIgniter\CodeIgniter->run()
10 SYSTEMPATH\Commands\Server\rewrite.php(47): require_once('C:\\xampp\\htdocs\\Destask\\public\\index.php')
WARNING - 2025-07-27 17:36:22 --> [DEPRECATED] strtotime(): Passing null to parameter #1 ($datetime) of type string is deprecated in APPPATH\Views\pekerjaan\detail_to.php on line 39.
 1 APPPATH\Views\pekerjaan\detail_to.php(39): strtotime(null)
 2 SYSTEMPATH\View\View.php(228): include('C:\\xampp\\htdocs\\Destask\\app\\Views\\pekerjaan\\detail_to.php')
 3 SYSTEMPATH\View\View.php(231): CodeIgniter\View\View->CodeIgniter\View\{closure}()
 4 SYSTEMPATH\Common.php(1178): CodeIgniter\View\View->render('pekerjaan/detail_to', [], true)
 5 APPPATH\Controllers\Pekerjaan.php(135): view('pekerjaan/detail_to', [...])
 6 SYSTEMPATH\CodeIgniter.php(941): App\Controllers\Pekerjaan->detail_task_overdue('5')
 7 SYSTEMPATH\CodeIgniter.php(502): CodeIgniter\CodeIgniter->runController(Object(App\Controllers\Pekerjaan))
 8 SYSTEMPATH\CodeIgniter.php(361): CodeIgniter\CodeIgniter->handleRequest(null, Object(Config\Cache), false)
 9 FCPATH\index.php(80): CodeIgniter\CodeIgniter->run()
10 SYSTEMPATH\Commands\Server\rewrite.php(47): require_once('C:\\xampp\\htdocs\\Destask\\public\\index.php')
WARNING - 2025-07-27 17:36:22 --> [DEPRECATED] strtotime(): Passing null to parameter #1 ($datetime) of type string is deprecated in APPPATH\Views\pekerjaan\detail_to.php on line 39.
 1 APPPATH\Views\pekerjaan\detail_to.php(39): strtotime(null)
 2 SYSTEMPATH\View\View.php(228): include('C:\\xampp\\htdocs\\Destask\\app\\Views\\pekerjaan\\detail_to.php')
 3 SYSTEMPATH\View\View.php(231): CodeIgniter\View\View->CodeIgniter\View\{closure}()
 4 SYSTEMPATH\Common.php(1178): CodeIgniter\View\View->render('pekerjaan/detail_to', [], true)
 5 APPPATH\Controllers\Pekerjaan.php(135): view('pekerjaan/detail_to', [...])
 6 SYSTEMPATH\CodeIgniter.php(941): App\Controllers\Pekerjaan->detail_task_overdue('5')
 7 SYSTEMPATH\CodeIgniter.php(502): CodeIgniter\CodeIgniter->runController(Object(App\Controllers\Pekerjaan))
 8 SYSTEMPATH\CodeIgniter.php(361): CodeIgniter\CodeIgniter->handleRequest(null, Object(Config\Cache), false)
 9 FCPATH\index.php(80): CodeIgniter\CodeIgniter->run()
10 SYSTEMPATH\Commands\Server\rewrite.php(47): require_once('C:\\xampp\\htdocs\\Destask\\public\\index.php')
WARNING - 2025-07-27 17:36:22 --> [DEPRECATED] strtotime(): Passing null to parameter #1 ($datetime) of type string is deprecated in APPPATH\Views\pekerjaan\detail_to.php on line 39.
 1 APPPATH\Views\pekerjaan\detail_to.php(39): strtotime(null)
 2 SYSTEMPATH\View\View.php(228): include('C:\\xampp\\htdocs\\Destask\\app\\Views\\pekerjaan\\detail_to.php')
 3 SYSTEMPATH\View\View.php(231): CodeIgniter\View\View->CodeIgniter\View\{closure}()
 4 SYSTEMPATH\Common.php(1178): CodeIgniter\View\View->render('pekerjaan/detail_to', [], true)
 5 APPPATH\Controllers\Pekerjaan.php(135): view('pekerjaan/detail_to', [...])
 6 SYSTEMPATH\CodeIgniter.php(941): App\Controllers\Pekerjaan->detail_task_overdue('5')
 7 SYSTEMPATH\CodeIgniter.php(502): CodeIgniter\CodeIgniter->runController(Object(App\Controllers\Pekerjaan))
 8 SYSTEMPATH\CodeIgniter.php(361): CodeIgniter\CodeIgniter->handleRequest(null, Object(Config\Cache), false)
 9 FCPATH\index.php(80): CodeIgniter\CodeIgniter->run()
10 SYSTEMPATH\Commands\Server\rewrite.php(47): require_once('C:\\xampp\\htdocs\\Destask\\public\\index.php')
WARNING - 2025-07-27 17:36:22 --> [DEPRECATED] strtotime(): Passing null to parameter #1 ($datetime) of type string is deprecated in APPPATH\Views\pekerjaan\detail_to.php on line 39.
 1 APPPATH\Views\pekerjaan\detail_to.php(39): strtotime(null)
 2 SYSTEMPATH\View\View.php(228): include('C:\\xampp\\htdocs\\Destask\\app\\Views\\pekerjaan\\detail_to.php')
 3 SYSTEMPATH\View\View.php(231): CodeIgniter\View\View->CodeIgniter\View\{closure}()
 4 SYSTEMPATH\Common.php(1178): CodeIgniter\View\View->render('pekerjaan/detail_to', [], true)
 5 APPPATH\Controllers\Pekerjaan.php(135): view('pekerjaan/detail_to', [...])
 6 SYSTEMPATH\CodeIgniter.php(941): App\Controllers\Pekerjaan->detail_task_overdue('5')
 7 SYSTEMPATH\CodeIgniter.php(502): CodeIgniter\CodeIgniter->runController(Object(App\Controllers\Pekerjaan))
 8 SYSTEMPATH\CodeIgniter.php(361): CodeIgniter\CodeIgniter->handleRequest(null, Object(Config\Cache), false)
 9 FCPATH\index.php(80): CodeIgniter\CodeIgniter->run()
10 SYSTEMPATH\Commands\Server\rewrite.php(47): require_once('C:\\xampp\\htdocs\\Destask\\public\\index.php')
WARNING - 2025-07-27 17:36:22 --> [DEPRECATED] strtotime(): Passing null to parameter #1 ($datetime) of type string is deprecated in APPPATH\Views\pekerjaan\detail_to.php on line 39.
 1 APPPATH\Views\pekerjaan\detail_to.php(39): strtotime(null)
 2 SYSTEMPATH\View\View.php(228): include('C:\\xampp\\htdocs\\Destask\\app\\Views\\pekerjaan\\detail_to.php')
 3 SYSTEMPATH\View\View.php(231): CodeIgniter\View\View->CodeIgniter\View\{closure}()
 4 SYSTEMPATH\Common.php(1178): CodeIgniter\View\View->render('pekerjaan/detail_to', [], true)
 5 APPPATH\Controllers\Pekerjaan.php(135): view('pekerjaan/detail_to', [...])
 6 SYSTEMPATH\CodeIgniter.php(941): App\Controllers\Pekerjaan->detail_task_overdue('5')
 7 SYSTEMPATH\CodeIgniter.php(502): CodeIgniter\CodeIgniter->runController(Object(App\Controllers\Pekerjaan))
 8 SYSTEMPATH\CodeIgniter.php(361): CodeIgniter\CodeIgniter->handleRequest(null, Object(Config\Cache), false)
 9 FCPATH\index.php(80): CodeIgniter\CodeIgniter->run()
10 SYSTEMPATH\Commands\Server\rewrite.php(47): require_once('C:\\xampp\\htdocs\\Destask\\public\\index.php')
WARNING - 2025-07-27 17:36:22 --> [DEPRECATED] strtotime(): Passing null to parameter #1 ($datetime) of type string is deprecated in APPPATH\Views\pekerjaan\detail_to.php on line 39.
 1 APPPATH\Views\pekerjaan\detail_to.php(39): strtotime(null)
 2 SYSTEMPATH\View\View.php(228): include('C:\\xampp\\htdocs\\Destask\\app\\Views\\pekerjaan\\detail_to.php')
 3 SYSTEMPATH\View\View.php(231): CodeIgniter\View\View->CodeIgniter\View\{closure}()
 4 SYSTEMPATH\Common.php(1178): CodeIgniter\View\View->render('pekerjaan/detail_to', [], true)
 5 APPPATH\Controllers\Pekerjaan.php(135): view('pekerjaan/detail_to', [...])
 6 SYSTEMPATH\CodeIgniter.php(941): App\Controllers\Pekerjaan->detail_task_overdue('5')
 7 SYSTEMPATH\CodeIgniter.php(502): CodeIgniter\CodeIgniter->runController(Object(App\Controllers\Pekerjaan))
 8 SYSTEMPATH\CodeIgniter.php(361): CodeIgniter\CodeIgniter->handleRequest(null, Object(Config\Cache), false)
 9 FCPATH\index.php(80): CodeIgniter\CodeIgniter->run()
10 SYSTEMPATH\Commands\Server\rewrite.php(47): require_once('C:\\xampp\\htdocs\\Destask\\public\\index.php')
WARNING - 2025-07-27 17:36:22 --> [DEPRECATED] strtotime(): Passing null to parameter #1 ($datetime) of type string is deprecated in APPPATH\Views\pekerjaan\detail_to.php on line 39.
 1 APPPATH\Views\pekerjaan\detail_to.php(39): strtotime(null)
 2 SYSTEMPATH\View\View.php(228): include('C:\\xampp\\htdocs\\Destask\\app\\Views\\pekerjaan\\detail_to.php')
 3 SYSTEMPATH\View\View.php(231): CodeIgniter\View\View->CodeIgniter\View\{closure}()
 4 SYSTEMPATH\Common.php(1178): CodeIgniter\View\View->render('pekerjaan/detail_to', [], true)
 5 APPPATH\Controllers\Pekerjaan.php(135): view('pekerjaan/detail_to', [...])
 6 SYSTEMPATH\CodeIgniter.php(941): App\Controllers\Pekerjaan->detail_task_overdue('5')
 7 SYSTEMPATH\CodeIgniter.php(502): CodeIgniter\CodeIgniter->runController(Object(App\Controllers\Pekerjaan))
 8 SYSTEMPATH\CodeIgniter.php(361): CodeIgniter\CodeIgniter->handleRequest(null, Object(Config\Cache), false)
 9 FCPATH\index.php(80): CodeIgniter\CodeIgniter->run()
10 SYSTEMPATH\Commands\Server\rewrite.php(47): require_once('C:\\xampp\\htdocs\\Destask\\public\\index.php')
WARNING - 2025-07-27 17:36:22 --> [DEPRECATED] strtotime(): Passing null to parameter #1 ($datetime) of type string is deprecated in APPPATH\Views\pekerjaan\detail_to.php on line 39.
 1 APPPATH\Views\pekerjaan\detail_to.php(39): strtotime(null)
 2 SYSTEMPATH\View\View.php(228): include('C:\\xampp\\htdocs\\Destask\\app\\Views\\pekerjaan\\detail_to.php')
 3 SYSTEMPATH\View\View.php(231): CodeIgniter\View\View->CodeIgniter\View\{closure}()
 4 SYSTEMPATH\Common.php(1178): CodeIgniter\View\View->render('pekerjaan/detail_to', [], true)
 5 APPPATH\Controllers\Pekerjaan.php(135): view('pekerjaan/detail_to', [...])
 6 SYSTEMPATH\CodeIgniter.php(941): App\Controllers\Pekerjaan->detail_task_overdue('5')
 7 SYSTEMPATH\CodeIgniter.php(502): CodeIgniter\CodeIgniter->runController(Object(App\Controllers\Pekerjaan))
 8 SYSTEMPATH\CodeIgniter.php(361): CodeIgniter\CodeIgniter->handleRequest(null, Object(Config\Cache), false)
 9 FCPATH\index.php(80): CodeIgniter\CodeIgniter->run()
10 SYSTEMPATH\Commands\Server\rewrite.php(47): require_once('C:\\xampp\\htdocs\\Destask\\public\\index.php')
INFO - 2025-07-27 17:38:47 --> Session: Class initialized using 'CodeIgniter\Session\Handlers\FileHandler' driver.
WARNING - 2025-07-27 17:38:47 --> [DEPRECATED] strtotime(): Passing null to parameter #1 ($datetime) of type string is deprecated in APPPATH\Views\pekerjaan\detail_to.php on line 39.
 1 APPPATH\Views\pekerjaan\detail_to.php(39): strtotime(null)
 2 SYSTEMPATH\View\View.php(228): include('C:\\xampp\\htdocs\\Destask\\app\\Views\\pekerjaan\\detail_to.php')
 3 SYSTEMPATH\View\View.php(231): CodeIgniter\View\View->CodeIgniter\View\{closure}()
 4 SYSTEMPATH\Common.php(1178): CodeIgniter\View\View->render('pekerjaan/detail_to', [], true)
 5 APPPATH\Controllers\Pekerjaan.php(135): view('pekerjaan/detail_to', [...])
 6 SYSTEMPATH\CodeIgniter.php(941): App\Controllers\Pekerjaan->detail_task_overdue('5')
 7 SYSTEMPATH\CodeIgniter.php(502): CodeIgniter\CodeIgniter->runController(Object(App\Controllers\Pekerjaan))
 8 SYSTEMPATH\CodeIgniter.php(361): CodeIgniter\CodeIgniter->handleRequest(null, Object(Config\Cache), false)
 9 FCPATH\index.php(80): CodeIgniter\CodeIgniter->run()
10 SYSTEMPATH\Commands\Server\rewrite.php(47): require_once('C:\\xampp\\htdocs\\Destask\\public\\index.php')
WARNING - 2025-07-27 17:38:47 --> [DEPRECATED] strtotime(): Passing null to parameter #1 ($datetime) of type string is deprecated in APPPATH\Views\pekerjaan\detail_to.php on line 39.
 1 APPPATH\Views\pekerjaan\detail_to.php(39): strtotime(null)
 2 SYSTEMPATH\View\View.php(228): include('C:\\xampp\\htdocs\\Destask\\app\\Views\\pekerjaan\\detail_to.php')
 3 SYSTEMPATH\View\View.php(231): CodeIgniter\View\View->CodeIgniter\View\{closure}()
 4 SYSTEMPATH\Common.php(1178): CodeIgniter\View\View->render('pekerjaan/detail_to', [], true)
 5 APPPATH\Controllers\Pekerjaan.php(135): view('pekerjaan/detail_to', [...])
 6 SYSTEMPATH\CodeIgniter.php(941): App\Controllers\Pekerjaan->detail_task_overdue('5')
 7 SYSTEMPATH\CodeIgniter.php(502): CodeIgniter\CodeIgniter->runController(Object(App\Controllers\Pekerjaan))
 8 SYSTEMPATH\CodeIgniter.php(361): CodeIgniter\CodeIgniter->handleRequest(null, Object(Config\Cache), false)
 9 FCPATH\index.php(80): CodeIgniter\CodeIgniter->run()
10 SYSTEMPATH\Commands\Server\rewrite.php(47): require_once('C:\\xampp\\htdocs\\Destask\\public\\index.php')
WARNING - 2025-07-27 17:38:47 --> [DEPRECATED] strtotime(): Passing null to parameter #1 ($datetime) of type string is deprecated in APPPATH\Views\pekerjaan\detail_to.php on line 39.
 1 APPPATH\Views\pekerjaan\detail_to.php(39): strtotime(null)
 2 SYSTEMPATH\View\View.php(228): include('C:\\xampp\\htdocs\\Destask\\app\\Views\\pekerjaan\\detail_to.php')
 3 SYSTEMPATH\View\View.php(231): CodeIgniter\View\View->CodeIgniter\View\{closure}()
 4 SYSTEMPATH\Common.php(1178): CodeIgniter\View\View->render('pekerjaan/detail_to', [], true)
 5 APPPATH\Controllers\Pekerjaan.php(135): view('pekerjaan/detail_to', [...])
 6 SYSTEMPATH\CodeIgniter.php(941): App\Controllers\Pekerjaan->detail_task_overdue('5')
 7 SYSTEMPATH\CodeIgniter.php(502): CodeIgniter\CodeIgniter->runController(Object(App\Controllers\Pekerjaan))
 8 SYSTEMPATH\CodeIgniter.php(361): CodeIgniter\CodeIgniter->handleRequest(null, Object(Config\Cache), false)
 9 FCPATH\index.php(80): CodeIgniter\CodeIgniter->run()
10 SYSTEMPATH\Commands\Server\rewrite.php(47): require_once('C:\\xampp\\htdocs\\Destask\\public\\index.php')
WARNING - 2025-07-27 17:38:47 --> [DEPRECATED] strtotime(): Passing null to parameter #1 ($datetime) of type string is deprecated in APPPATH\Views\pekerjaan\detail_to.php on line 39.
 1 APPPATH\Views\pekerjaan\detail_to.php(39): strtotime(null)
 2 SYSTEMPATH\View\View.php(228): include('C:\\xampp\\htdocs\\Destask\\app\\Views\\pekerjaan\\detail_to.php')
 3 SYSTEMPATH\View\View.php(231): CodeIgniter\View\View->CodeIgniter\View\{closure}()
 4 SYSTEMPATH\Common.php(1178): CodeIgniter\View\View->render('pekerjaan/detail_to', [], true)
 5 APPPATH\Controllers\Pekerjaan.php(135): view('pekerjaan/detail_to', [...])
 6 SYSTEMPATH\CodeIgniter.php(941): App\Controllers\Pekerjaan->detail_task_overdue('5')
 7 SYSTEMPATH\CodeIgniter.php(502): CodeIgniter\CodeIgniter->runController(Object(App\Controllers\Pekerjaan))
 8 SYSTEMPATH\CodeIgniter.php(361): CodeIgniter\CodeIgniter->handleRequest(null, Object(Config\Cache), false)
 9 FCPATH\index.php(80): CodeIgniter\CodeIgniter->run()
10 SYSTEMPATH\Commands\Server\rewrite.php(47): require_once('C:\\xampp\\htdocs\\Destask\\public\\index.php')
WARNING - 2025-07-27 17:38:47 --> [DEPRECATED] strtotime(): Passing null to parameter #1 ($datetime) of type string is deprecated in APPPATH\Views\pekerjaan\detail_to.php on line 39.
 1 APPPATH\Views\pekerjaan\detail_to.php(39): strtotime(null)
 2 SYSTEMPATH\View\View.php(228): include('C:\\xampp\\htdocs\\Destask\\app\\Views\\pekerjaan\\detail_to.php')
 3 SYSTEMPATH\View\View.php(231): CodeIgniter\View\View->CodeIgniter\View\{closure}()
 4 SYSTEMPATH\Common.php(1178): CodeIgniter\View\View->render('pekerjaan/detail_to', [], true)
 5 APPPATH\Controllers\Pekerjaan.php(135): view('pekerjaan/detail_to', [...])
 6 SYSTEMPATH\CodeIgniter.php(941): App\Controllers\Pekerjaan->detail_task_overdue('5')
 7 SYSTEMPATH\CodeIgniter.php(502): CodeIgniter\CodeIgniter->runController(Object(App\Controllers\Pekerjaan))
 8 SYSTEMPATH\CodeIgniter.php(361): CodeIgniter\CodeIgniter->handleRequest(null, Object(Config\Cache), false)
 9 FCPATH\index.php(80): CodeIgniter\CodeIgniter->run()
10 SYSTEMPATH\Commands\Server\rewrite.php(47): require_once('C:\\xampp\\htdocs\\Destask\\public\\index.php')
WARNING - 2025-07-27 17:38:47 --> [DEPRECATED] strtotime(): Passing null to parameter #1 ($datetime) of type string is deprecated in APPPATH\Views\pekerjaan\detail_to.php on line 39.
 1 APPPATH\Views\pekerjaan\detail_to.php(39): strtotime(null)
 2 SYSTEMPATH\View\View.php(228): include('C:\\xampp\\htdocs\\Destask\\app\\Views\\pekerjaan\\detail_to.php')
 3 SYSTEMPATH\View\View.php(231): CodeIgniter\View\View->CodeIgniter\View\{closure}()
 4 SYSTEMPATH\Common.php(1178): CodeIgniter\View\View->render('pekerjaan/detail_to', [], true)
 5 APPPATH\Controllers\Pekerjaan.php(135): view('pekerjaan/detail_to', [...])
 6 SYSTEMPATH\CodeIgniter.php(941): App\Controllers\Pekerjaan->detail_task_overdue('5')
 7 SYSTEMPATH\CodeIgniter.php(502): CodeIgniter\CodeIgniter->runController(Object(App\Controllers\Pekerjaan))
 8 SYSTEMPATH\CodeIgniter.php(361): CodeIgniter\CodeIgniter->handleRequest(null, Object(Config\Cache), false)
 9 FCPATH\index.php(80): CodeIgniter\CodeIgniter->run()
10 SYSTEMPATH\Commands\Server\rewrite.php(47): require_once('C:\\xampp\\htdocs\\Destask\\public\\index.php')
WARNING - 2025-07-27 17:38:47 --> [DEPRECATED] strtotime(): Passing null to parameter #1 ($datetime) of type string is deprecated in APPPATH\Views\pekerjaan\detail_to.php on line 39.
 1 APPPATH\Views\pekerjaan\detail_to.php(39): strtotime(null)
 2 SYSTEMPATH\View\View.php(228): include('C:\\xampp\\htdocs\\Destask\\app\\Views\\pekerjaan\\detail_to.php')
 3 SYSTEMPATH\View\View.php(231): CodeIgniter\View\View->CodeIgniter\View\{closure}()
 4 SYSTEMPATH\Common.php(1178): CodeIgniter\View\View->render('pekerjaan/detail_to', [], true)
 5 APPPATH\Controllers\Pekerjaan.php(135): view('pekerjaan/detail_to', [...])
 6 SYSTEMPATH\CodeIgniter.php(941): App\Controllers\Pekerjaan->detail_task_overdue('5')
 7 SYSTEMPATH\CodeIgniter.php(502): CodeIgniter\CodeIgniter->runController(Object(App\Controllers\Pekerjaan))
 8 SYSTEMPATH\CodeIgniter.php(361): CodeIgniter\CodeIgniter->handleRequest(null, Object(Config\Cache), false)
 9 FCPATH\index.php(80): CodeIgniter\CodeIgniter->run()
10 SYSTEMPATH\Commands\Server\rewrite.php(47): require_once('C:\\xampp\\htdocs\\Destask\\public\\index.php')
WARNING - 2025-07-27 17:38:47 --> [DEPRECATED] strtotime(): Passing null to parameter #1 ($datetime) of type string is deprecated in APPPATH\Views\pekerjaan\detail_to.php on line 39.
 1 APPPATH\Views\pekerjaan\detail_to.php(39): strtotime(null)
 2 SYSTEMPATH\View\View.php(228): include('C:\\xampp\\htdocs\\Destask\\app\\Views\\pekerjaan\\detail_to.php')
 3 SYSTEMPATH\View\View.php(231): CodeIgniter\View\View->CodeIgniter\View\{closure}()
 4 SYSTEMPATH\Common.php(1178): CodeIgniter\View\View->render('pekerjaan/detail_to', [], true)
 5 APPPATH\Controllers\Pekerjaan.php(135): view('pekerjaan/detail_to', [...])
 6 SYSTEMPATH\CodeIgniter.php(941): App\Controllers\Pekerjaan->detail_task_overdue('5')
 7 SYSTEMPATH\CodeIgniter.php(502): CodeIgniter\CodeIgniter->runController(Object(App\Controllers\Pekerjaan))
 8 SYSTEMPATH\CodeIgniter.php(361): CodeIgniter\CodeIgniter->handleRequest(null, Object(Config\Cache), false)
 9 FCPATH\index.php(80): CodeIgniter\CodeIgniter->run()
10 SYSTEMPATH\Commands\Server\rewrite.php(47): require_once('C:\\xampp\\htdocs\\Destask\\public\\index.php')
WARNING - 2025-07-27 17:38:47 --> [DEPRECATED] strtotime(): Passing null to parameter #1 ($datetime) of type string is deprecated in APPPATH\Views\pekerjaan\detail_to.php on line 39.
 1 APPPATH\Views\pekerjaan\detail_to.php(39): strtotime(null)
 2 SYSTEMPATH\View\View.php(228): include('C:\\xampp\\htdocs\\Destask\\app\\Views\\pekerjaan\\detail_to.php')
 3 SYSTEMPATH\View\View.php(231): CodeIgniter\View\View->CodeIgniter\View\{closure}()
 4 SYSTEMPATH\Common.php(1178): CodeIgniter\View\View->render('pekerjaan/detail_to', [], true)
 5 APPPATH\Controllers\Pekerjaan.php(135): view('pekerjaan/detail_to', [...])
 6 SYSTEMPATH\CodeIgniter.php(941): App\Controllers\Pekerjaan->detail_task_overdue('5')
 7 SYSTEMPATH\CodeIgniter.php(502): CodeIgniter\CodeIgniter->runController(Object(App\Controllers\Pekerjaan))
 8 SYSTEMPATH\CodeIgniter.php(361): CodeIgniter\CodeIgniter->handleRequest(null, Object(Config\Cache), false)
 9 FCPATH\index.php(80): CodeIgniter\CodeIgniter->run()
10 SYSTEMPATH\Commands\Server\rewrite.php(47): require_once('C:\\xampp\\htdocs\\Destask\\public\\index.php')
WARNING - 2025-07-27 17:38:47 --> [DEPRECATED] strtotime(): Passing null to parameter #1 ($datetime) of type string is deprecated in APPPATH\Views\pekerjaan\detail_to.php on line 39.
 1 APPPATH\Views\pekerjaan\detail_to.php(39): strtotime(null)
 2 SYSTEMPATH\View\View.php(228): include('C:\\xampp\\htdocs\\Destask\\app\\Views\\pekerjaan\\detail_to.php')
 3 SYSTEMPATH\View\View.php(231): CodeIgniter\View\View->CodeIgniter\View\{closure}()
 4 SYSTEMPATH\Common.php(1178): CodeIgniter\View\View->render('pekerjaan/detail_to', [], true)
 5 APPPATH\Controllers\Pekerjaan.php(135): view('pekerjaan/detail_to', [...])
 6 SYSTEMPATH\CodeIgniter.php(941): App\Controllers\Pekerjaan->detail_task_overdue('5')
 7 SYSTEMPATH\CodeIgniter.php(502): CodeIgniter\CodeIgniter->runController(Object(App\Controllers\Pekerjaan))
 8 SYSTEMPATH\CodeIgniter.php(361): CodeIgniter\CodeIgniter->handleRequest(null, Object(Config\Cache), false)
 9 FCPATH\index.php(80): CodeIgniter\CodeIgniter->run()
10 SYSTEMPATH\Commands\Server\rewrite.php(47): require_once('C:\\xampp\\htdocs\\Destask\\public\\index.php')
WARNING - 2025-07-27 17:38:47 --> [DEPRECATED] strtotime(): Passing null to parameter #1 ($datetime) of type string is deprecated in APPPATH\Views\pekerjaan\detail_to.php on line 39.
 1 APPPATH\Views\pekerjaan\detail_to.php(39): strtotime(null)
 2 SYSTEMPATH\View\View.php(228): include('C:\\xampp\\htdocs\\Destask\\app\\Views\\pekerjaan\\detail_to.php')
 3 SYSTEMPATH\View\View.php(231): CodeIgniter\View\View->CodeIgniter\View\{closure}()
 4 SYSTEMPATH\Common.php(1178): CodeIgniter\View\View->render('pekerjaan/detail_to', [], true)
 5 APPPATH\Controllers\Pekerjaan.php(135): view('pekerjaan/detail_to', [...])
 6 SYSTEMPATH\CodeIgniter.php(941): App\Controllers\Pekerjaan->detail_task_overdue('5')
 7 SYSTEMPATH\CodeIgniter.php(502): CodeIgniter\CodeIgniter->runController(Object(App\Controllers\Pekerjaan))
 8 SYSTEMPATH\CodeIgniter.php(361): CodeIgniter\CodeIgniter->handleRequest(null, Object(Config\Cache), false)
 9 FCPATH\index.php(80): CodeIgniter\CodeIgniter->run()
10 SYSTEMPATH\Commands\Server\rewrite.php(47): require_once('C:\\xampp\\htdocs\\Destask\\public\\index.php')
WARNING - 2025-07-27 17:38:47 --> [DEPRECATED] strtotime(): Passing null to parameter #1 ($datetime) of type string is deprecated in APPPATH\Views\pekerjaan\detail_to.php on line 39.
 1 APPPATH\Views\pekerjaan\detail_to.php(39): strtotime(null)
 2 SYSTEMPATH\View\View.php(228): include('C:\\xampp\\htdocs\\Destask\\app\\Views\\pekerjaan\\detail_to.php')
 3 SYSTEMPATH\View\View.php(231): CodeIgniter\View\View->CodeIgniter\View\{closure}()
 4 SYSTEMPATH\Common.php(1178): CodeIgniter\View\View->render('pekerjaan/detail_to', [], true)
 5 APPPATH\Controllers\Pekerjaan.php(135): view('pekerjaan/detail_to', [...])
 6 SYSTEMPATH\CodeIgniter.php(941): App\Controllers\Pekerjaan->detail_task_overdue('5')
 7 SYSTEMPATH\CodeIgniter.php(502): CodeIgniter\CodeIgniter->runController(Object(App\Controllers\Pekerjaan))
 8 SYSTEMPATH\CodeIgniter.php(361): CodeIgniter\CodeIgniter->handleRequest(null, Object(Config\Cache), false)
 9 FCPATH\index.php(80): CodeIgniter\CodeIgniter->run()
10 SYSTEMPATH\Commands\Server\rewrite.php(47): require_once('C:\\xampp\\htdocs\\Destask\\public\\index.php')
WARNING - 2025-07-27 17:38:47 --> [DEPRECATED] strtotime(): Passing null to parameter #1 ($datetime) of type string is deprecated in APPPATH\Views\pekerjaan\detail_to.php on line 39.
 1 APPPATH\Views\pekerjaan\detail_to.php(39): strtotime(null)
 2 SYSTEMPATH\View\View.php(228): include('C:\\xampp\\htdocs\\Destask\\app\\Views\\pekerjaan\\detail_to.php')
 3 SYSTEMPATH\View\View.php(231): CodeIgniter\View\View->CodeIgniter\View\{closure}()
 4 SYSTEMPATH\Common.php(1178): CodeIgniter\View\View->render('pekerjaan/detail_to', [], true)
 5 APPPATH\Controllers\Pekerjaan.php(135): view('pekerjaan/detail_to', [...])
 6 SYSTEMPATH\CodeIgniter.php(941): App\Controllers\Pekerjaan->detail_task_overdue('5')
 7 SYSTEMPATH\CodeIgniter.php(502): CodeIgniter\CodeIgniter->runController(Object(App\Controllers\Pekerjaan))
 8 SYSTEMPATH\CodeIgniter.php(361): CodeIgniter\CodeIgniter->handleRequest(null, Object(Config\Cache), false)
 9 FCPATH\index.php(80): CodeIgniter\CodeIgniter->run()
10 SYSTEMPATH\Commands\Server\rewrite.php(47): require_once('C:\\xampp\\htdocs\\Destask\\public\\index.php')
WARNING - 2025-07-27 17:38:47 --> [DEPRECATED] strtotime(): Passing null to parameter #1 ($datetime) of type string is deprecated in APPPATH\Views\pekerjaan\detail_to.php on line 39.
 1 APPPATH\Views\pekerjaan\detail_to.php(39): strtotime(null)
 2 SYSTEMPATH\View\View.php(228): include('C:\\xampp\\htdocs\\Destask\\app\\Views\\pekerjaan\\detail_to.php')
 3 SYSTEMPATH\View\View.php(231): CodeIgniter\View\View->CodeIgniter\View\{closure}()
 4 SYSTEMPATH\Common.php(1178): CodeIgniter\View\View->render('pekerjaan/detail_to', [], true)
 5 APPPATH\Controllers\Pekerjaan.php(135): view('pekerjaan/detail_to', [...])
 6 SYSTEMPATH\CodeIgniter.php(941): App\Controllers\Pekerjaan->detail_task_overdue('5')
 7 SYSTEMPATH\CodeIgniter.php(502): CodeIgniter\CodeIgniter->runController(Object(App\Controllers\Pekerjaan))
 8 SYSTEMPATH\CodeIgniter.php(361): CodeIgniter\CodeIgniter->handleRequest(null, Object(Config\Cache), false)
 9 FCPATH\index.php(80): CodeIgniter\CodeIgniter->run()
10 SYSTEMPATH\Commands\Server\rewrite.php(47): require_once('C:\\xampp\\htdocs\\Destask\\public\\index.php')
WARNING - 2025-07-27 17:38:47 --> [DEPRECATED] strtotime(): Passing null to parameter #1 ($datetime) of type string is deprecated in APPPATH\Views\pekerjaan\detail_to.php on line 39.
 1 APPPATH\Views\pekerjaan\detail_to.php(39): strtotime(null)
 2 SYSTEMPATH\View\View.php(228): include('C:\\xampp\\htdocs\\Destask\\app\\Views\\pekerjaan\\detail_to.php')
 3 SYSTEMPATH\View\View.php(231): CodeIgniter\View\View->CodeIgniter\View\{closure}()
 4 SYSTEMPATH\Common.php(1178): CodeIgniter\View\View->render('pekerjaan/detail_to', [], true)
 5 APPPATH\Controllers\Pekerjaan.php(135): view('pekerjaan/detail_to', [...])
 6 SYSTEMPATH\CodeIgniter.php(941): App\Controllers\Pekerjaan->detail_task_overdue('5')
 7 SYSTEMPATH\CodeIgniter.php(502): CodeIgniter\CodeIgniter->runController(Object(App\Controllers\Pekerjaan))
 8 SYSTEMPATH\CodeIgniter.php(361): CodeIgniter\CodeIgniter->handleRequest(null, Object(Config\Cache), false)
 9 FCPATH\index.php(80): CodeIgniter\CodeIgniter->run()
10 SYSTEMPATH\Commands\Server\rewrite.php(47): require_once('C:\\xampp\\htdocs\\Destask\\public\\index.php')
WARNING - 2025-07-27 17:38:47 --> [DEPRECATED] strtotime(): Passing null to parameter #1 ($datetime) of type string is deprecated in APPPATH\Views\pekerjaan\detail_to.php on line 39.
 1 APPPATH\Views\pekerjaan\detail_to.php(39): strtotime(null)
 2 SYSTEMPATH\View\View.php(228): include('C:\\xampp\\htdocs\\Destask\\app\\Views\\pekerjaan\\detail_to.php')
 3 SYSTEMPATH\View\View.php(231): CodeIgniter\View\View->CodeIgniter\View\{closure}()
 4 SYSTEMPATH\Common.php(1178): CodeIgniter\View\View->render('pekerjaan/detail_to', [], true)
 5 APPPATH\Controllers\Pekerjaan.php(135): view('pekerjaan/detail_to', [...])
 6 SYSTEMPATH\CodeIgniter.php(941): App\Controllers\Pekerjaan->detail_task_overdue('5')
 7 SYSTEMPATH\CodeIgniter.php(502): CodeIgniter\CodeIgniter->runController(Object(App\Controllers\Pekerjaan))
 8 SYSTEMPATH\CodeIgniter.php(361): CodeIgniter\CodeIgniter->handleRequest(null, Object(Config\Cache), false)
 9 FCPATH\index.php(80): CodeIgniter\CodeIgniter->run()
10 SYSTEMPATH\Commands\Server\rewrite.php(47): require_once('C:\\xampp\\htdocs\\Destask\\public\\index.php')
WARNING - 2025-07-27 17:38:47 --> [DEPRECATED] strtotime(): Passing null to parameter #1 ($datetime) of type string is deprecated in APPPATH\Views\pekerjaan\detail_to.php on line 39.
 1 APPPATH\Views\pekerjaan\detail_to.php(39): strtotime(null)
 2 SYSTEMPATH\View\View.php(228): include('C:\\xampp\\htdocs\\Destask\\app\\Views\\pekerjaan\\detail_to.php')
 3 SYSTEMPATH\View\View.php(231): CodeIgniter\View\View->CodeIgniter\View\{closure}()
 4 SYSTEMPATH\Common.php(1178): CodeIgniter\View\View->render('pekerjaan/detail_to', [], true)
 5 APPPATH\Controllers\Pekerjaan.php(135): view('pekerjaan/detail_to', [...])
 6 SYSTEMPATH\CodeIgniter.php(941): App\Controllers\Pekerjaan->detail_task_overdue('5')
 7 SYSTEMPATH\CodeIgniter.php(502): CodeIgniter\CodeIgniter->runController(Object(App\Controllers\Pekerjaan))
 8 SYSTEMPATH\CodeIgniter.php(361): CodeIgniter\CodeIgniter->handleRequest(null, Object(Config\Cache), false)
 9 FCPATH\index.php(80): CodeIgniter\CodeIgniter->run()
10 SYSTEMPATH\Commands\Server\rewrite.php(47): require_once('C:\\xampp\\htdocs\\Destask\\public\\index.php')
WARNING - 2025-07-27 17:38:47 --> [DEPRECATED] strtotime(): Passing null to parameter #1 ($datetime) of type string is deprecated in APPPATH\Views\pekerjaan\detail_to.php on line 39.
 1 APPPATH\Views\pekerjaan\detail_to.php(39): strtotime(null)
 2 SYSTEMPATH\View\View.php(228): include('C:\\xampp\\htdocs\\Destask\\app\\Views\\pekerjaan\\detail_to.php')
 3 SYSTEMPATH\View\View.php(231): CodeIgniter\View\View->CodeIgniter\View\{closure}()
 4 SYSTEMPATH\Common.php(1178): CodeIgniter\View\View->render('pekerjaan/detail_to', [], true)
 5 APPPATH\Controllers\Pekerjaan.php(135): view('pekerjaan/detail_to', [...])
 6 SYSTEMPATH\CodeIgniter.php(941): App\Controllers\Pekerjaan->detail_task_overdue('5')
 7 SYSTEMPATH\CodeIgniter.php(502): CodeIgniter\CodeIgniter->runController(Object(App\Controllers\Pekerjaan))
 8 SYSTEMPATH\CodeIgniter.php(361): CodeIgniter\CodeIgniter->handleRequest(null, Object(Config\Cache), false)
 9 FCPATH\index.php(80): CodeIgniter\CodeIgniter->run()
10 SYSTEMPATH\Commands\Server\rewrite.php(47): require_once('C:\\xampp\\htdocs\\Destask\\public\\index.php')
WARNING - 2025-07-27 17:38:47 --> [DEPRECATED] strtotime(): Passing null to parameter #1 ($datetime) of type string is deprecated in APPPATH\Views\pekerjaan\detail_to.php on line 39.
 1 APPPATH\Views\pekerjaan\detail_to.php(39): strtotime(null)
 2 SYSTEMPATH\View\View.php(228): include('C:\\xampp\\htdocs\\Destask\\app\\Views\\pekerjaan\\detail_to.php')
 3 SYSTEMPATH\View\View.php(231): CodeIgniter\View\View->CodeIgniter\View\{closure}()
 4 SYSTEMPATH\Common.php(1178): CodeIgniter\View\View->render('pekerjaan/detail_to', [], true)
 5 APPPATH\Controllers\Pekerjaan.php(135): view('pekerjaan/detail_to', [...])
 6 SYSTEMPATH\CodeIgniter.php(941): App\Controllers\Pekerjaan->detail_task_overdue('5')
 7 SYSTEMPATH\CodeIgniter.php(502): CodeIgniter\CodeIgniter->runController(Object(App\Controllers\Pekerjaan))
 8 SYSTEMPATH\CodeIgniter.php(361): CodeIgniter\CodeIgniter->handleRequest(null, Object(Config\Cache), false)
 9 FCPATH\index.php(80): CodeIgniter\CodeIgniter->run()
10 SYSTEMPATH\Commands\Server\rewrite.php(47): require_once('C:\\xampp\\htdocs\\Destask\\public\\index.php')
WARNING - 2025-07-27 17:38:47 --> [DEPRECATED] strtotime(): Passing null to parameter #1 ($datetime) of type string is deprecated in APPPATH\Views\pekerjaan\detail_to.php on line 39.
 1 APPPATH\Views\pekerjaan\detail_to.php(39): strtotime(null)
 2 SYSTEMPATH\View\View.php(228): include('C:\\xampp\\htdocs\\Destask\\app\\Views\\pekerjaan\\detail_to.php')
 3 SYSTEMPATH\View\View.php(231): CodeIgniter\View\View->CodeIgniter\View\{closure}()
 4 SYSTEMPATH\Common.php(1178): CodeIgniter\View\View->render('pekerjaan/detail_to', [], true)
 5 APPPATH\Controllers\Pekerjaan.php(135): view('pekerjaan/detail_to', [...])
 6 SYSTEMPATH\CodeIgniter.php(941): App\Controllers\Pekerjaan->detail_task_overdue('5')
 7 SYSTEMPATH\CodeIgniter.php(502): CodeIgniter\CodeIgniter->runController(Object(App\Controllers\Pekerjaan))
 8 SYSTEMPATH\CodeIgniter.php(361): CodeIgniter\CodeIgniter->handleRequest(null, Object(Config\Cache), false)
 9 FCPATH\index.php(80): CodeIgniter\CodeIgniter->run()
10 SYSTEMPATH\Commands\Server\rewrite.php(47): require_once('C:\\xampp\\htdocs\\Destask\\public\\index.php')
WARNING - 2025-07-27 17:38:47 --> [DEPRECATED] strtotime(): Passing null to parameter #1 ($datetime) of type string is deprecated in APPPATH\Views\pekerjaan\detail_to.php on line 39.
 1 APPPATH\Views\pekerjaan\detail_to.php(39): strtotime(null)
 2 SYSTEMPATH\View\View.php(228): include('C:\\xampp\\htdocs\\Destask\\app\\Views\\pekerjaan\\detail_to.php')
 3 SYSTEMPATH\View\View.php(231): CodeIgniter\View\View->CodeIgniter\View\{closure}()
 4 SYSTEMPATH\Common.php(1178): CodeIgniter\View\View->render('pekerjaan/detail_to', [], true)
 5 APPPATH\Controllers\Pekerjaan.php(135): view('pekerjaan/detail_to', [...])
 6 SYSTEMPATH\CodeIgniter.php(941): App\Controllers\Pekerjaan->detail_task_overdue('5')
 7 SYSTEMPATH\CodeIgniter.php(502): CodeIgniter\CodeIgniter->runController(Object(App\Controllers\Pekerjaan))
 8 SYSTEMPATH\CodeIgniter.php(361): CodeIgniter\CodeIgniter->handleRequest(null, Object(Config\Cache), false)
 9 FCPATH\index.php(80): CodeIgniter\CodeIgniter->run()
10 SYSTEMPATH\Commands\Server\rewrite.php(47): require_once('C:\\xampp\\htdocs\\Destask\\public\\index.php')
WARNING - 2025-07-27 17:38:47 --> [DEPRECATED] strtotime(): Passing null to parameter #1 ($datetime) of type string is deprecated in APPPATH\Views\pekerjaan\detail_to.php on line 39.
 1 APPPATH\Views\pekerjaan\detail_to.php(39): strtotime(null)
 2 SYSTEMPATH\View\View.php(228): include('C:\\xampp\\htdocs\\Destask\\app\\Views\\pekerjaan\\detail_to.php')
 3 SYSTEMPATH\View\View.php(231): CodeIgniter\View\View->CodeIgniter\View\{closure}()
 4 SYSTEMPATH\Common.php(1178): CodeIgniter\View\View->render('pekerjaan/detail_to', [], true)
 5 APPPATH\Controllers\Pekerjaan.php(135): view('pekerjaan/detail_to', [...])
 6 SYSTEMPATH\CodeIgniter.php(941): App\Controllers\Pekerjaan->detail_task_overdue('5')
 7 SYSTEMPATH\CodeIgniter.php(502): CodeIgniter\CodeIgniter->runController(Object(App\Controllers\Pekerjaan))
 8 SYSTEMPATH\CodeIgniter.php(361): CodeIgniter\CodeIgniter->handleRequest(null, Object(Config\Cache), false)
 9 FCPATH\index.php(80): CodeIgniter\CodeIgniter->run()
10 SYSTEMPATH\Commands\Server\rewrite.php(47): require_once('C:\\xampp\\htdocs\\Destask\\public\\index.php')
WARNING - 2025-07-27 17:38:47 --> [DEPRECATED] strtotime(): Passing null to parameter #1 ($datetime) of type string is deprecated in APPPATH\Views\pekerjaan\detail_to.php on line 39.
 1 APPPATH\Views\pekerjaan\detail_to.php(39): strtotime(null)
 2 SYSTEMPATH\View\View.php(228): include('C:\\xampp\\htdocs\\Destask\\app\\Views\\pekerjaan\\detail_to.php')
 3 SYSTEMPATH\View\View.php(231): CodeIgniter\View\View->CodeIgniter\View\{closure}()
 4 SYSTEMPATH\Common.php(1178): CodeIgniter\View\View->render('pekerjaan/detail_to', [], true)
 5 APPPATH\Controllers\Pekerjaan.php(135): view('pekerjaan/detail_to', [...])
 6 SYSTEMPATH\CodeIgniter.php(941): App\Controllers\Pekerjaan->detail_task_overdue('5')
 7 SYSTEMPATH\CodeIgniter.php(502): CodeIgniter\CodeIgniter->runController(Object(App\Controllers\Pekerjaan))
 8 SYSTEMPATH\CodeIgniter.php(361): CodeIgniter\CodeIgniter->handleRequest(null, Object(Config\Cache), false)
 9 FCPATH\index.php(80): CodeIgniter\CodeIgniter->run()
10 SYSTEMPATH\Commands\Server\rewrite.php(47): require_once('C:\\xampp\\htdocs\\Destask\\public\\index.php')
WARNING - 2025-07-27 17:38:47 --> [DEPRECATED] strtotime(): Passing null to parameter #1 ($datetime) of type string is deprecated in APPPATH\Views\pekerjaan\detail_to.php on line 39.
 1 APPPATH\Views\pekerjaan\detail_to.php(39): strtotime(null)
 2 SYSTEMPATH\View\View.php(228): include('C:\\xampp\\htdocs\\Destask\\app\\Views\\pekerjaan\\detail_to.php')
 3 SYSTEMPATH\View\View.php(231): CodeIgniter\View\View->CodeIgniter\View\{closure}()
 4 SYSTEMPATH\Common.php(1178): CodeIgniter\View\View->render('pekerjaan/detail_to', [], true)
 5 APPPATH\Controllers\Pekerjaan.php(135): view('pekerjaan/detail_to', [...])
 6 SYSTEMPATH\CodeIgniter.php(941): App\Controllers\Pekerjaan->detail_task_overdue('5')
 7 SYSTEMPATH\CodeIgniter.php(502): CodeIgniter\CodeIgniter->runController(Object(App\Controllers\Pekerjaan))
 8 SYSTEMPATH\CodeIgniter.php(361): CodeIgniter\CodeIgniter->handleRequest(null, Object(Config\Cache), false)
 9 FCPATH\index.php(80): CodeIgniter\CodeIgniter->run()
10 SYSTEMPATH\Commands\Server\rewrite.php(47): require_once('C:\\xampp\\htdocs\\Destask\\public\\index.php')
WARNING - 2025-07-27 17:38:47 --> [DEPRECATED] strtotime(): Passing null to parameter #1 ($datetime) of type string is deprecated in APPPATH\Views\pekerjaan\detail_to.php on line 39.
 1 APPPATH\Views\pekerjaan\detail_to.php(39): strtotime(null)
 2 SYSTEMPATH\View\View.php(228): include('C:\\xampp\\htdocs\\Destask\\app\\Views\\pekerjaan\\detail_to.php')
 3 SYSTEMPATH\View\View.php(231): CodeIgniter\View\View->CodeIgniter\View\{closure}()
 4 SYSTEMPATH\Common.php(1178): CodeIgniter\View\View->render('pekerjaan/detail_to', [], true)
 5 APPPATH\Controllers\Pekerjaan.php(135): view('pekerjaan/detail_to', [...])
 6 SYSTEMPATH\CodeIgniter.php(941): App\Controllers\Pekerjaan->detail_task_overdue('5')
 7 SYSTEMPATH\CodeIgniter.php(502): CodeIgniter\CodeIgniter->runController(Object(App\Controllers\Pekerjaan))
 8 SYSTEMPATH\CodeIgniter.php(361): CodeIgniter\CodeIgniter->handleRequest(null, Object(Config\Cache), false)
 9 FCPATH\index.php(80): CodeIgniter\CodeIgniter->run()
10 SYSTEMPATH\Commands\Server\rewrite.php(47): require_once('C:\\xampp\\htdocs\\Destask\\public\\index.php')
WARNING - 2025-07-27 17:38:47 --> [DEPRECATED] strtotime(): Passing null to parameter #1 ($datetime) of type string is deprecated in APPPATH\Views\pekerjaan\detail_to.php on line 39.
 1 APPPATH\Views\pekerjaan\detail_to.php(39): strtotime(null)
 2 SYSTEMPATH\View\View.php(228): include('C:\\xampp\\htdocs\\Destask\\app\\Views\\pekerjaan\\detail_to.php')
 3 SYSTEMPATH\View\View.php(231): CodeIgniter\View\View->CodeIgniter\View\{closure}()
 4 SYSTEMPATH\Common.php(1178): CodeIgniter\View\View->render('pekerjaan/detail_to', [], true)
 5 APPPATH\Controllers\Pekerjaan.php(135): view('pekerjaan/detail_to', [...])
 6 SYSTEMPATH\CodeIgniter.php(941): App\Controllers\Pekerjaan->detail_task_overdue('5')
 7 SYSTEMPATH\CodeIgniter.php(502): CodeIgniter\CodeIgniter->runController(Object(App\Controllers\Pekerjaan))
 8 SYSTEMPATH\CodeIgniter.php(361): CodeIgniter\CodeIgniter->handleRequest(null, Object(Config\Cache), false)
 9 FCPATH\index.php(80): CodeIgniter\CodeIgniter->run()
10 SYSTEMPATH\Commands\Server\rewrite.php(47): require_once('C:\\xampp\\htdocs\\Destask\\public\\index.php')
WARNING - 2025-07-27 17:38:47 --> [DEPRECATED] strtotime(): Passing null to parameter #1 ($datetime) of type string is deprecated in APPPATH\Views\pekerjaan\detail_to.php on line 39.
 1 APPPATH\Views\pekerjaan\detail_to.php(39): strtotime(null)
 2 SYSTEMPATH\View\View.php(228): include('C:\\xampp\\htdocs\\Destask\\app\\Views\\pekerjaan\\detail_to.php')
 3 SYSTEMPATH\View\View.php(231): CodeIgniter\View\View->CodeIgniter\View\{closure}()
 4 SYSTEMPATH\Common.php(1178): CodeIgniter\View\View->render('pekerjaan/detail_to', [], true)
 5 APPPATH\Controllers\Pekerjaan.php(135): view('pekerjaan/detail_to', [...])
 6 SYSTEMPATH\CodeIgniter.php(941): App\Controllers\Pekerjaan->detail_task_overdue('5')
 7 SYSTEMPATH\CodeIgniter.php(502): CodeIgniter\CodeIgniter->runController(Object(App\Controllers\Pekerjaan))
 8 SYSTEMPATH\CodeIgniter.php(361): CodeIgniter\CodeIgniter->handleRequest(null, Object(Config\Cache), false)
 9 FCPATH\index.php(80): CodeIgniter\CodeIgniter->run()
10 SYSTEMPATH\Commands\Server\rewrite.php(47): require_once('C:\\xampp\\htdocs\\Destask\\public\\index.php')
WARNING - 2025-07-27 17:38:47 --> [DEPRECATED] strtotime(): Passing null to parameter #1 ($datetime) of type string is deprecated in APPPATH\Views\pekerjaan\detail_to.php on line 39.
 1 APPPATH\Views\pekerjaan\detail_to.php(39): strtotime(null)
 2 SYSTEMPATH\View\View.php(228): include('C:\\xampp\\htdocs\\Destask\\app\\Views\\pekerjaan\\detail_to.php')
 3 SYSTEMPATH\View\View.php(231): CodeIgniter\View\View->CodeIgniter\View\{closure}()
 4 SYSTEMPATH\Common.php(1178): CodeIgniter\View\View->render('pekerjaan/detail_to', [], true)
 5 APPPATH\Controllers\Pekerjaan.php(135): view('pekerjaan/detail_to', [...])
 6 SYSTEMPATH\CodeIgniter.php(941): App\Controllers\Pekerjaan->detail_task_overdue('5')
 7 SYSTEMPATH\CodeIgniter.php(502): CodeIgniter\CodeIgniter->runController(Object(App\Controllers\Pekerjaan))
 8 SYSTEMPATH\CodeIgniter.php(361): CodeIgniter\CodeIgniter->handleRequest(null, Object(Config\Cache), false)
 9 FCPATH\index.php(80): CodeIgniter\CodeIgniter->run()
10 SYSTEMPATH\Commands\Server\rewrite.php(47): require_once('C:\\xampp\\htdocs\\Destask\\public\\index.php')
WARNING - 2025-07-27 17:38:47 --> [DEPRECATED] strtotime(): Passing null to parameter #1 ($datetime) of type string is deprecated in APPPATH\Views\pekerjaan\detail_to.php on line 39.
 1 APPPATH\Views\pekerjaan\detail_to.php(39): strtotime(null)
 2 SYSTEMPATH\View\View.php(228): include('C:\\xampp\\htdocs\\Destask\\app\\Views\\pekerjaan\\detail_to.php')
 3 SYSTEMPATH\View\View.php(231): CodeIgniter\View\View->CodeIgniter\View\{closure}()
 4 SYSTEMPATH\Common.php(1178): CodeIgniter\View\View->render('pekerjaan/detail_to', [], true)
 5 APPPATH\Controllers\Pekerjaan.php(135): view('pekerjaan/detail_to', [...])
 6 SYSTEMPATH\CodeIgniter.php(941): App\Controllers\Pekerjaan->detail_task_overdue('5')
 7 SYSTEMPATH\CodeIgniter.php(502): CodeIgniter\CodeIgniter->runController(Object(App\Controllers\Pekerjaan))
 8 SYSTEMPATH\CodeIgniter.php(361): CodeIgniter\CodeIgniter->handleRequest(null, Object(Config\Cache), false)
 9 FCPATH\index.php(80): CodeIgniter\CodeIgniter->run()
10 SYSTEMPATH\Commands\Server\rewrite.php(47): require_once('C:\\xampp\\htdocs\\Destask\\public\\index.php')
WARNING - 2025-07-27 17:38:47 --> [DEPRECATED] strtotime(): Passing null to parameter #1 ($datetime) of type string is deprecated in APPPATH\Views\pekerjaan\detail_to.php on line 39.
 1 APPPATH\Views\pekerjaan\detail_to.php(39): strtotime(null)
 2 SYSTEMPATH\View\View.php(228): include('C:\\xampp\\htdocs\\Destask\\app\\Views\\pekerjaan\\detail_to.php')
 3 SYSTEMPATH\View\View.php(231): CodeIgniter\View\View->CodeIgniter\View\{closure}()
 4 SYSTEMPATH\Common.php(1178): CodeIgniter\View\View->render('pekerjaan/detail_to', [], true)
 5 APPPATH\Controllers\Pekerjaan.php(135): view('pekerjaan/detail_to', [...])
 6 SYSTEMPATH\CodeIgniter.php(941): App\Controllers\Pekerjaan->detail_task_overdue('5')
 7 SYSTEMPATH\CodeIgniter.php(502): CodeIgniter\CodeIgniter->runController(Object(App\Controllers\Pekerjaan))
 8 SYSTEMPATH\CodeIgniter.php(361): CodeIgniter\CodeIgniter->handleRequest(null, Object(Config\Cache), false)
 9 FCPATH\index.php(80): CodeIgniter\CodeIgniter->run()
10 SYSTEMPATH\Commands\Server\rewrite.php(47): require_once('C:\\xampp\\htdocs\\Destask\\public\\index.php')
WARNING - 2025-07-27 17:38:47 --> [DEPRECATED] strtotime(): Passing null to parameter #1 ($datetime) of type string is deprecated in APPPATH\Views\pekerjaan\detail_to.php on line 39.
 1 APPPATH\Views\pekerjaan\detail_to.php(39): strtotime(null)
 2 SYSTEMPATH\View\View.php(228): include('C:\\xampp\\htdocs\\Destask\\app\\Views\\pekerjaan\\detail_to.php')
 3 SYSTEMPATH\View\View.php(231): CodeIgniter\View\View->CodeIgniter\View\{closure}()
 4 SYSTEMPATH\Common.php(1178): CodeIgniter\View\View->render('pekerjaan/detail_to', [], true)
 5 APPPATH\Controllers\Pekerjaan.php(135): view('pekerjaan/detail_to', [...])
 6 SYSTEMPATH\CodeIgniter.php(941): App\Controllers\Pekerjaan->detail_task_overdue('5')
 7 SYSTEMPATH\CodeIgniter.php(502): CodeIgniter\CodeIgniter->runController(Object(App\Controllers\Pekerjaan))
 8 SYSTEMPATH\CodeIgniter.php(361): CodeIgniter\CodeIgniter->handleRequest(null, Object(Config\Cache), false)
 9 FCPATH\index.php(80): CodeIgniter\CodeIgniter->run()
10 SYSTEMPATH\Commands\Server\rewrite.php(47): require_once('C:\\xampp\\htdocs\\Destask\\public\\index.php')
WARNING - 2025-07-27 17:38:47 --> [DEPRECATED] strtotime(): Passing null to parameter #1 ($datetime) of type string is deprecated in APPPATH\Views\pekerjaan\detail_to.php on line 39.
 1 APPPATH\Views\pekerjaan\detail_to.php(39): strtotime(null)
 2 SYSTEMPATH\View\View.php(228): include('C:\\xampp\\htdocs\\Destask\\app\\Views\\pekerjaan\\detail_to.php')
 3 SYSTEMPATH\View\View.php(231): CodeIgniter\View\View->CodeIgniter\View\{closure}()
 4 SYSTEMPATH\Common.php(1178): CodeIgniter\View\View->render('pekerjaan/detail_to', [], true)
 5 APPPATH\Controllers\Pekerjaan.php(135): view('pekerjaan/detail_to', [...])
 6 SYSTEMPATH\CodeIgniter.php(941): App\Controllers\Pekerjaan->detail_task_overdue('5')
 7 SYSTEMPATH\CodeIgniter.php(502): CodeIgniter\CodeIgniter->runController(Object(App\Controllers\Pekerjaan))
 8 SYSTEMPATH\CodeIgniter.php(361): CodeIgniter\CodeIgniter->handleRequest(null, Object(Config\Cache), false)
 9 FCPATH\index.php(80): CodeIgniter\CodeIgniter->run()
10 SYSTEMPATH\Commands\Server\rewrite.php(47): require_once('C:\\xampp\\htdocs\\Destask\\public\\index.php')
WARNING - 2025-07-27 17:38:47 --> [DEPRECATED] strtotime(): Passing null to parameter #1 ($datetime) of type string is deprecated in APPPATH\Views\pekerjaan\detail_to.php on line 39.
 1 APPPATH\Views\pekerjaan\detail_to.php(39): strtotime(null)
 2 SYSTEMPATH\View\View.php(228): include('C:\\xampp\\htdocs\\Destask\\app\\Views\\pekerjaan\\detail_to.php')
 3 SYSTEMPATH\View\View.php(231): CodeIgniter\View\View->CodeIgniter\View\{closure}()
 4 SYSTEMPATH\Common.php(1178): CodeIgniter\View\View->render('pekerjaan/detail_to', [], true)
 5 APPPATH\Controllers\Pekerjaan.php(135): view('pekerjaan/detail_to', [...])
 6 SYSTEMPATH\CodeIgniter.php(941): App\Controllers\Pekerjaan->detail_task_overdue('5')
 7 SYSTEMPATH\CodeIgniter.php(502): CodeIgniter\CodeIgniter->runController(Object(App\Controllers\Pekerjaan))
 8 SYSTEMPATH\CodeIgniter.php(361): CodeIgniter\CodeIgniter->handleRequest(null, Object(Config\Cache), false)
 9 FCPATH\index.php(80): CodeIgniter\CodeIgniter->run()
10 SYSTEMPATH\Commands\Server\rewrite.php(47): require_once('C:\\xampp\\htdocs\\Destask\\public\\index.php')
WARNING - 2025-07-27 17:38:47 --> [DEPRECATED] strtotime(): Passing null to parameter #1 ($datetime) of type string is deprecated in APPPATH\Views\pekerjaan\detail_to.php on line 39.
 1 APPPATH\Views\pekerjaan\detail_to.php(39): strtotime(null)
 2 SYSTEMPATH\View\View.php(228): include('C:\\xampp\\htdocs\\Destask\\app\\Views\\pekerjaan\\detail_to.php')
 3 SYSTEMPATH\View\View.php(231): CodeIgniter\View\View->CodeIgniter\View\{closure}()
 4 SYSTEMPATH\Common.php(1178): CodeIgniter\View\View->render('pekerjaan/detail_to', [], true)
 5 APPPATH\Controllers\Pekerjaan.php(135): view('pekerjaan/detail_to', [...])
 6 SYSTEMPATH\CodeIgniter.php(941): App\Controllers\Pekerjaan->detail_task_overdue('5')
 7 SYSTEMPATH\CodeIgniter.php(502): CodeIgniter\CodeIgniter->runController(Object(App\Controllers\Pekerjaan))
 8 SYSTEMPATH\CodeIgniter.php(361): CodeIgniter\CodeIgniter->handleRequest(null, Object(Config\Cache), false)
 9 FCPATH\index.php(80): CodeIgniter\CodeIgniter->run()
10 SYSTEMPATH\Commands\Server\rewrite.php(47): require_once('C:\\xampp\\htdocs\\Destask\\public\\index.php')
WARNING - 2025-07-27 17:38:47 --> [DEPRECATED] strtotime(): Passing null to parameter #1 ($datetime) of type string is deprecated in APPPATH\Views\pekerjaan\detail_to.php on line 39.
 1 APPPATH\Views\pekerjaan\detail_to.php(39): strtotime(null)
 2 SYSTEMPATH\View\View.php(228): include('C:\\xampp\\htdocs\\Destask\\app\\Views\\pekerjaan\\detail_to.php')
 3 SYSTEMPATH\View\View.php(231): CodeIgniter\View\View->CodeIgniter\View\{closure}()
 4 SYSTEMPATH\Common.php(1178): CodeIgniter\View\View->render('pekerjaan/detail_to', [], true)
 5 APPPATH\Controllers\Pekerjaan.php(135): view('pekerjaan/detail_to', [...])
 6 SYSTEMPATH\CodeIgniter.php(941): App\Controllers\Pekerjaan->detail_task_overdue('5')
 7 SYSTEMPATH\CodeIgniter.php(502): CodeIgniter\CodeIgniter->runController(Object(App\Controllers\Pekerjaan))
 8 SYSTEMPATH\CodeIgniter.php(361): CodeIgniter\CodeIgniter->handleRequest(null, Object(Config\Cache), false)
 9 FCPATH\index.php(80): CodeIgniter\CodeIgniter->run()
10 SYSTEMPATH\Commands\Server\rewrite.php(47): require_once('C:\\xampp\\htdocs\\Destask\\public\\index.php')
WARNING - 2025-07-27 17:38:47 --> [DEPRECATED] strtotime(): Passing null to parameter #1 ($datetime) of type string is deprecated in APPPATH\Views\pekerjaan\detail_to.php on line 39.
 1 APPPATH\Views\pekerjaan\detail_to.php(39): strtotime(null)
 2 SYSTEMPATH\View\View.php(228): include('C:\\xampp\\htdocs\\Destask\\app\\Views\\pekerjaan\\detail_to.php')
 3 SYSTEMPATH\View\View.php(231): CodeIgniter\View\View->CodeIgniter\View\{closure}()
 4 SYSTEMPATH\Common.php(1178): CodeIgniter\View\View->render('pekerjaan/detail_to', [], true)
 5 APPPATH\Controllers\Pekerjaan.php(135): view('pekerjaan/detail_to', [...])
 6 SYSTEMPATH\CodeIgniter.php(941): App\Controllers\Pekerjaan->detail_task_overdue('5')
 7 SYSTEMPATH\CodeIgniter.php(502): CodeIgniter\CodeIgniter->runController(Object(App\Controllers\Pekerjaan))
 8 SYSTEMPATH\CodeIgniter.php(361): CodeIgniter\CodeIgniter->handleRequest(null, Object(Config\Cache), false)
 9 FCPATH\index.php(80): CodeIgniter\CodeIgniter->run()
10 SYSTEMPATH\Commands\Server\rewrite.php(47): require_once('C:\\xampp\\htdocs\\Destask\\public\\index.php')
WARNING - 2025-07-27 17:38:47 --> [DEPRECATED] strtotime(): Passing null to parameter #1 ($datetime) of type string is deprecated in APPPATH\Views\pekerjaan\detail_to.php on line 39.
 1 APPPATH\Views\pekerjaan\detail_to.php(39): strtotime(null)
 2 SYSTEMPATH\View\View.php(228): include('C:\\xampp\\htdocs\\Destask\\app\\Views\\pekerjaan\\detail_to.php')
 3 SYSTEMPATH\View\View.php(231): CodeIgniter\View\View->CodeIgniter\View\{closure}()
 4 SYSTEMPATH\Common.php(1178): CodeIgniter\View\View->render('pekerjaan/detail_to', [], true)
 5 APPPATH\Controllers\Pekerjaan.php(135): view('pekerjaan/detail_to', [...])
 6 SYSTEMPATH\CodeIgniter.php(941): App\Controllers\Pekerjaan->detail_task_overdue('5')
 7 SYSTEMPATH\CodeIgniter.php(502): CodeIgniter\CodeIgniter->runController(Object(App\Controllers\Pekerjaan))
 8 SYSTEMPATH\CodeIgniter.php(361): CodeIgniter\CodeIgniter->handleRequest(null, Object(Config\Cache), false)
 9 FCPATH\index.php(80): CodeIgniter\CodeIgniter->run()
10 SYSTEMPATH\Commands\Server\rewrite.php(47): require_once('C:\\xampp\\htdocs\\Destask\\public\\index.php')
WARNING - 2025-07-27 17:38:47 --> [DEPRECATED] strtotime(): Passing null to parameter #1 ($datetime) of type string is deprecated in APPPATH\Views\pekerjaan\detail_to.php on line 39.
 1 APPPATH\Views\pekerjaan\detail_to.php(39): strtotime(null)
 2 SYSTEMPATH\View\View.php(228): include('C:\\xampp\\htdocs\\Destask\\app\\Views\\pekerjaan\\detail_to.php')
 3 SYSTEMPATH\View\View.php(231): CodeIgniter\View\View->CodeIgniter\View\{closure}()
 4 SYSTEMPATH\Common.php(1178): CodeIgniter\View\View->render('pekerjaan/detail_to', [], true)
 5 APPPATH\Controllers\Pekerjaan.php(135): view('pekerjaan/detail_to', [...])
 6 SYSTEMPATH\CodeIgniter.php(941): App\Controllers\Pekerjaan->detail_task_overdue('5')
 7 SYSTEMPATH\CodeIgniter.php(502): CodeIgniter\CodeIgniter->runController(Object(App\Controllers\Pekerjaan))
 8 SYSTEMPATH\CodeIgniter.php(361): CodeIgniter\CodeIgniter->handleRequest(null, Object(Config\Cache), false)
 9 FCPATH\index.php(80): CodeIgniter\CodeIgniter->run()
10 SYSTEMPATH\Commands\Server\rewrite.php(47): require_once('C:\\xampp\\htdocs\\Destask\\public\\index.php')
WARNING - 2025-07-27 17:38:47 --> [DEPRECATED] strtotime(): Passing null to parameter #1 ($datetime) of type string is deprecated in APPPATH\Views\pekerjaan\detail_to.php on line 39.
 1 APPPATH\Views\pekerjaan\detail_to.php(39): strtotime(null)
 2 SYSTEMPATH\View\View.php(228): include('C:\\xampp\\htdocs\\Destask\\app\\Views\\pekerjaan\\detail_to.php')
 3 SYSTEMPATH\View\View.php(231): CodeIgniter\View\View->CodeIgniter\View\{closure}()
 4 SYSTEMPATH\Common.php(1178): CodeIgniter\View\View->render('pekerjaan/detail_to', [], true)
 5 APPPATH\Controllers\Pekerjaan.php(135): view('pekerjaan/detail_to', [...])
 6 SYSTEMPATH\CodeIgniter.php(941): App\Controllers\Pekerjaan->detail_task_overdue('5')
 7 SYSTEMPATH\CodeIgniter.php(502): CodeIgniter\CodeIgniter->runController(Object(App\Controllers\Pekerjaan))
 8 SYSTEMPATH\CodeIgniter.php(361): CodeIgniter\CodeIgniter->handleRequest(null, Object(Config\Cache), false)
 9 FCPATH\index.php(80): CodeIgniter\CodeIgniter->run()
10 SYSTEMPATH\Commands\Server\rewrite.php(47): require_once('C:\\xampp\\htdocs\\Destask\\public\\index.php')
WARNING - 2025-07-27 17:38:47 --> [DEPRECATED] strtotime(): Passing null to parameter #1 ($datetime) of type string is deprecated in APPPATH\Views\pekerjaan\detail_to.php on line 39.
 1 APPPATH\Views\pekerjaan\detail_to.php(39): strtotime(null)
 2 SYSTEMPATH\View\View.php(228): include('C:\\xampp\\htdocs\\Destask\\app\\Views\\pekerjaan\\detail_to.php')
 3 SYSTEMPATH\View\View.php(231): CodeIgniter\View\View->CodeIgniter\View\{closure}()
 4 SYSTEMPATH\Common.php(1178): CodeIgniter\View\View->render('pekerjaan/detail_to', [], true)
 5 APPPATH\Controllers\Pekerjaan.php(135): view('pekerjaan/detail_to', [...])
 6 SYSTEMPATH\CodeIgniter.php(941): App\Controllers\Pekerjaan->detail_task_overdue('5')
 7 SYSTEMPATH\CodeIgniter.php(502): CodeIgniter\CodeIgniter->runController(Object(App\Controllers\Pekerjaan))
 8 SYSTEMPATH\CodeIgniter.php(361): CodeIgniter\CodeIgniter->handleRequest(null, Object(Config\Cache), false)
 9 FCPATH\index.php(80): CodeIgniter\CodeIgniter->run()
10 SYSTEMPATH\Commands\Server\rewrite.php(47): require_once('C:\\xampp\\htdocs\\Destask\\public\\index.php')
WARNING - 2025-07-27 17:38:47 --> [DEPRECATED] strtotime(): Passing null to parameter #1 ($datetime) of type string is deprecated in APPPATH\Views\pekerjaan\detail_to.php on line 39.
 1 APPPATH\Views\pekerjaan\detail_to.php(39): strtotime(null)
 2 SYSTEMPATH\View\View.php(228): include('C:\\xampp\\htdocs\\Destask\\app\\Views\\pekerjaan\\detail_to.php')
 3 SYSTEMPATH\View\View.php(231): CodeIgniter\View\View->CodeIgniter\View\{closure}()
 4 SYSTEMPATH\Common.php(1178): CodeIgniter\View\View->render('pekerjaan/detail_to', [], true)
 5 APPPATH\Controllers\Pekerjaan.php(135): view('pekerjaan/detail_to', [...])
 6 SYSTEMPATH\CodeIgniter.php(941): App\Controllers\Pekerjaan->detail_task_overdue('5')
 7 SYSTEMPATH\CodeIgniter.php(502): CodeIgniter\CodeIgniter->runController(Object(App\Controllers\Pekerjaan))
 8 SYSTEMPATH\CodeIgniter.php(361): CodeIgniter\CodeIgniter->handleRequest(null, Object(Config\Cache), false)
 9 FCPATH\index.php(80): CodeIgniter\CodeIgniter->run()
10 SYSTEMPATH\Commands\Server\rewrite.php(47): require_once('C:\\xampp\\htdocs\\Destask\\public\\index.php')
WARNING - 2025-07-27 17:38:47 --> [DEPRECATED] strtotime(): Passing null to parameter #1 ($datetime) of type string is deprecated in APPPATH\Views\pekerjaan\detail_to.php on line 39.
 1 APPPATH\Views\pekerjaan\detail_to.php(39): strtotime(null)
 2 SYSTEMPATH\View\View.php(228): include('C:\\xampp\\htdocs\\Destask\\app\\Views\\pekerjaan\\detail_to.php')
 3 SYSTEMPATH\View\View.php(231): CodeIgniter\View\View->CodeIgniter\View\{closure}()
 4 SYSTEMPATH\Common.php(1178): CodeIgniter\View\View->render('pekerjaan/detail_to', [], true)
 5 APPPATH\Controllers\Pekerjaan.php(135): view('pekerjaan/detail_to', [...])
 6 SYSTEMPATH\CodeIgniter.php(941): App\Controllers\Pekerjaan->detail_task_overdue('5')
 7 SYSTEMPATH\CodeIgniter.php(502): CodeIgniter\CodeIgniter->runController(Object(App\Controllers\Pekerjaan))
 8 SYSTEMPATH\CodeIgniter.php(361): CodeIgniter\CodeIgniter->handleRequest(null, Object(Config\Cache), false)
 9 FCPATH\index.php(80): CodeIgniter\CodeIgniter->run()
10 SYSTEMPATH\Commands\Server\rewrite.php(47): require_once('C:\\xampp\\htdocs\\Destask\\public\\index.php')
WARNING - 2025-07-27 17:38:47 --> [DEPRECATED] strtotime(): Passing null to parameter #1 ($datetime) of type string is deprecated in APPPATH\Views\pekerjaan\detail_to.php on line 39.
 1 APPPATH\Views\pekerjaan\detail_to.php(39): strtotime(null)
 2 SYSTEMPATH\View\View.php(228): include('C:\\xampp\\htdocs\\Destask\\app\\Views\\pekerjaan\\detail_to.php')
 3 SYSTEMPATH\View\View.php(231): CodeIgniter\View\View->CodeIgniter\View\{closure}()
 4 SYSTEMPATH\Common.php(1178): CodeIgniter\View\View->render('pekerjaan/detail_to', [], true)
 5 APPPATH\Controllers\Pekerjaan.php(135): view('pekerjaan/detail_to', [...])
 6 SYSTEMPATH\CodeIgniter.php(941): App\Controllers\Pekerjaan->detail_task_overdue('5')
 7 SYSTEMPATH\CodeIgniter.php(502): CodeIgniter\CodeIgniter->runController(Object(App\Controllers\Pekerjaan))
 8 SYSTEMPATH\CodeIgniter.php(361): CodeIgniter\CodeIgniter->handleRequest(null, Object(Config\Cache), false)
 9 FCPATH\index.php(80): CodeIgniter\CodeIgniter->run()
10 SYSTEMPATH\Commands\Server\rewrite.php(47): require_once('C:\\xampp\\htdocs\\Destask\\public\\index.php')
WARNING - 2025-07-27 17:38:47 --> [DEPRECATED] strtotime(): Passing null to parameter #1 ($datetime) of type string is deprecated in APPPATH\Views\pekerjaan\detail_to.php on line 39.
 1 APPPATH\Views\pekerjaan\detail_to.php(39): strtotime(null)
 2 SYSTEMPATH\View\View.php(228): include('C:\\xampp\\htdocs\\Destask\\app\\Views\\pekerjaan\\detail_to.php')
 3 SYSTEMPATH\View\View.php(231): CodeIgniter\View\View->CodeIgniter\View\{closure}()
 4 SYSTEMPATH\Common.php(1178): CodeIgniter\View\View->render('pekerjaan/detail_to', [], true)
 5 APPPATH\Controllers\Pekerjaan.php(135): view('pekerjaan/detail_to', [...])
 6 SYSTEMPATH\CodeIgniter.php(941): App\Controllers\Pekerjaan->detail_task_overdue('5')
 7 SYSTEMPATH\CodeIgniter.php(502): CodeIgniter\CodeIgniter->runController(Object(App\Controllers\Pekerjaan))
 8 SYSTEMPATH\CodeIgniter.php(361): CodeIgniter\CodeIgniter->handleRequest(null, Object(Config\Cache), false)
 9 FCPATH\index.php(80): CodeIgniter\CodeIgniter->run()
10 SYSTEMPATH\Commands\Server\rewrite.php(47): require_once('C:\\xampp\\htdocs\\Destask\\public\\index.php')
WARNING - 2025-07-27 17:38:47 --> [DEPRECATED] strtotime(): Passing null to parameter #1 ($datetime) of type string is deprecated in APPPATH\Views\pekerjaan\detail_to.php on line 39.
 1 APPPATH\Views\pekerjaan\detail_to.php(39): strtotime(null)
 2 SYSTEMPATH\View\View.php(228): include('C:\\xampp\\htdocs\\Destask\\app\\Views\\pekerjaan\\detail_to.php')
 3 SYSTEMPATH\View\View.php(231): CodeIgniter\View\View->CodeIgniter\View\{closure}()
 4 SYSTEMPATH\Common.php(1178): CodeIgniter\View\View->render('pekerjaan/detail_to', [], true)
 5 APPPATH\Controllers\Pekerjaan.php(135): view('pekerjaan/detail_to', [...])
 6 SYSTEMPATH\CodeIgniter.php(941): App\Controllers\Pekerjaan->detail_task_overdue('5')
 7 SYSTEMPATH\CodeIgniter.php(502): CodeIgniter\CodeIgniter->runController(Object(App\Controllers\Pekerjaan))
 8 SYSTEMPATH\CodeIgniter.php(361): CodeIgniter\CodeIgniter->handleRequest(null, Object(Config\Cache), false)
 9 FCPATH\index.php(80): CodeIgniter\CodeIgniter->run()
10 SYSTEMPATH\Commands\Server\rewrite.php(47): require_once('C:\\xampp\\htdocs\\Destask\\public\\index.php')
WARNING - 2025-07-27 17:38:47 --> [DEPRECATED] strtotime(): Passing null to parameter #1 ($datetime) of type string is deprecated in APPPATH\Views\pekerjaan\detail_to.php on line 39.
 1 APPPATH\Views\pekerjaan\detail_to.php(39): strtotime(null)
 2 SYSTEMPATH\View\View.php(228): include('C:\\xampp\\htdocs\\Destask\\app\\Views\\pekerjaan\\detail_to.php')
 3 SYSTEMPATH\View\View.php(231): CodeIgniter\View\View->CodeIgniter\View\{closure}()
 4 SYSTEMPATH\Common.php(1178): CodeIgniter\View\View->render('pekerjaan/detail_to', [], true)
 5 APPPATH\Controllers\Pekerjaan.php(135): view('pekerjaan/detail_to', [...])
 6 SYSTEMPATH\CodeIgniter.php(941): App\Controllers\Pekerjaan->detail_task_overdue('5')
 7 SYSTEMPATH\CodeIgniter.php(502): CodeIgniter\CodeIgniter->runController(Object(App\Controllers\Pekerjaan))
 8 SYSTEMPATH\CodeIgniter.php(361): CodeIgniter\CodeIgniter->handleRequest(null, Object(Config\Cache), false)
 9 FCPATH\index.php(80): CodeIgniter\CodeIgniter->run()
10 SYSTEMPATH\Commands\Server\rewrite.php(47): require_once('C:\\xampp\\htdocs\\Destask\\public\\index.php')
INFO - 2025-07-27 17:41:34 --> Session: Class initialized using 'CodeIgniter\Session\Handlers\FileHandler' driver.
WARNING - 2025-07-27 17:41:34 --> [DEPRECATED] strtotime(): Passing null to parameter #1 ($datetime) of type string is deprecated in APPPATH\Views\pekerjaan\detail_to.php on line 39.
 1 APPPATH\Views\pekerjaan\detail_to.php(39): strtotime(null)
 2 SYSTEMPATH\View\View.php(228): include('C:\\xampp\\htdocs\\Destask\\app\\Views\\pekerjaan\\detail_to.php')
 3 SYSTEMPATH\View\View.php(231): CodeIgniter\View\View->CodeIgniter\View\{closure}()
 4 SYSTEMPATH\Common.php(1178): CodeIgniter\View\View->render('pekerjaan/detail_to', [], true)
 5 APPPATH\Controllers\Pekerjaan.php(135): view('pekerjaan/detail_to', [...])
 6 SYSTEMPATH\CodeIgniter.php(941): App\Controllers\Pekerjaan->detail_task_overdue('5')
 7 SYSTEMPATH\CodeIgniter.php(502): CodeIgniter\CodeIgniter->runController(Object(App\Controllers\Pekerjaan))
 8 SYSTEMPATH\CodeIgniter.php(361): CodeIgniter\CodeIgniter->handleRequest(null, Object(Config\Cache), false)
 9 FCPATH\index.php(80): CodeIgniter\CodeIgniter->run()
10 SYSTEMPATH\Commands\Server\rewrite.php(47): require_once('C:\\xampp\\htdocs\\Destask\\public\\index.php')
WARNING - 2025-07-27 17:41:34 --> [DEPRECATED] strtotime(): Passing null to parameter #1 ($datetime) of type string is deprecated in APPPATH\Views\pekerjaan\detail_to.php on line 39.
 1 APPPATH\Views\pekerjaan\detail_to.php(39): strtotime(null)
 2 SYSTEMPATH\View\View.php(228): include('C:\\xampp\\htdocs\\Destask\\app\\Views\\pekerjaan\\detail_to.php')
 3 SYSTEMPATH\View\View.php(231): CodeIgniter\View\View->CodeIgniter\View\{closure}()
 4 SYSTEMPATH\Common.php(1178): CodeIgniter\View\View->render('pekerjaan/detail_to', [], true)
 5 APPPATH\Controllers\Pekerjaan.php(135): view('pekerjaan/detail_to', [...])
 6 SYSTEMPATH\CodeIgniter.php(941): App\Controllers\Pekerjaan->detail_task_overdue('5')
 7 SYSTEMPATH\CodeIgniter.php(502): CodeIgniter\CodeIgniter->runController(Object(App\Controllers\Pekerjaan))
 8 SYSTEMPATH\CodeIgniter.php(361): CodeIgniter\CodeIgniter->handleRequest(null, Object(Config\Cache), false)
 9 FCPATH\index.php(80): CodeIgniter\CodeIgniter->run()
10 SYSTEMPATH\Commands\Server\rewrite.php(47): require_once('C:\\xampp\\htdocs\\Destask\\public\\index.php')
WARNING - 2025-07-27 17:41:34 --> [DEPRECATED] strtotime(): Passing null to parameter #1 ($datetime) of type string is deprecated in APPPATH\Views\pekerjaan\detail_to.php on line 39.
 1 APPPATH\Views\pekerjaan\detail_to.php(39): strtotime(null)
 2 SYSTEMPATH\View\View.php(228): include('C:\\xampp\\htdocs\\Destask\\app\\Views\\pekerjaan\\detail_to.php')
 3 SYSTEMPATH\View\View.php(231): CodeIgniter\View\View->CodeIgniter\View\{closure}()
 4 SYSTEMPATH\Common.php(1178): CodeIgniter\View\View->render('pekerjaan/detail_to', [], true)
 5 APPPATH\Controllers\Pekerjaan.php(135): view('pekerjaan/detail_to', [...])
 6 SYSTEMPATH\CodeIgniter.php(941): App\Controllers\Pekerjaan->detail_task_overdue('5')
 7 SYSTEMPATH\CodeIgniter.php(502): CodeIgniter\CodeIgniter->runController(Object(App\Controllers\Pekerjaan))
 8 SYSTEMPATH\CodeIgniter.php(361): CodeIgniter\CodeIgniter->handleRequest(null, Object(Config\Cache), false)
 9 FCPATH\index.php(80): CodeIgniter\CodeIgniter->run()
10 SYSTEMPATH\Commands\Server\rewrite.php(47): require_once('C:\\xampp\\htdocs\\Destask\\public\\index.php')
WARNING - 2025-07-27 17:41:34 --> [DEPRECATED] strtotime(): Passing null to parameter #1 ($datetime) of type string is deprecated in APPPATH\Views\pekerjaan\detail_to.php on line 39.
 1 APPPATH\Views\pekerjaan\detail_to.php(39): strtotime(null)
 2 SYSTEMPATH\View\View.php(228): include('C:\\xampp\\htdocs\\Destask\\app\\Views\\pekerjaan\\detail_to.php')
 3 SYSTEMPATH\View\View.php(231): CodeIgniter\View\View->CodeIgniter\View\{closure}()
 4 SYSTEMPATH\Common.php(1178): CodeIgniter\View\View->render('pekerjaan/detail_to', [], true)
 5 APPPATH\Controllers\Pekerjaan.php(135): view('pekerjaan/detail_to', [...])
 6 SYSTEMPATH\CodeIgniter.php(941): App\Controllers\Pekerjaan->detail_task_overdue('5')
 7 SYSTEMPATH\CodeIgniter.php(502): CodeIgniter\CodeIgniter->runController(Object(App\Controllers\Pekerjaan))
 8 SYSTEMPATH\CodeIgniter.php(361): CodeIgniter\CodeIgniter->handleRequest(null, Object(Config\Cache), false)
 9 FCPATH\index.php(80): CodeIgniter\CodeIgniter->run()
10 SYSTEMPATH\Commands\Server\rewrite.php(47): require_once('C:\\xampp\\htdocs\\Destask\\public\\index.php')
WARNING - 2025-07-27 17:41:34 --> [DEPRECATED] strtotime(): Passing null to parameter #1 ($datetime) of type string is deprecated in APPPATH\Views\pekerjaan\detail_to.php on line 39.
 1 APPPATH\Views\pekerjaan\detail_to.php(39): strtotime(null)
 2 SYSTEMPATH\View\View.php(228): include('C:\\xampp\\htdocs\\Destask\\app\\Views\\pekerjaan\\detail_to.php')
 3 SYSTEMPATH\View\View.php(231): CodeIgniter\View\View->CodeIgniter\View\{closure}()
 4 SYSTEMPATH\Common.php(1178): CodeIgniter\View\View->render('pekerjaan/detail_to', [], true)
 5 APPPATH\Controllers\Pekerjaan.php(135): view('pekerjaan/detail_to', [...])
 6 SYSTEMPATH\CodeIgniter.php(941): App\Controllers\Pekerjaan->detail_task_overdue('5')
 7 SYSTEMPATH\CodeIgniter.php(502): CodeIgniter\CodeIgniter->runController(Object(App\Controllers\Pekerjaan))
 8 SYSTEMPATH\CodeIgniter.php(361): CodeIgniter\CodeIgniter->handleRequest(null, Object(Config\Cache), false)
 9 FCPATH\index.php(80): CodeIgniter\CodeIgniter->run()
10 SYSTEMPATH\Commands\Server\rewrite.php(47): require_once('C:\\xampp\\htdocs\\Destask\\public\\index.php')
WARNING - 2025-07-27 17:41:34 --> [DEPRECATED] strtotime(): Passing null to parameter #1 ($datetime) of type string is deprecated in APPPATH\Views\pekerjaan\detail_to.php on line 39.
 1 APPPATH\Views\pekerjaan\detail_to.php(39): strtotime(null)
 2 SYSTEMPATH\View\View.php(228): include('C:\\xampp\\htdocs\\Destask\\app\\Views\\pekerjaan\\detail_to.php')
 3 SYSTEMPATH\View\View.php(231): CodeIgniter\View\View->CodeIgniter\View\{closure}()
 4 SYSTEMPATH\Common.php(1178): CodeIgniter\View\View->render('pekerjaan/detail_to', [], true)
 5 APPPATH\Controllers\Pekerjaan.php(135): view('pekerjaan/detail_to', [...])
 6 SYSTEMPATH\CodeIgniter.php(941): App\Controllers\Pekerjaan->detail_task_overdue('5')
 7 SYSTEMPATH\CodeIgniter.php(502): CodeIgniter\CodeIgniter->runController(Object(App\Controllers\Pekerjaan))
 8 SYSTEMPATH\CodeIgniter.php(361): CodeIgniter\CodeIgniter->handleRequest(null, Object(Config\Cache), false)
 9 FCPATH\index.php(80): CodeIgniter\CodeIgniter->run()
10 SYSTEMPATH\Commands\Server\rewrite.php(47): require_once('C:\\xampp\\htdocs\\Destask\\public\\index.php')
WARNING - 2025-07-27 17:41:34 --> [DEPRECATED] strtotime(): Passing null to parameter #1 ($datetime) of type string is deprecated in APPPATH\Views\pekerjaan\detail_to.php on line 39.
 1 APPPATH\Views\pekerjaan\detail_to.php(39): strtotime(null)
 2 SYSTEMPATH\View\View.php(228): include('C:\\xampp\\htdocs\\Destask\\app\\Views\\pekerjaan\\detail_to.php')
 3 SYSTEMPATH\View\View.php(231): CodeIgniter\View\View->CodeIgniter\View\{closure}()
 4 SYSTEMPATH\Common.php(1178): CodeIgniter\View\View->render('pekerjaan/detail_to', [], true)
 5 APPPATH\Controllers\Pekerjaan.php(135): view('pekerjaan/detail_to', [...])
 6 SYSTEMPATH\CodeIgniter.php(941): App\Controllers\Pekerjaan->detail_task_overdue('5')
 7 SYSTEMPATH\CodeIgniter.php(502): CodeIgniter\CodeIgniter->runController(Object(App\Controllers\Pekerjaan))
 8 SYSTEMPATH\CodeIgniter.php(361): CodeIgniter\CodeIgniter->handleRequest(null, Object(Config\Cache), false)
 9 FCPATH\index.php(80): CodeIgniter\CodeIgniter->run()
10 SYSTEMPATH\Commands\Server\rewrite.php(47): require_once('C:\\xampp\\htdocs\\Destask\\public\\index.php')
WARNING - 2025-07-27 17:41:34 --> [DEPRECATED] strtotime(): Passing null to parameter #1 ($datetime) of type string is deprecated in APPPATH\Views\pekerjaan\detail_to.php on line 39.
 1 APPPATH\Views\pekerjaan\detail_to.php(39): strtotime(null)
 2 SYSTEMPATH\View\View.php(228): include('C:\\xampp\\htdocs\\Destask\\app\\Views\\pekerjaan\\detail_to.php')
 3 SYSTEMPATH\View\View.php(231): CodeIgniter\View\View->CodeIgniter\View\{closure}()
 4 SYSTEMPATH\Common.php(1178): CodeIgniter\View\View->render('pekerjaan/detail_to', [], true)
 5 APPPATH\Controllers\Pekerjaan.php(135): view('pekerjaan/detail_to', [...])
 6 SYSTEMPATH\CodeIgniter.php(941): App\Controllers\Pekerjaan->detail_task_overdue('5')
 7 SYSTEMPATH\CodeIgniter.php(502): CodeIgniter\CodeIgniter->runController(Object(App\Controllers\Pekerjaan))
 8 SYSTEMPATH\CodeIgniter.php(361): CodeIgniter\CodeIgniter->handleRequest(null, Object(Config\Cache), false)
 9 FCPATH\index.php(80): CodeIgniter\CodeIgniter->run()
10 SYSTEMPATH\Commands\Server\rewrite.php(47): require_once('C:\\xampp\\htdocs\\Destask\\public\\index.php')
WARNING - 2025-07-27 17:41:34 --> [DEPRECATED] strtotime(): Passing null to parameter #1 ($datetime) of type string is deprecated in APPPATH\Views\pekerjaan\detail_to.php on line 39.
 1 APPPATH\Views\pekerjaan\detail_to.php(39): strtotime(null)
 2 SYSTEMPATH\View\View.php(228): include('C:\\xampp\\htdocs\\Destask\\app\\Views\\pekerjaan\\detail_to.php')
 3 SYSTEMPATH\View\View.php(231): CodeIgniter\View\View->CodeIgniter\View\{closure}()
 4 SYSTEMPATH\Common.php(1178): CodeIgniter\View\View->render('pekerjaan/detail_to', [], true)
 5 APPPATH\Controllers\Pekerjaan.php(135): view('pekerjaan/detail_to', [...])
 6 SYSTEMPATH\CodeIgniter.php(941): App\Controllers\Pekerjaan->detail_task_overdue('5')
 7 SYSTEMPATH\CodeIgniter.php(502): CodeIgniter\CodeIgniter->runController(Object(App\Controllers\Pekerjaan))
 8 SYSTEMPATH\CodeIgniter.php(361): CodeIgniter\CodeIgniter->handleRequest(null, Object(Config\Cache), false)
 9 FCPATH\index.php(80): CodeIgniter\CodeIgniter->run()
10 SYSTEMPATH\Commands\Server\rewrite.php(47): require_once('C:\\xampp\\htdocs\\Destask\\public\\index.php')
WARNING - 2025-07-27 17:41:34 --> [DEPRECATED] strtotime(): Passing null to parameter #1 ($datetime) of type string is deprecated in APPPATH\Views\pekerjaan\detail_to.php on line 39.
 1 APPPATH\Views\pekerjaan\detail_to.php(39): strtotime(null)
 2 SYSTEMPATH\View\View.php(228): include('C:\\xampp\\htdocs\\Destask\\app\\Views\\pekerjaan\\detail_to.php')
 3 SYSTEMPATH\View\View.php(231): CodeIgniter\View\View->CodeIgniter\View\{closure}()
 4 SYSTEMPATH\Common.php(1178): CodeIgniter\View\View->render('pekerjaan/detail_to', [], true)
 5 APPPATH\Controllers\Pekerjaan.php(135): view('pekerjaan/detail_to', [...])
 6 SYSTEMPATH\CodeIgniter.php(941): App\Controllers\Pekerjaan->detail_task_overdue('5')
 7 SYSTEMPATH\CodeIgniter.php(502): CodeIgniter\CodeIgniter->runController(Object(App\Controllers\Pekerjaan))
 8 SYSTEMPATH\CodeIgniter.php(361): CodeIgniter\CodeIgniter->handleRequest(null, Object(Config\Cache), false)
 9 FCPATH\index.php(80): CodeIgniter\CodeIgniter->run()
10 SYSTEMPATH\Commands\Server\rewrite.php(47): require_once('C:\\xampp\\htdocs\\Destask\\public\\index.php')
WARNING - 2025-07-27 17:41:34 --> [DEPRECATED] strtotime(): Passing null to parameter #1 ($datetime) of type string is deprecated in APPPATH\Views\pekerjaan\detail_to.php on line 39.
 1 APPPATH\Views\pekerjaan\detail_to.php(39): strtotime(null)
 2 SYSTEMPATH\View\View.php(228): include('C:\\xampp\\htdocs\\Destask\\app\\Views\\pekerjaan\\detail_to.php')
 3 SYSTEMPATH\View\View.php(231): CodeIgniter\View\View->CodeIgniter\View\{closure}()
 4 SYSTEMPATH\Common.php(1178): CodeIgniter\View\View->render('pekerjaan/detail_to', [], true)
 5 APPPATH\Controllers\Pekerjaan.php(135): view('pekerjaan/detail_to', [...])
 6 SYSTEMPATH\CodeIgniter.php(941): App\Controllers\Pekerjaan->detail_task_overdue('5')
 7 SYSTEMPATH\CodeIgniter.php(502): CodeIgniter\CodeIgniter->runController(Object(App\Controllers\Pekerjaan))
 8 SYSTEMPATH\CodeIgniter.php(361): CodeIgniter\CodeIgniter->handleRequest(null, Object(Config\Cache), false)
 9 FCPATH\index.php(80): CodeIgniter\CodeIgniter->run()
10 SYSTEMPATH\Commands\Server\rewrite.php(47): require_once('C:\\xampp\\htdocs\\Destask\\public\\index.php')
WARNING - 2025-07-27 17:41:34 --> [DEPRECATED] strtotime(): Passing null to parameter #1 ($datetime) of type string is deprecated in APPPATH\Views\pekerjaan\detail_to.php on line 39.
 1 APPPATH\Views\pekerjaan\detail_to.php(39): strtotime(null)
 2 SYSTEMPATH\View\View.php(228): include('C:\\xampp\\htdocs\\Destask\\app\\Views\\pekerjaan\\detail_to.php')
 3 SYSTEMPATH\View\View.php(231): CodeIgniter\View\View->CodeIgniter\View\{closure}()
 4 SYSTEMPATH\Common.php(1178): CodeIgniter\View\View->render('pekerjaan/detail_to', [], true)
 5 APPPATH\Controllers\Pekerjaan.php(135): view('pekerjaan/detail_to', [...])
 6 SYSTEMPATH\CodeIgniter.php(941): App\Controllers\Pekerjaan->detail_task_overdue('5')
 7 SYSTEMPATH\CodeIgniter.php(502): CodeIgniter\CodeIgniter->runController(Object(App\Controllers\Pekerjaan))
 8 SYSTEMPATH\CodeIgniter.php(361): CodeIgniter\CodeIgniter->handleRequest(null, Object(Config\Cache), false)
 9 FCPATH\index.php(80): CodeIgniter\CodeIgniter->run()
10 SYSTEMPATH\Commands\Server\rewrite.php(47): require_once('C:\\xampp\\htdocs\\Destask\\public\\index.php')
WARNING - 2025-07-27 17:41:34 --> [DEPRECATED] strtotime(): Passing null to parameter #1 ($datetime) of type string is deprecated in APPPATH\Views\pekerjaan\detail_to.php on line 39.
 1 APPPATH\Views\pekerjaan\detail_to.php(39): strtotime(null)
 2 SYSTEMPATH\View\View.php(228): include('C:\\xampp\\htdocs\\Destask\\app\\Views\\pekerjaan\\detail_to.php')
 3 SYSTEMPATH\View\View.php(231): CodeIgniter\View\View->CodeIgniter\View\{closure}()
 4 SYSTEMPATH\Common.php(1178): CodeIgniter\View\View->render('pekerjaan/detail_to', [], true)
 5 APPPATH\Controllers\Pekerjaan.php(135): view('pekerjaan/detail_to', [...])
 6 SYSTEMPATH\CodeIgniter.php(941): App\Controllers\Pekerjaan->detail_task_overdue('5')
 7 SYSTEMPATH\CodeIgniter.php(502): CodeIgniter\CodeIgniter->runController(Object(App\Controllers\Pekerjaan))
 8 SYSTEMPATH\CodeIgniter.php(361): CodeIgniter\CodeIgniter->handleRequest(null, Object(Config\Cache), false)
 9 FCPATH\index.php(80): CodeIgniter\CodeIgniter->run()
10 SYSTEMPATH\Commands\Server\rewrite.php(47): require_once('C:\\xampp\\htdocs\\Destask\\public\\index.php')
WARNING - 2025-07-27 17:41:34 --> [DEPRECATED] strtotime(): Passing null to parameter #1 ($datetime) of type string is deprecated in APPPATH\Views\pekerjaan\detail_to.php on line 39.
 1 APPPATH\Views\pekerjaan\detail_to.php(39): strtotime(null)
 2 SYSTEMPATH\View\View.php(228): include('C:\\xampp\\htdocs\\Destask\\app\\Views\\pekerjaan\\detail_to.php')
 3 SYSTEMPATH\View\View.php(231): CodeIgniter\View\View->CodeIgniter\View\{closure}()
 4 SYSTEMPATH\Common.php(1178): CodeIgniter\View\View->render('pekerjaan/detail_to', [], true)
 5 APPPATH\Controllers\Pekerjaan.php(135): view('pekerjaan/detail_to', [...])
 6 SYSTEMPATH\CodeIgniter.php(941): App\Controllers\Pekerjaan->detail_task_overdue('5')
 7 SYSTEMPATH\CodeIgniter.php(502): CodeIgniter\CodeIgniter->runController(Object(App\Controllers\Pekerjaan))
 8 SYSTEMPATH\CodeIgniter.php(361): CodeIgniter\CodeIgniter->handleRequest(null, Object(Config\Cache), false)
 9 FCPATH\index.php(80): CodeIgniter\CodeIgniter->run()
10 SYSTEMPATH\Commands\Server\rewrite.php(47): require_once('C:\\xampp\\htdocs\\Destask\\public\\index.php')
WARNING - 2025-07-27 17:41:34 --> [DEPRECATED] strtotime(): Passing null to parameter #1 ($datetime) of type string is deprecated in APPPATH\Views\pekerjaan\detail_to.php on line 39.
 1 APPPATH\Views\pekerjaan\detail_to.php(39): strtotime(null)
 2 SYSTEMPATH\View\View.php(228): include('C:\\xampp\\htdocs\\Destask\\app\\Views\\pekerjaan\\detail_to.php')
 3 SYSTEMPATH\View\View.php(231): CodeIgniter\View\View->CodeIgniter\View\{closure}()
 4 SYSTEMPATH\Common.php(1178): CodeIgniter\View\View->render('pekerjaan/detail_to', [], true)
 5 APPPATH\Controllers\Pekerjaan.php(135): view('pekerjaan/detail_to', [...])
 6 SYSTEMPATH\CodeIgniter.php(941): App\Controllers\Pekerjaan->detail_task_overdue('5')
 7 SYSTEMPATH\CodeIgniter.php(502): CodeIgniter\CodeIgniter->runController(Object(App\Controllers\Pekerjaan))
 8 SYSTEMPATH\CodeIgniter.php(361): CodeIgniter\CodeIgniter->handleRequest(null, Object(Config\Cache), false)
 9 FCPATH\index.php(80): CodeIgniter\CodeIgniter->run()
10 SYSTEMPATH\Commands\Server\rewrite.php(47): require_once('C:\\xampp\\htdocs\\Destask\\public\\index.php')
WARNING - 2025-07-27 17:41:34 --> [DEPRECATED] strtotime(): Passing null to parameter #1 ($datetime) of type string is deprecated in APPPATH\Views\pekerjaan\detail_to.php on line 39.
 1 APPPATH\Views\pekerjaan\detail_to.php(39): strtotime(null)
 2 SYSTEMPATH\View\View.php(228): include('C:\\xampp\\htdocs\\Destask\\app\\Views\\pekerjaan\\detail_to.php')
 3 SYSTEMPATH\View\View.php(231): CodeIgniter\View\View->CodeIgniter\View\{closure}()
 4 SYSTEMPATH\Common.php(1178): CodeIgniter\View\View->render('pekerjaan/detail_to', [], true)
 5 APPPATH\Controllers\Pekerjaan.php(135): view('pekerjaan/detail_to', [...])
 6 SYSTEMPATH\CodeIgniter.php(941): App\Controllers\Pekerjaan->detail_task_overdue('5')
 7 SYSTEMPATH\CodeIgniter.php(502): CodeIgniter\CodeIgniter->runController(Object(App\Controllers\Pekerjaan))
 8 SYSTEMPATH\CodeIgniter.php(361): CodeIgniter\CodeIgniter->handleRequest(null, Object(Config\Cache), false)
 9 FCPATH\index.php(80): CodeIgniter\CodeIgniter->run()
10 SYSTEMPATH\Commands\Server\rewrite.php(47): require_once('C:\\xampp\\htdocs\\Destask\\public\\index.php')
WARNING - 2025-07-27 17:41:34 --> [DEPRECATED] strtotime(): Passing null to parameter #1 ($datetime) of type string is deprecated in APPPATH\Views\pekerjaan\detail_to.php on line 39.
 1 APPPATH\Views\pekerjaan\detail_to.php(39): strtotime(null)
 2 SYSTEMPATH\View\View.php(228): include('C:\\xampp\\htdocs\\Destask\\app\\Views\\pekerjaan\\detail_to.php')
 3 SYSTEMPATH\View\View.php(231): CodeIgniter\View\View->CodeIgniter\View\{closure}()
 4 SYSTEMPATH\Common.php(1178): CodeIgniter\View\View->render('pekerjaan/detail_to', [], true)
 5 APPPATH\Controllers\Pekerjaan.php(135): view('pekerjaan/detail_to', [...])
 6 SYSTEMPATH\CodeIgniter.php(941): App\Controllers\Pekerjaan->detail_task_overdue('5')
 7 SYSTEMPATH\CodeIgniter.php(502): CodeIgniter\CodeIgniter->runController(Object(App\Controllers\Pekerjaan))
 8 SYSTEMPATH\CodeIgniter.php(361): CodeIgniter\CodeIgniter->handleRequest(null, Object(Config\Cache), false)
 9 FCPATH\index.php(80): CodeIgniter\CodeIgniter->run()
10 SYSTEMPATH\Commands\Server\rewrite.php(47): require_once('C:\\xampp\\htdocs\\Destask\\public\\index.php')
WARNING - 2025-07-27 17:41:34 --> [DEPRECATED] strtotime(): Passing null to parameter #1 ($datetime) of type string is deprecated in APPPATH\Views\pekerjaan\detail_to.php on line 39.
 1 APPPATH\Views\pekerjaan\detail_to.php(39): strtotime(null)
 2 SYSTEMPATH\View\View.php(228): include('C:\\xampp\\htdocs\\Destask\\app\\Views\\pekerjaan\\detail_to.php')
 3 SYSTEMPATH\View\View.php(231): CodeIgniter\View\View->CodeIgniter\View\{closure}()
 4 SYSTEMPATH\Common.php(1178): CodeIgniter\View\View->render('pekerjaan/detail_to', [], true)
 5 APPPATH\Controllers\Pekerjaan.php(135): view('pekerjaan/detail_to', [...])
 6 SYSTEMPATH\CodeIgniter.php(941): App\Controllers\Pekerjaan->detail_task_overdue('5')
 7 SYSTEMPATH\CodeIgniter.php(502): CodeIgniter\CodeIgniter->runController(Object(App\Controllers\Pekerjaan))
 8 SYSTEMPATH\CodeIgniter.php(361): CodeIgniter\CodeIgniter->handleRequest(null, Object(Config\Cache), false)
 9 FCPATH\index.php(80): CodeIgniter\CodeIgniter->run()
10 SYSTEMPATH\Commands\Server\rewrite.php(47): require_once('C:\\xampp\\htdocs\\Destask\\public\\index.php')
WARNING - 2025-07-27 17:41:34 --> [DEPRECATED] strtotime(): Passing null to parameter #1 ($datetime) of type string is deprecated in APPPATH\Views\pekerjaan\detail_to.php on line 39.
 1 APPPATH\Views\pekerjaan\detail_to.php(39): strtotime(null)
 2 SYSTEMPATH\View\View.php(228): include('C:\\xampp\\htdocs\\Destask\\app\\Views\\pekerjaan\\detail_to.php')
 3 SYSTEMPATH\View\View.php(231): CodeIgniter\View\View->CodeIgniter\View\{closure}()
 4 SYSTEMPATH\Common.php(1178): CodeIgniter\View\View->render('pekerjaan/detail_to', [], true)
 5 APPPATH\Controllers\Pekerjaan.php(135): view('pekerjaan/detail_to', [...])
 6 SYSTEMPATH\CodeIgniter.php(941): App\Controllers\Pekerjaan->detail_task_overdue('5')
 7 SYSTEMPATH\CodeIgniter.php(502): CodeIgniter\CodeIgniter->runController(Object(App\Controllers\Pekerjaan))
 8 SYSTEMPATH\CodeIgniter.php(361): CodeIgniter\CodeIgniter->handleRequest(null, Object(Config\Cache), false)
 9 FCPATH\index.php(80): CodeIgniter\CodeIgniter->run()
10 SYSTEMPATH\Commands\Server\rewrite.php(47): require_once('C:\\xampp\\htdocs\\Destask\\public\\index.php')
WARNING - 2025-07-27 17:41:34 --> [DEPRECATED] strtotime(): Passing null to parameter #1 ($datetime) of type string is deprecated in APPPATH\Views\pekerjaan\detail_to.php on line 39.
 1 APPPATH\Views\pekerjaan\detail_to.php(39): strtotime(null)
 2 SYSTEMPATH\View\View.php(228): include('C:\\xampp\\htdocs\\Destask\\app\\Views\\pekerjaan\\detail_to.php')
 3 SYSTEMPATH\View\View.php(231): CodeIgniter\View\View->CodeIgniter\View\{closure}()
 4 SYSTEMPATH\Common.php(1178): CodeIgniter\View\View->render('pekerjaan/detail_to', [], true)
 5 APPPATH\Controllers\Pekerjaan.php(135): view('pekerjaan/detail_to', [...])
 6 SYSTEMPATH\CodeIgniter.php(941): App\Controllers\Pekerjaan->detail_task_overdue('5')
 7 SYSTEMPATH\CodeIgniter.php(502): CodeIgniter\CodeIgniter->runController(Object(App\Controllers\Pekerjaan))
 8 SYSTEMPATH\CodeIgniter.php(361): CodeIgniter\CodeIgniter->handleRequest(null, Object(Config\Cache), false)
 9 FCPATH\index.php(80): CodeIgniter\CodeIgniter->run()
10 SYSTEMPATH\Commands\Server\rewrite.php(47): require_once('C:\\xampp\\htdocs\\Destask\\public\\index.php')
WARNING - 2025-07-27 17:41:34 --> [DEPRECATED] strtotime(): Passing null to parameter #1 ($datetime) of type string is deprecated in APPPATH\Views\pekerjaan\detail_to.php on line 39.
 1 APPPATH\Views\pekerjaan\detail_to.php(39): strtotime(null)
 2 SYSTEMPATH\View\View.php(228): include('C:\\xampp\\htdocs\\Destask\\app\\Views\\pekerjaan\\detail_to.php')
 3 SYSTEMPATH\View\View.php(231): CodeIgniter\View\View->CodeIgniter\View\{closure}()
 4 SYSTEMPATH\Common.php(1178): CodeIgniter\View\View->render('pekerjaan/detail_to', [], true)
 5 APPPATH\Controllers\Pekerjaan.php(135): view('pekerjaan/detail_to', [...])
 6 SYSTEMPATH\CodeIgniter.php(941): App\Controllers\Pekerjaan->detail_task_overdue('5')
 7 SYSTEMPATH\CodeIgniter.php(502): CodeIgniter\CodeIgniter->runController(Object(App\Controllers\Pekerjaan))
 8 SYSTEMPATH\CodeIgniter.php(361): CodeIgniter\CodeIgniter->handleRequest(null, Object(Config\Cache), false)
 9 FCPATH\index.php(80): CodeIgniter\CodeIgniter->run()
10 SYSTEMPATH\Commands\Server\rewrite.php(47): require_once('C:\\xampp\\htdocs\\Destask\\public\\index.php')
WARNING - 2025-07-27 17:41:34 --> [DEPRECATED] strtotime(): Passing null to parameter #1 ($datetime) of type string is deprecated in APPPATH\Views\pekerjaan\detail_to.php on line 39.
 1 APPPATH\Views\pekerjaan\detail_to.php(39): strtotime(null)
 2 SYSTEMPATH\View\View.php(228): include('C:\\xampp\\htdocs\\Destask\\app\\Views\\pekerjaan\\detail_to.php')
 3 SYSTEMPATH\View\View.php(231): CodeIgniter\View\View->CodeIgniter\View\{closure}()
 4 SYSTEMPATH\Common.php(1178): CodeIgniter\View\View->render('pekerjaan/detail_to', [], true)
 5 APPPATH\Controllers\Pekerjaan.php(135): view('pekerjaan/detail_to', [...])
 6 SYSTEMPATH\CodeIgniter.php(941): App\Controllers\Pekerjaan->detail_task_overdue('5')
 7 SYSTEMPATH\CodeIgniter.php(502): CodeIgniter\CodeIgniter->runController(Object(App\Controllers\Pekerjaan))
 8 SYSTEMPATH\CodeIgniter.php(361): CodeIgniter\CodeIgniter->handleRequest(null, Object(Config\Cache), false)
 9 FCPATH\index.php(80): CodeIgniter\CodeIgniter->run()
10 SYSTEMPATH\Commands\Server\rewrite.php(47): require_once('C:\\xampp\\htdocs\\Destask\\public\\index.php')
WARNING - 2025-07-27 17:41:34 --> [DEPRECATED] strtotime(): Passing null to parameter #1 ($datetime) of type string is deprecated in APPPATH\Views\pekerjaan\detail_to.php on line 39.
 1 APPPATH\Views\pekerjaan\detail_to.php(39): strtotime(null)
 2 SYSTEMPATH\View\View.php(228): include('C:\\xampp\\htdocs\\Destask\\app\\Views\\pekerjaan\\detail_to.php')
 3 SYSTEMPATH\View\View.php(231): CodeIgniter\View\View->CodeIgniter\View\{closure}()
 4 SYSTEMPATH\Common.php(1178): CodeIgniter\View\View->render('pekerjaan/detail_to', [], true)
 5 APPPATH\Controllers\Pekerjaan.php(135): view('pekerjaan/detail_to', [...])
 6 SYSTEMPATH\CodeIgniter.php(941): App\Controllers\Pekerjaan->detail_task_overdue('5')
 7 SYSTEMPATH\CodeIgniter.php(502): CodeIgniter\CodeIgniter->runController(Object(App\Controllers\Pekerjaan))
 8 SYSTEMPATH\CodeIgniter.php(361): CodeIgniter\CodeIgniter->handleRequest(null, Object(Config\Cache), false)
 9 FCPATH\index.php(80): CodeIgniter\CodeIgniter->run()
10 SYSTEMPATH\Commands\Server\rewrite.php(47): require_once('C:\\xampp\\htdocs\\Destask\\public\\index.php')
WARNING - 2025-07-27 17:41:34 --> [DEPRECATED] strtotime(): Passing null to parameter #1 ($datetime) of type string is deprecated in APPPATH\Views\pekerjaan\detail_to.php on line 39.
 1 APPPATH\Views\pekerjaan\detail_to.php(39): strtotime(null)
 2 SYSTEMPATH\View\View.php(228): include('C:\\xampp\\htdocs\\Destask\\app\\Views\\pekerjaan\\detail_to.php')
 3 SYSTEMPATH\View\View.php(231): CodeIgniter\View\View->CodeIgniter\View\{closure}()
 4 SYSTEMPATH\Common.php(1178): CodeIgniter\View\View->render('pekerjaan/detail_to', [], true)
 5 APPPATH\Controllers\Pekerjaan.php(135): view('pekerjaan/detail_to', [...])
 6 SYSTEMPATH\CodeIgniter.php(941): App\Controllers\Pekerjaan->detail_task_overdue('5')
 7 SYSTEMPATH\CodeIgniter.php(502): CodeIgniter\CodeIgniter->runController(Object(App\Controllers\Pekerjaan))
 8 SYSTEMPATH\CodeIgniter.php(361): CodeIgniter\CodeIgniter->handleRequest(null, Object(Config\Cache), false)
 9 FCPATH\index.php(80): CodeIgniter\CodeIgniter->run()
10 SYSTEMPATH\Commands\Server\rewrite.php(47): require_once('C:\\xampp\\htdocs\\Destask\\public\\index.php')
WARNING - 2025-07-27 17:41:34 --> [DEPRECATED] strtotime(): Passing null to parameter #1 ($datetime) of type string is deprecated in APPPATH\Views\pekerjaan\detail_to.php on line 39.
 1 APPPATH\Views\pekerjaan\detail_to.php(39): strtotime(null)
 2 SYSTEMPATH\View\View.php(228): include('C:\\xampp\\htdocs\\Destask\\app\\Views\\pekerjaan\\detail_to.php')
 3 SYSTEMPATH\View\View.php(231): CodeIgniter\View\View->CodeIgniter\View\{closure}()
 4 SYSTEMPATH\Common.php(1178): CodeIgniter\View\View->render('pekerjaan/detail_to', [], true)
 5 APPPATH\Controllers\Pekerjaan.php(135): view('pekerjaan/detail_to', [...])
 6 SYSTEMPATH\CodeIgniter.php(941): App\Controllers\Pekerjaan->detail_task_overdue('5')
 7 SYSTEMPATH\CodeIgniter.php(502): CodeIgniter\CodeIgniter->runController(Object(App\Controllers\Pekerjaan))
 8 SYSTEMPATH\CodeIgniter.php(361): CodeIgniter\CodeIgniter->handleRequest(null, Object(Config\Cache), false)
 9 FCPATH\index.php(80): CodeIgniter\CodeIgniter->run()
10 SYSTEMPATH\Commands\Server\rewrite.php(47): require_once('C:\\xampp\\htdocs\\Destask\\public\\index.php')
WARNING - 2025-07-27 17:41:34 --> [DEPRECATED] strtotime(): Passing null to parameter #1 ($datetime) of type string is deprecated in APPPATH\Views\pekerjaan\detail_to.php on line 39.
 1 APPPATH\Views\pekerjaan\detail_to.php(39): strtotime(null)
 2 SYSTEMPATH\View\View.php(228): include('C:\\xampp\\htdocs\\Destask\\app\\Views\\pekerjaan\\detail_to.php')
 3 SYSTEMPATH\View\View.php(231): CodeIgniter\View\View->CodeIgniter\View\{closure}()
 4 SYSTEMPATH\Common.php(1178): CodeIgniter\View\View->render('pekerjaan/detail_to', [], true)
 5 APPPATH\Controllers\Pekerjaan.php(135): view('pekerjaan/detail_to', [...])
 6 SYSTEMPATH\CodeIgniter.php(941): App\Controllers\Pekerjaan->detail_task_overdue('5')
 7 SYSTEMPATH\CodeIgniter.php(502): CodeIgniter\CodeIgniter->runController(Object(App\Controllers\Pekerjaan))
 8 SYSTEMPATH\CodeIgniter.php(361): CodeIgniter\CodeIgniter->handleRequest(null, Object(Config\Cache), false)
 9 FCPATH\index.php(80): CodeIgniter\CodeIgniter->run()
10 SYSTEMPATH\Commands\Server\rewrite.php(47): require_once('C:\\xampp\\htdocs\\Destask\\public\\index.php')
WARNING - 2025-07-27 17:41:34 --> [DEPRECATED] strtotime(): Passing null to parameter #1 ($datetime) of type string is deprecated in APPPATH\Views\pekerjaan\detail_to.php on line 39.
 1 APPPATH\Views\pekerjaan\detail_to.php(39): strtotime(null)
 2 SYSTEMPATH\View\View.php(228): include('C:\\xampp\\htdocs\\Destask\\app\\Views\\pekerjaan\\detail_to.php')
 3 SYSTEMPATH\View\View.php(231): CodeIgniter\View\View->CodeIgniter\View\{closure}()
 4 SYSTEMPATH\Common.php(1178): CodeIgniter\View\View->render('pekerjaan/detail_to', [], true)
 5 APPPATH\Controllers\Pekerjaan.php(135): view('pekerjaan/detail_to', [...])
 6 SYSTEMPATH\CodeIgniter.php(941): App\Controllers\Pekerjaan->detail_task_overdue('5')
 7 SYSTEMPATH\CodeIgniter.php(502): CodeIgniter\CodeIgniter->runController(Object(App\Controllers\Pekerjaan))
 8 SYSTEMPATH\CodeIgniter.php(361): CodeIgniter\CodeIgniter->handleRequest(null, Object(Config\Cache), false)
 9 FCPATH\index.php(80): CodeIgniter\CodeIgniter->run()
10 SYSTEMPATH\Commands\Server\rewrite.php(47): require_once('C:\\xampp\\htdocs\\Destask\\public\\index.php')
WARNING - 2025-07-27 17:41:34 --> [DEPRECATED] strtotime(): Passing null to parameter #1 ($datetime) of type string is deprecated in APPPATH\Views\pekerjaan\detail_to.php on line 39.
 1 APPPATH\Views\pekerjaan\detail_to.php(39): strtotime(null)
 2 SYSTEMPATH\View\View.php(228): include('C:\\xampp\\htdocs\\Destask\\app\\Views\\pekerjaan\\detail_to.php')
 3 SYSTEMPATH\View\View.php(231): CodeIgniter\View\View->CodeIgniter\View\{closure}()
 4 SYSTEMPATH\Common.php(1178): CodeIgniter\View\View->render('pekerjaan/detail_to', [], true)
 5 APPPATH\Controllers\Pekerjaan.php(135): view('pekerjaan/detail_to', [...])
 6 SYSTEMPATH\CodeIgniter.php(941): App\Controllers\Pekerjaan->detail_task_overdue('5')
 7 SYSTEMPATH\CodeIgniter.php(502): CodeIgniter\CodeIgniter->runController(Object(App\Controllers\Pekerjaan))
 8 SYSTEMPATH\CodeIgniter.php(361): CodeIgniter\CodeIgniter->handleRequest(null, Object(Config\Cache), false)
 9 FCPATH\index.php(80): CodeIgniter\CodeIgniter->run()
10 SYSTEMPATH\Commands\Server\rewrite.php(47): require_once('C:\\xampp\\htdocs\\Destask\\public\\index.php')
WARNING - 2025-07-27 17:41:34 --> [DEPRECATED] strtotime(): Passing null to parameter #1 ($datetime) of type string is deprecated in APPPATH\Views\pekerjaan\detail_to.php on line 39.
 1 APPPATH\Views\pekerjaan\detail_to.php(39): strtotime(null)
 2 SYSTEMPATH\View\View.php(228): include('C:\\xampp\\htdocs\\Destask\\app\\Views\\pekerjaan\\detail_to.php')
 3 SYSTEMPATH\View\View.php(231): CodeIgniter\View\View->CodeIgniter\View\{closure}()
 4 SYSTEMPATH\Common.php(1178): CodeIgniter\View\View->render('pekerjaan/detail_to', [], true)
 5 APPPATH\Controllers\Pekerjaan.php(135): view('pekerjaan/detail_to', [...])
 6 SYSTEMPATH\CodeIgniter.php(941): App\Controllers\Pekerjaan->detail_task_overdue('5')
 7 SYSTEMPATH\CodeIgniter.php(502): CodeIgniter\CodeIgniter->runController(Object(App\Controllers\Pekerjaan))
 8 SYSTEMPATH\CodeIgniter.php(361): CodeIgniter\CodeIgniter->handleRequest(null, Object(Config\Cache), false)
 9 FCPATH\index.php(80): CodeIgniter\CodeIgniter->run()
10 SYSTEMPATH\Commands\Server\rewrite.php(47): require_once('C:\\xampp\\htdocs\\Destask\\public\\index.php')
WARNING - 2025-07-27 17:41:34 --> [DEPRECATED] strtotime(): Passing null to parameter #1 ($datetime) of type string is deprecated in APPPATH\Views\pekerjaan\detail_to.php on line 39.
 1 APPPATH\Views\pekerjaan\detail_to.php(39): strtotime(null)
 2 SYSTEMPATH\View\View.php(228): include('C:\\xampp\\htdocs\\Destask\\app\\Views\\pekerjaan\\detail_to.php')
 3 SYSTEMPATH\View\View.php(231): CodeIgniter\View\View->CodeIgniter\View\{closure}()
 4 SYSTEMPATH\Common.php(1178): CodeIgniter\View\View->render('pekerjaan/detail_to', [], true)
 5 APPPATH\Controllers\Pekerjaan.php(135): view('pekerjaan/detail_to', [...])
 6 SYSTEMPATH\CodeIgniter.php(941): App\Controllers\Pekerjaan->detail_task_overdue('5')
 7 SYSTEMPATH\CodeIgniter.php(502): CodeIgniter\CodeIgniter->runController(Object(App\Controllers\Pekerjaan))
 8 SYSTEMPATH\CodeIgniter.php(361): CodeIgniter\CodeIgniter->handleRequest(null, Object(Config\Cache), false)
 9 FCPATH\index.php(80): CodeIgniter\CodeIgniter->run()
10 SYSTEMPATH\Commands\Server\rewrite.php(47): require_once('C:\\xampp\\htdocs\\Destask\\public\\index.php')
WARNING - 2025-07-27 17:41:34 --> [DEPRECATED] strtotime(): Passing null to parameter #1 ($datetime) of type string is deprecated in APPPATH\Views\pekerjaan\detail_to.php on line 39.
 1 APPPATH\Views\pekerjaan\detail_to.php(39): strtotime(null)
 2 SYSTEMPATH\View\View.php(228): include('C:\\xampp\\htdocs\\Destask\\app\\Views\\pekerjaan\\detail_to.php')
 3 SYSTEMPATH\View\View.php(231): CodeIgniter\View\View->CodeIgniter\View\{closure}()
 4 SYSTEMPATH\Common.php(1178): CodeIgniter\View\View->render('pekerjaan/detail_to', [], true)
 5 APPPATH\Controllers\Pekerjaan.php(135): view('pekerjaan/detail_to', [...])
 6 SYSTEMPATH\CodeIgniter.php(941): App\Controllers\Pekerjaan->detail_task_overdue('5')
 7 SYSTEMPATH\CodeIgniter.php(502): CodeIgniter\CodeIgniter->runController(Object(App\Controllers\Pekerjaan))
 8 SYSTEMPATH\CodeIgniter.php(361): CodeIgniter\CodeIgniter->handleRequest(null, Object(Config\Cache), false)
 9 FCPATH\index.php(80): CodeIgniter\CodeIgniter->run()
10 SYSTEMPATH\Commands\Server\rewrite.php(47): require_once('C:\\xampp\\htdocs\\Destask\\public\\index.php')
WARNING - 2025-07-27 17:41:34 --> [DEPRECATED] strtotime(): Passing null to parameter #1 ($datetime) of type string is deprecated in APPPATH\Views\pekerjaan\detail_to.php on line 39.
 1 APPPATH\Views\pekerjaan\detail_to.php(39): strtotime(null)
 2 SYSTEMPATH\View\View.php(228): include('C:\\xampp\\htdocs\\Destask\\app\\Views\\pekerjaan\\detail_to.php')
 3 SYSTEMPATH\View\View.php(231): CodeIgniter\View\View->CodeIgniter\View\{closure}()
 4 SYSTEMPATH\Common.php(1178): CodeIgniter\View\View->render('pekerjaan/detail_to', [], true)
 5 APPPATH\Controllers\Pekerjaan.php(135): view('pekerjaan/detail_to', [...])
 6 SYSTEMPATH\CodeIgniter.php(941): App\Controllers\Pekerjaan->detail_task_overdue('5')
 7 SYSTEMPATH\CodeIgniter.php(502): CodeIgniter\CodeIgniter->runController(Object(App\Controllers\Pekerjaan))
 8 SYSTEMPATH\CodeIgniter.php(361): CodeIgniter\CodeIgniter->handleRequest(null, Object(Config\Cache), false)
 9 FCPATH\index.php(80): CodeIgniter\CodeIgniter->run()
10 SYSTEMPATH\Commands\Server\rewrite.php(47): require_once('C:\\xampp\\htdocs\\Destask\\public\\index.php')
WARNING - 2025-07-27 17:41:34 --> [DEPRECATED] strtotime(): Passing null to parameter #1 ($datetime) of type string is deprecated in APPPATH\Views\pekerjaan\detail_to.php on line 39.
 1 APPPATH\Views\pekerjaan\detail_to.php(39): strtotime(null)
 2 SYSTEMPATH\View\View.php(228): include('C:\\xampp\\htdocs\\Destask\\app\\Views\\pekerjaan\\detail_to.php')
 3 SYSTEMPATH\View\View.php(231): CodeIgniter\View\View->CodeIgniter\View\{closure}()
 4 SYSTEMPATH\Common.php(1178): CodeIgniter\View\View->render('pekerjaan/detail_to', [], true)
 5 APPPATH\Controllers\Pekerjaan.php(135): view('pekerjaan/detail_to', [...])
 6 SYSTEMPATH\CodeIgniter.php(941): App\Controllers\Pekerjaan->detail_task_overdue('5')
 7 SYSTEMPATH\CodeIgniter.php(502): CodeIgniter\CodeIgniter->runController(Object(App\Controllers\Pekerjaan))
 8 SYSTEMPATH\CodeIgniter.php(361): CodeIgniter\CodeIgniter->handleRequest(null, Object(Config\Cache), false)
 9 FCPATH\index.php(80): CodeIgniter\CodeIgniter->run()
10 SYSTEMPATH\Commands\Server\rewrite.php(47): require_once('C:\\xampp\\htdocs\\Destask\\public\\index.php')
WARNING - 2025-07-27 17:41:34 --> [DEPRECATED] strtotime(): Passing null to parameter #1 ($datetime) of type string is deprecated in APPPATH\Views\pekerjaan\detail_to.php on line 39.
 1 APPPATH\Views\pekerjaan\detail_to.php(39): strtotime(null)
 2 SYSTEMPATH\View\View.php(228): include('C:\\xampp\\htdocs\\Destask\\app\\Views\\pekerjaan\\detail_to.php')
 3 SYSTEMPATH\View\View.php(231): CodeIgniter\View\View->CodeIgniter\View\{closure}()
 4 SYSTEMPATH\Common.php(1178): CodeIgniter\View\View->render('pekerjaan/detail_to', [], true)
 5 APPPATH\Controllers\Pekerjaan.php(135): view('pekerjaan/detail_to', [...])
 6 SYSTEMPATH\CodeIgniter.php(941): App\Controllers\Pekerjaan->detail_task_overdue('5')
 7 SYSTEMPATH\CodeIgniter.php(502): CodeIgniter\CodeIgniter->runController(Object(App\Controllers\Pekerjaan))
 8 SYSTEMPATH\CodeIgniter.php(361): CodeIgniter\CodeIgniter->handleRequest(null, Object(Config\Cache), false)
 9 FCPATH\index.php(80): CodeIgniter\CodeIgniter->run()
10 SYSTEMPATH\Commands\Server\rewrite.php(47): require_once('C:\\xampp\\htdocs\\Destask\\public\\index.php')
WARNING - 2025-07-27 17:41:34 --> [DEPRECATED] strtotime(): Passing null to parameter #1 ($datetime) of type string is deprecated in APPPATH\Views\pekerjaan\detail_to.php on line 39.
 1 APPPATH\Views\pekerjaan\detail_to.php(39): strtotime(null)
 2 SYSTEMPATH\View\View.php(228): include('C:\\xampp\\htdocs\\Destask\\app\\Views\\pekerjaan\\detail_to.php')
 3 SYSTEMPATH\View\View.php(231): CodeIgniter\View\View->CodeIgniter\View\{closure}()
 4 SYSTEMPATH\Common.php(1178): CodeIgniter\View\View->render('pekerjaan/detail_to', [], true)
 5 APPPATH\Controllers\Pekerjaan.php(135): view('pekerjaan/detail_to', [...])
 6 SYSTEMPATH\CodeIgniter.php(941): App\Controllers\Pekerjaan->detail_task_overdue('5')
 7 SYSTEMPATH\CodeIgniter.php(502): CodeIgniter\CodeIgniter->runController(Object(App\Controllers\Pekerjaan))
 8 SYSTEMPATH\CodeIgniter.php(361): CodeIgniter\CodeIgniter->handleRequest(null, Object(Config\Cache), false)
 9 FCPATH\index.php(80): CodeIgniter\CodeIgniter->run()
10 SYSTEMPATH\Commands\Server\rewrite.php(47): require_once('C:\\xampp\\htdocs\\Destask\\public\\index.php')
WARNING - 2025-07-27 17:41:34 --> [DEPRECATED] strtotime(): Passing null to parameter #1 ($datetime) of type string is deprecated in APPPATH\Views\pekerjaan\detail_to.php on line 39.
 1 APPPATH\Views\pekerjaan\detail_to.php(39): strtotime(null)
 2 SYSTEMPATH\View\View.php(228): include('C:\\xampp\\htdocs\\Destask\\app\\Views\\pekerjaan\\detail_to.php')
 3 SYSTEMPATH\View\View.php(231): CodeIgniter\View\View->CodeIgniter\View\{closure}()
 4 SYSTEMPATH\Common.php(1178): CodeIgniter\View\View->render('pekerjaan/detail_to', [], true)
 5 APPPATH\Controllers\Pekerjaan.php(135): view('pekerjaan/detail_to', [...])
 6 SYSTEMPATH\CodeIgniter.php(941): App\Controllers\Pekerjaan->detail_task_overdue('5')
 7 SYSTEMPATH\CodeIgniter.php(502): CodeIgniter\CodeIgniter->runController(Object(App\Controllers\Pekerjaan))
 8 SYSTEMPATH\CodeIgniter.php(361): CodeIgniter\CodeIgniter->handleRequest(null, Object(Config\Cache), false)
 9 FCPATH\index.php(80): CodeIgniter\CodeIgniter->run()
10 SYSTEMPATH\Commands\Server\rewrite.php(47): require_once('C:\\xampp\\htdocs\\Destask\\public\\index.php')
WARNING - 2025-07-27 17:41:34 --> [DEPRECATED] strtotime(): Passing null to parameter #1 ($datetime) of type string is deprecated in APPPATH\Views\pekerjaan\detail_to.php on line 39.
 1 APPPATH\Views\pekerjaan\detail_to.php(39): strtotime(null)
 2 SYSTEMPATH\View\View.php(228): include('C:\\xampp\\htdocs\\Destask\\app\\Views\\pekerjaan\\detail_to.php')
 3 SYSTEMPATH\View\View.php(231): CodeIgniter\View\View->CodeIgniter\View\{closure}()
 4 SYSTEMPATH\Common.php(1178): CodeIgniter\View\View->render('pekerjaan/detail_to', [], true)
 5 APPPATH\Controllers\Pekerjaan.php(135): view('pekerjaan/detail_to', [...])
 6 SYSTEMPATH\CodeIgniter.php(941): App\Controllers\Pekerjaan->detail_task_overdue('5')
 7 SYSTEMPATH\CodeIgniter.php(502): CodeIgniter\CodeIgniter->runController(Object(App\Controllers\Pekerjaan))
 8 SYSTEMPATH\CodeIgniter.php(361): CodeIgniter\CodeIgniter->handleRequest(null, Object(Config\Cache), false)
 9 FCPATH\index.php(80): CodeIgniter\CodeIgniter->run()
10 SYSTEMPATH\Commands\Server\rewrite.php(47): require_once('C:\\xampp\\htdocs\\Destask\\public\\index.php')
WARNING - 2025-07-27 17:41:34 --> [DEPRECATED] strtotime(): Passing null to parameter #1 ($datetime) of type string is deprecated in APPPATH\Views\pekerjaan\detail_to.php on line 39.
 1 APPPATH\Views\pekerjaan\detail_to.php(39): strtotime(null)
 2 SYSTEMPATH\View\View.php(228): include('C:\\xampp\\htdocs\\Destask\\app\\Views\\pekerjaan\\detail_to.php')
 3 SYSTEMPATH\View\View.php(231): CodeIgniter\View\View->CodeIgniter\View\{closure}()
 4 SYSTEMPATH\Common.php(1178): CodeIgniter\View\View->render('pekerjaan/detail_to', [], true)
 5 APPPATH\Controllers\Pekerjaan.php(135): view('pekerjaan/detail_to', [...])
 6 SYSTEMPATH\CodeIgniter.php(941): App\Controllers\Pekerjaan->detail_task_overdue('5')
 7 SYSTEMPATH\CodeIgniter.php(502): CodeIgniter\CodeIgniter->runController(Object(App\Controllers\Pekerjaan))
 8 SYSTEMPATH\CodeIgniter.php(361): CodeIgniter\CodeIgniter->handleRequest(null, Object(Config\Cache), false)
 9 FCPATH\index.php(80): CodeIgniter\CodeIgniter->run()
10 SYSTEMPATH\Commands\Server\rewrite.php(47): require_once('C:\\xampp\\htdocs\\Destask\\public\\index.php')
WARNING - 2025-07-27 17:41:34 --> [DEPRECATED] strtotime(): Passing null to parameter #1 ($datetime) of type string is deprecated in APPPATH\Views\pekerjaan\detail_to.php on line 39.
 1 APPPATH\Views\pekerjaan\detail_to.php(39): strtotime(null)
 2 SYSTEMPATH\View\View.php(228): include('C:\\xampp\\htdocs\\Destask\\app\\Views\\pekerjaan\\detail_to.php')
 3 SYSTEMPATH\View\View.php(231): CodeIgniter\View\View->CodeIgniter\View\{closure}()
 4 SYSTEMPATH\Common.php(1178): CodeIgniter\View\View->render('pekerjaan/detail_to', [], true)
 5 APPPATH\Controllers\Pekerjaan.php(135): view('pekerjaan/detail_to', [...])
 6 SYSTEMPATH\CodeIgniter.php(941): App\Controllers\Pekerjaan->detail_task_overdue('5')
 7 SYSTEMPATH\CodeIgniter.php(502): CodeIgniter\CodeIgniter->runController(Object(App\Controllers\Pekerjaan))
 8 SYSTEMPATH\CodeIgniter.php(361): CodeIgniter\CodeIgniter->handleRequest(null, Object(Config\Cache), false)
 9 FCPATH\index.php(80): CodeIgniter\CodeIgniter->run()
10 SYSTEMPATH\Commands\Server\rewrite.php(47): require_once('C:\\xampp\\htdocs\\Destask\\public\\index.php')
WARNING - 2025-07-27 17:41:34 --> [DEPRECATED] strtotime(): Passing null to parameter #1 ($datetime) of type string is deprecated in APPPATH\Views\pekerjaan\detail_to.php on line 39.
 1 APPPATH\Views\pekerjaan\detail_to.php(39): strtotime(null)
 2 SYSTEMPATH\View\View.php(228): include('C:\\xampp\\htdocs\\Destask\\app\\Views\\pekerjaan\\detail_to.php')
 3 SYSTEMPATH\View\View.php(231): CodeIgniter\View\View->CodeIgniter\View\{closure}()
 4 SYSTEMPATH\Common.php(1178): CodeIgniter\View\View->render('pekerjaan/detail_to', [], true)
 5 APPPATH\Controllers\Pekerjaan.php(135): view('pekerjaan/detail_to', [...])
 6 SYSTEMPATH\CodeIgniter.php(941): App\Controllers\Pekerjaan->detail_task_overdue('5')
 7 SYSTEMPATH\CodeIgniter.php(502): CodeIgniter\CodeIgniter->runController(Object(App\Controllers\Pekerjaan))
 8 SYSTEMPATH\CodeIgniter.php(361): CodeIgniter\CodeIgniter->handleRequest(null, Object(Config\Cache), false)
 9 FCPATH\index.php(80): CodeIgniter\CodeIgniter->run()
10 SYSTEMPATH\Commands\Server\rewrite.php(47): require_once('C:\\xampp\\htdocs\\Destask\\public\\index.php')
WARNING - 2025-07-27 17:41:34 --> [DEPRECATED] strtotime(): Passing null to parameter #1 ($datetime) of type string is deprecated in APPPATH\Views\pekerjaan\detail_to.php on line 39.
 1 APPPATH\Views\pekerjaan\detail_to.php(39): strtotime(null)
 2 SYSTEMPATH\View\View.php(228): include('C:\\xampp\\htdocs\\Destask\\app\\Views\\pekerjaan\\detail_to.php')
 3 SYSTEMPATH\View\View.php(231): CodeIgniter\View\View->CodeIgniter\View\{closure}()
 4 SYSTEMPATH\Common.php(1178): CodeIgniter\View\View->render('pekerjaan/detail_to', [], true)
 5 APPPATH\Controllers\Pekerjaan.php(135): view('pekerjaan/detail_to', [...])
 6 SYSTEMPATH\CodeIgniter.php(941): App\Controllers\Pekerjaan->detail_task_overdue('5')
 7 SYSTEMPATH\CodeIgniter.php(502): CodeIgniter\CodeIgniter->runController(Object(App\Controllers\Pekerjaan))
 8 SYSTEMPATH\CodeIgniter.php(361): CodeIgniter\CodeIgniter->handleRequest(null, Object(Config\Cache), false)
 9 FCPATH\index.php(80): CodeIgniter\CodeIgniter->run()
10 SYSTEMPATH\Commands\Server\rewrite.php(47): require_once('C:\\xampp\\htdocs\\Destask\\public\\index.php')
WARNING - 2025-07-27 17:41:34 --> [DEPRECATED] strtotime(): Passing null to parameter #1 ($datetime) of type string is deprecated in APPPATH\Views\pekerjaan\detail_to.php on line 39.
 1 APPPATH\Views\pekerjaan\detail_to.php(39): strtotime(null)
 2 SYSTEMPATH\View\View.php(228): include('C:\\xampp\\htdocs\\Destask\\app\\Views\\pekerjaan\\detail_to.php')
 3 SYSTEMPATH\View\View.php(231): CodeIgniter\View\View->CodeIgniter\View\{closure}()
 4 SYSTEMPATH\Common.php(1178): CodeIgniter\View\View->render('pekerjaan/detail_to', [], true)
 5 APPPATH\Controllers\Pekerjaan.php(135): view('pekerjaan/detail_to', [...])
 6 SYSTEMPATH\CodeIgniter.php(941): App\Controllers\Pekerjaan->detail_task_overdue('5')
 7 SYSTEMPATH\CodeIgniter.php(502): CodeIgniter\CodeIgniter->runController(Object(App\Controllers\Pekerjaan))
 8 SYSTEMPATH\CodeIgniter.php(361): CodeIgniter\CodeIgniter->handleRequest(null, Object(Config\Cache), false)
 9 FCPATH\index.php(80): CodeIgniter\CodeIgniter->run()
10 SYSTEMPATH\Commands\Server\rewrite.php(47): require_once('C:\\xampp\\htdocs\\Destask\\public\\index.php')
WARNING - 2025-07-27 17:41:34 --> [DEPRECATED] strtotime(): Passing null to parameter #1 ($datetime) of type string is deprecated in APPPATH\Views\pekerjaan\detail_to.php on line 39.
 1 APPPATH\Views\pekerjaan\detail_to.php(39): strtotime(null)
 2 SYSTEMPATH\View\View.php(228): include('C:\\xampp\\htdocs\\Destask\\app\\Views\\pekerjaan\\detail_to.php')
 3 SYSTEMPATH\View\View.php(231): CodeIgniter\View\View->CodeIgniter\View\{closure}()
 4 SYSTEMPATH\Common.php(1178): CodeIgniter\View\View->render('pekerjaan/detail_to', [], true)
 5 APPPATH\Controllers\Pekerjaan.php(135): view('pekerjaan/detail_to', [...])
 6 SYSTEMPATH\CodeIgniter.php(941): App\Controllers\Pekerjaan->detail_task_overdue('5')
 7 SYSTEMPATH\CodeIgniter.php(502): CodeIgniter\CodeIgniter->runController(Object(App\Controllers\Pekerjaan))
 8 SYSTEMPATH\CodeIgniter.php(361): CodeIgniter\CodeIgniter->handleRequest(null, Object(Config\Cache), false)
 9 FCPATH\index.php(80): CodeIgniter\CodeIgniter->run()
10 SYSTEMPATH\Commands\Server\rewrite.php(47): require_once('C:\\xampp\\htdocs\\Destask\\public\\index.php')
WARNING - 2025-07-27 17:41:34 --> [DEPRECATED] strtotime(): Passing null to parameter #1 ($datetime) of type string is deprecated in APPPATH\Views\pekerjaan\detail_to.php on line 39.
 1 APPPATH\Views\pekerjaan\detail_to.php(39): strtotime(null)
 2 SYSTEMPATH\View\View.php(228): include('C:\\xampp\\htdocs\\Destask\\app\\Views\\pekerjaan\\detail_to.php')
 3 SYSTEMPATH\View\View.php(231): CodeIgniter\View\View->CodeIgniter\View\{closure}()
 4 SYSTEMPATH\Common.php(1178): CodeIgniter\View\View->render('pekerjaan/detail_to', [], true)
 5 APPPATH\Controllers\Pekerjaan.php(135): view('pekerjaan/detail_to', [...])
 6 SYSTEMPATH\CodeIgniter.php(941): App\Controllers\Pekerjaan->detail_task_overdue('5')
 7 SYSTEMPATH\CodeIgniter.php(502): CodeIgniter\CodeIgniter->runController(Object(App\Controllers\Pekerjaan))
 8 SYSTEMPATH\CodeIgniter.php(361): CodeIgniter\CodeIgniter->handleRequest(null, Object(Config\Cache), false)
 9 FCPATH\index.php(80): CodeIgniter\CodeIgniter->run()
10 SYSTEMPATH\Commands\Server\rewrite.php(47): require_once('C:\\xampp\\htdocs\\Destask\\public\\index.php')
WARNING - 2025-07-27 17:41:34 --> [DEPRECATED] strtotime(): Passing null to parameter #1 ($datetime) of type string is deprecated in APPPATH\Views\pekerjaan\detail_to.php on line 39.
 1 APPPATH\Views\pekerjaan\detail_to.php(39): strtotime(null)
 2 SYSTEMPATH\View\View.php(228): include('C:\\xampp\\htdocs\\Destask\\app\\Views\\pekerjaan\\detail_to.php')
 3 SYSTEMPATH\View\View.php(231): CodeIgniter\View\View->CodeIgniter\View\{closure}()
 4 SYSTEMPATH\Common.php(1178): CodeIgniter\View\View->render('pekerjaan/detail_to', [], true)
 5 APPPATH\Controllers\Pekerjaan.php(135): view('pekerjaan/detail_to', [...])
 6 SYSTEMPATH\CodeIgniter.php(941): App\Controllers\Pekerjaan->detail_task_overdue('5')
 7 SYSTEMPATH\CodeIgniter.php(502): CodeIgniter\CodeIgniter->runController(Object(App\Controllers\Pekerjaan))
 8 SYSTEMPATH\CodeIgniter.php(361): CodeIgniter\CodeIgniter->handleRequest(null, Object(Config\Cache), false)
 9 FCPATH\index.php(80): CodeIgniter\CodeIgniter->run()
10 SYSTEMPATH\Commands\Server\rewrite.php(47): require_once('C:\\xampp\\htdocs\\Destask\\public\\index.php')
WARNING - 2025-07-27 17:41:34 --> [DEPRECATED] strtotime(): Passing null to parameter #1 ($datetime) of type string is deprecated in APPPATH\Views\pekerjaan\detail_to.php on line 39.
 1 APPPATH\Views\pekerjaan\detail_to.php(39): strtotime(null)
 2 SYSTEMPATH\View\View.php(228): include('C:\\xampp\\htdocs\\Destask\\app\\Views\\pekerjaan\\detail_to.php')
 3 SYSTEMPATH\View\View.php(231): CodeIgniter\View\View->CodeIgniter\View\{closure}()
 4 SYSTEMPATH\Common.php(1178): CodeIgniter\View\View->render('pekerjaan/detail_to', [], true)
 5 APPPATH\Controllers\Pekerjaan.php(135): view('pekerjaan/detail_to', [...])
 6 SYSTEMPATH\CodeIgniter.php(941): App\Controllers\Pekerjaan->detail_task_overdue('5')
 7 SYSTEMPATH\CodeIgniter.php(502): CodeIgniter\CodeIgniter->runController(Object(App\Controllers\Pekerjaan))
 8 SYSTEMPATH\CodeIgniter.php(361): CodeIgniter\CodeIgniter->handleRequest(null, Object(Config\Cache), false)
 9 FCPATH\index.php(80): CodeIgniter\CodeIgniter->run()
10 SYSTEMPATH\Commands\Server\rewrite.php(47): require_once('C:\\xampp\\htdocs\\Destask\\public\\index.php')
INFO - 2025-07-27 17:41:48 --> Session: Class initialized using 'CodeIgniter\Session\Handlers\FileHandler' driver.
INFO - 2025-07-27 17:41:49 --> Session: Class initialized using 'CodeIgniter\Session\Handlers\FileHandler' driver.
INFO - 2025-07-27 17:41:55 --> Session: Class initialized using 'CodeIgniter\Session\Handlers\FileHandler' driver.
INFO - 2025-07-27 17:43:14 --> Session: Class initialized using 'CodeIgniter\Session\Handlers\FileHandler' driver.
INFO - 2025-07-27 17:43:15 --> Session: Class initialized using 'CodeIgniter\Session\Handlers\FileHandler' driver.
INFO - 2025-07-27 17:43:16 --> Session: Class initialized using 'CodeIgniter\Session\Handlers\FileHandler' driver.
INFO - 2025-07-27 17:43:17 --> Session: Class initialized using 'CodeIgniter\Session\Handlers\FileHandler' driver.
INFO - 2025-07-27 17:43:18 --> Session: Class initialized using 'CodeIgniter\Session\Handlers\FileHandler' driver.
INFO - 2025-07-27 17:43:19 --> Session: Class initialized using 'CodeIgniter\Session\Handlers\FileHandler' driver.
INFO - 2025-07-27 17:43:20 --> Session: Class initialized using 'CodeIgniter\Session\Handlers\FileHandler' driver.
INFO - 2025-07-27 17:43:51 --> Session: Class initialized using 'CodeIgniter\Session\Handlers\FileHandler' driver.
INFO - 2025-07-27 17:43:53 --> Session: Class initialized using 'CodeIgniter\Session\Handlers\FileHandler' driver.
INFO - 2025-07-27 20:12:56 --> Session: Class initialized using 'CodeIgniter\Session\Handlers\FileHandler' driver.
INFO - 2025-07-27 20:12:58 --> CSRF token verified.
ERROR - 2025-07-27 20:13:03 --> Error connecting to the database: mysqli_sql_exception: No connection could be made because the target machine actively refused it in C:\xampp\htdocs\Destask\vendor\codeigniter4\framework\system\Database\MySQLi\Connection.php:185
Stack trace:
#0 C:\xampp\htdocs\Destask\vendor\codeigniter4\framework\system\Database\MySQLi\Connection.php(185): mysqli->real_connect('localhost', 'root', '', 'destask', 3306, '', 0)
#1 C:\xampp\htdocs\Destask\vendor\codeigniter4\framework\system\Database\BaseConnection.php(392): CodeIgniter\Database\MySQLi\Connection->connect(false)
#2 C:\xampp\htdocs\Destask\vendor\codeigniter4\framework\system\Database\BaseConnection.php(575): CodeIgniter\Database\BaseConnection->initialize()
#3 C:\xampp\htdocs\Destask\vendor\codeigniter4\framework\system\Database\BaseBuilder.php(1613): CodeIgniter\Database\BaseConnection->query('SELECT *\nFROM `...', Array, false)
#4 C:\xampp\htdocs\Destask\vendor\codeigniter4\framework\system\Model.php(270): CodeIgniter\Database\BaseBuilder->get()
#5 C:\xampp\htdocs\Destask\vendor\codeigniter4\framework\system\BaseModel.php(676): CodeIgniter\Model->doFirst()
#6 C:\xampp\htdocs\Destask\app\Controllers\Autentikasi.php(50): CodeIgniter\BaseModel->first()
#7 C:\xampp\htdocs\Destask\vendor\codeigniter4\framework\system\CodeIgniter.php(941): App\Controllers\Autentikasi->login()
#8 C:\xampp\htdocs\Destask\vendor\codeigniter4\framework\system\CodeIgniter.php(502): CodeIgniter\CodeIgniter->runController(Object(App\Controllers\Autentikasi))
#9 C:\xampp\htdocs\Destask\vendor\codeigniter4\framework\system\CodeIgniter.php(361): CodeIgniter\CodeIgniter->handleRequest(NULL, Object(Config\Cache), false)
#10 C:\xampp\htdocs\Destask\public\index.php(80): CodeIgniter\CodeIgniter->run()
#11 C:\xampp\htdocs\Destask\vendor\codeigniter4\framework\system\Commands\Server\rewrite.php(47): require_once('C:\\xampp\\htdocs...')
#12 {main}

Next CodeIgniter\Database\Exceptions\DatabaseException: No connection could be made because the target machine actively refused it in C:\xampp\htdocs\Destask\vendor\codeigniter4\framework\system\Database\MySQLi\Connection.php:229
Stack trace:
#0 C:\xampp\htdocs\Destask\vendor\codeigniter4\framework\system\Database\BaseConnection.php(392): CodeIgniter\Database\MySQLi\Connection->connect(false)
#1 C:\xampp\htdocs\Destask\vendor\codeigniter4\framework\system\Database\BaseConnection.php(575): CodeIgniter\Database\BaseConnection->initialize()
#2 C:\xampp\htdocs\Destask\vendor\codeigniter4\framework\system\Database\BaseBuilder.php(1613): CodeIgniter\Database\BaseConnection->query('SELECT *\nFROM `...', Array, false)
#3 C:\xampp\htdocs\Destask\vendor\codeigniter4\framework\system\Model.php(270): CodeIgniter\Database\BaseBuilder->get()
#4 C:\xampp\htdocs\Destask\vendor\codeigniter4\framework\system\BaseModel.php(676): CodeIgniter\Model->doFirst()
#5 C:\xampp\htdocs\Destask\app\Controllers\Autentikasi.php(50): CodeIgniter\BaseModel->first()
#6 C:\xampp\htdocs\Destask\vendor\codeigniter4\framework\system\CodeIgniter.php(941): App\Controllers\Autentikasi->login()
#7 C:\xampp\htdocs\Destask\vendor\codeigniter4\framework\system\CodeIgniter.php(502): CodeIgniter\CodeIgniter->runController(Object(App\Controllers\Autentikasi))
#8 C:\xampp\htdocs\Destask\vendor\codeigniter4\framework\system\CodeIgniter.php(361): CodeIgniter\CodeIgniter->handleRequest(NULL, Object(Config\Cache), false)
#9 C:\xampp\htdocs\Destask\public\index.php(80): CodeIgniter\CodeIgniter->run()
#10 C:\xampp\htdocs\Destask\vendor\codeigniter4\framework\system\Commands\Server\rewrite.php(47): require_once('C:\\xampp\\htdocs...')
#11 {main}
CRITICAL - 2025-07-27 20:13:03 --> CodeIgniter\Database\Exceptions\DatabaseException: Unable to connect to the database.
Main connection [MySQLi]: No connection could be made because the target machine actively refused it
in SYSTEMPATH\Database\BaseConnection.php on line 428.
 1 SYSTEMPATH\Database\BaseConnection.php(575): CodeIgniter\Database\BaseConnection->initialize()
 2 SYSTEMPATH\Database\BaseBuilder.php(1613): CodeIgniter\Database\BaseConnection->query('SELECT *
FROM `user`
WHERE `email` = :email:
AND `password` = :password:
AND `user`.`deleted_at` IS NULL
 LIMIT 1', [...], false)
 3 SYSTEMPATH\Model.php(270): CodeIgniter\Database\BaseBuilder->get()
 4 SYSTEMPATH\BaseModel.php(676): CodeIgniter\Model->doFirst()
 5 APPPATH\Controllers\Autentikasi.php(50): CodeIgniter\BaseModel->first()
 6 SYSTEMPATH\CodeIgniter.php(941): App\Controllers\Autentikasi->login()
 7 SYSTEMPATH\CodeIgniter.php(502): CodeIgniter\CodeIgniter->runController(Object(App\Controllers\Autentikasi))
 8 SYSTEMPATH\CodeIgniter.php(361): CodeIgniter\CodeIgniter->handleRequest(null, Object(Config\Cache), false)
 9 FCPATH\index.php(80): CodeIgniter\CodeIgniter->run()
10 SYSTEMPATH\Commands\Server\rewrite.php(47): require_once('C:\\xampp\\htdocs\\Destask\\public\\index.php')
INFO - 2025-07-27 20:13:03 --> CSRF token verified.
ERROR - 2025-07-27 20:13:07 --> Error connecting to the database: mysqli_sql_exception: No connection could be made because the target machine actively refused it in C:\xampp\htdocs\Destask\vendor\codeigniter4\framework\system\Database\MySQLi\Connection.php:185
Stack trace:
#0 C:\xampp\htdocs\Destask\vendor\codeigniter4\framework\system\Database\MySQLi\Connection.php(185): mysqli->real_connect('localhost', 'root', '', 'destask', 3306, '', 0)
#1 C:\xampp\htdocs\Destask\vendor\codeigniter4\framework\system\Database\BaseConnection.php(392): CodeIgniter\Database\MySQLi\Connection->connect(false)
#2 C:\xampp\htdocs\Destask\vendor\codeigniter4\framework\system\Database\BaseConnection.php(575): CodeIgniter\Database\BaseConnection->initialize()
#3 C:\xampp\htdocs\Destask\vendor\codeigniter4\framework\system\Database\BaseBuilder.php(1613): CodeIgniter\Database\BaseConnection->query('SELECT *\nFROM `...', Array, false)
#4 C:\xampp\htdocs\Destask\vendor\codeigniter4\framework\system\Model.php(270): CodeIgniter\Database\BaseBuilder->get()
#5 C:\xampp\htdocs\Destask\vendor\codeigniter4\framework\system\BaseModel.php(676): CodeIgniter\Model->doFirst()
#6 C:\xampp\htdocs\Destask\app\Controllers\Autentikasi.php(50): CodeIgniter\BaseModel->first()
#7 C:\xampp\htdocs\Destask\vendor\codeigniter4\framework\system\CodeIgniter.php(941): App\Controllers\Autentikasi->login()
#8 C:\xampp\htdocs\Destask\vendor\codeigniter4\framework\system\CodeIgniter.php(502): CodeIgniter\CodeIgniter->runController(Object(App\Controllers\Autentikasi))
#9 C:\xampp\htdocs\Destask\vendor\codeigniter4\framework\system\CodeIgniter.php(361): CodeIgniter\CodeIgniter->handleRequest(NULL, Object(Config\Cache), false)
#10 C:\xampp\htdocs\Destask\public\index.php(80): CodeIgniter\CodeIgniter->run()
#11 C:\xampp\htdocs\Destask\vendor\codeigniter4\framework\system\Commands\Server\rewrite.php(47): require_once('C:\\xampp\\htdocs...')
#12 {main}

Next CodeIgniter\Database\Exceptions\DatabaseException: No connection could be made because the target machine actively refused it in C:\xampp\htdocs\Destask\vendor\codeigniter4\framework\system\Database\MySQLi\Connection.php:229
Stack trace:
#0 C:\xampp\htdocs\Destask\vendor\codeigniter4\framework\system\Database\BaseConnection.php(392): CodeIgniter\Database\MySQLi\Connection->connect(false)
#1 C:\xampp\htdocs\Destask\vendor\codeigniter4\framework\system\Database\BaseConnection.php(575): CodeIgniter\Database\BaseConnection->initialize()
#2 C:\xampp\htdocs\Destask\vendor\codeigniter4\framework\system\Database\BaseBuilder.php(1613): CodeIgniter\Database\BaseConnection->query('SELECT *\nFROM `...', Array, false)
#3 C:\xampp\htdocs\Destask\vendor\codeigniter4\framework\system\Model.php(270): CodeIgniter\Database\BaseBuilder->get()
#4 C:\xampp\htdocs\Destask\vendor\codeigniter4\framework\system\BaseModel.php(676): CodeIgniter\Model->doFirst()
#5 C:\xampp\htdocs\Destask\app\Controllers\Autentikasi.php(50): CodeIgniter\BaseModel->first()
#6 C:\xampp\htdocs\Destask\vendor\codeigniter4\framework\system\CodeIgniter.php(941): App\Controllers\Autentikasi->login()
#7 C:\xampp\htdocs\Destask\vendor\codeigniter4\framework\system\CodeIgniter.php(502): CodeIgniter\CodeIgniter->runController(Object(App\Controllers\Autentikasi))
#8 C:\xampp\htdocs\Destask\vendor\codeigniter4\framework\system\CodeIgniter.php(361): CodeIgniter\CodeIgniter->handleRequest(NULL, Object(Config\Cache), false)
#9 C:\xampp\htdocs\Destask\public\index.php(80): CodeIgniter\CodeIgniter->run()
#10 C:\xampp\htdocs\Destask\vendor\codeigniter4\framework\system\Commands\Server\rewrite.php(47): require_once('C:\\xampp\\htdocs...')
#11 {main}
CRITICAL - 2025-07-27 20:13:07 --> CodeIgniter\Database\Exceptions\DatabaseException: Unable to connect to the database.
Main connection [MySQLi]: No connection could be made because the target machine actively refused it
in SYSTEMPATH\Database\BaseConnection.php on line 428.
 1 SYSTEMPATH\Database\BaseConnection.php(575): CodeIgniter\Database\BaseConnection->initialize()
 2 SYSTEMPATH\Database\BaseBuilder.php(1613): CodeIgniter\Database\BaseConnection->query('SELECT *
FROM `user`
WHERE `email` = :email:
AND `password` = :password:
AND `user`.`deleted_at` IS NULL
 LIMIT 1', [...], false)
 3 SYSTEMPATH\Model.php(270): CodeIgniter\Database\BaseBuilder->get()
 4 SYSTEMPATH\BaseModel.php(676): CodeIgniter\Model->doFirst()
 5 APPPATH\Controllers\Autentikasi.php(50): CodeIgniter\BaseModel->first()
 6 SYSTEMPATH\CodeIgniter.php(941): App\Controllers\Autentikasi->login()
 7 SYSTEMPATH\CodeIgniter.php(502): CodeIgniter\CodeIgniter->runController(Object(App\Controllers\Autentikasi))
 8 SYSTEMPATH\CodeIgniter.php(361): CodeIgniter\CodeIgniter->handleRequest(null, Object(Config\Cache), false)
 9 FCPATH\index.php(80): CodeIgniter\CodeIgniter->run()
10 SYSTEMPATH\Commands\Server\rewrite.php(47): require_once('C:\\xampp\\htdocs\\Destask\\public\\index.php')
INFO - 2025-07-27 20:13:07 --> CSRF token verified.
INFO - 2025-07-27 20:13:09 --> Session: Class initialized using 'CodeIgniter\Session\Handlers\FileHandler' driver.
INFO - 2025-07-27 20:13:10 --> CSRF token verified.
INFO - 2025-07-27 20:13:10 --> Session: Class initialized using 'CodeIgniter\Session\Handlers\FileHandler' driver.
INFO - 2025-07-27 20:13:10 --> CSRF token verified.
INFO - 2025-07-27 20:13:10 --> Session: Class initialized using 'CodeIgniter\Session\Handlers\FileHandler' driver.
INFO - 2025-07-27 20:13:10 --> CSRF token verified.
INFO - 2025-07-27 20:13:10 --> Session: Class initialized using 'CodeIgniter\Session\Handlers\FileHandler' driver.
INFO - 2025-07-27 20:13:10 --> CSRF token verified.
INFO - 2025-07-27 20:13:10 --> Session: Class initialized using 'CodeIgniter\Session\Handlers\FileHandler' driver.
INFO - 2025-07-27 20:13:10 --> Session: Class initialized using 'CodeIgniter\Session\Handlers\FileHandler' driver.
INFO - 2025-07-27 20:13:14 --> Session: Class initialized using 'CodeIgniter\Session\Handlers\FileHandler' driver.
INFO - 2025-07-27 20:13:18 --> Session: Class initialized using 'CodeIgniter\Session\Handlers\FileHandler' driver.
WARNING - 2025-07-27 20:13:18 --> [DEPRECATED] strtotime(): Passing null to parameter #1 ($datetime) of type string is deprecated in APPPATH\Views\pekerjaan\detail_to.php on line 39.
 1 APPPATH\Views\pekerjaan\detail_to.php(39): strtotime(null)
 2 SYSTEMPATH\View\View.php(228): include('C:\\xampp\\htdocs\\Destask\\app\\Views\\pekerjaan\\detail_to.php')
 3 SYSTEMPATH\View\View.php(231): CodeIgniter\View\View->CodeIgniter\View\{closure}()
 4 SYSTEMPATH\Common.php(1178): CodeIgniter\View\View->render('pekerjaan/detail_to', [], true)
 5 APPPATH\Controllers\Pekerjaan.php(135): view('pekerjaan/detail_to', [...])
 6 SYSTEMPATH\CodeIgniter.php(941): App\Controllers\Pekerjaan->detail_task_overdue('5')
 7 SYSTEMPATH\CodeIgniter.php(502): CodeIgniter\CodeIgniter->runController(Object(App\Controllers\Pekerjaan))
 8 SYSTEMPATH\CodeIgniter.php(361): CodeIgniter\CodeIgniter->handleRequest(null, Object(Config\Cache), false)
 9 FCPATH\index.php(80): CodeIgniter\CodeIgniter->run()
10 SYSTEMPATH\Commands\Server\rewrite.php(47): require_once('C:\\xampp\\htdocs\\Destask\\public\\index.php')
WARNING - 2025-07-27 20:13:18 --> [DEPRECATED] strtotime(): Passing null to parameter #1 ($datetime) of type string is deprecated in APPPATH\Views\pekerjaan\detail_to.php on line 39.
 1 APPPATH\Views\pekerjaan\detail_to.php(39): strtotime(null)
 2 SYSTEMPATH\View\View.php(228): include('C:\\xampp\\htdocs\\Destask\\app\\Views\\pekerjaan\\detail_to.php')
 3 SYSTEMPATH\View\View.php(231): CodeIgniter\View\View->CodeIgniter\View\{closure}()
 4 SYSTEMPATH\Common.php(1178): CodeIgniter\View\View->render('pekerjaan/detail_to', [], true)
 5 APPPATH\Controllers\Pekerjaan.php(135): view('pekerjaan/detail_to', [...])
 6 SYSTEMPATH\CodeIgniter.php(941): App\Controllers\Pekerjaan->detail_task_overdue('5')
 7 SYSTEMPATH\CodeIgniter.php(502): CodeIgniter\CodeIgniter->runController(Object(App\Controllers\Pekerjaan))
 8 SYSTEMPATH\CodeIgniter.php(361): CodeIgniter\CodeIgniter->handleRequest(null, Object(Config\Cache), false)
 9 FCPATH\index.php(80): CodeIgniter\CodeIgniter->run()
10 SYSTEMPATH\Commands\Server\rewrite.php(47): require_once('C:\\xampp\\htdocs\\Destask\\public\\index.php')
WARNING - 2025-07-27 20:13:18 --> [DEPRECATED] strtotime(): Passing null to parameter #1 ($datetime) of type string is deprecated in APPPATH\Views\pekerjaan\detail_to.php on line 39.
 1 APPPATH\Views\pekerjaan\detail_to.php(39): strtotime(null)
 2 SYSTEMPATH\View\View.php(228): include('C:\\xampp\\htdocs\\Destask\\app\\Views\\pekerjaan\\detail_to.php')
 3 SYSTEMPATH\View\View.php(231): CodeIgniter\View\View->CodeIgniter\View\{closure}()
 4 SYSTEMPATH\Common.php(1178): CodeIgniter\View\View->render('pekerjaan/detail_to', [], true)
 5 APPPATH\Controllers\Pekerjaan.php(135): view('pekerjaan/detail_to', [...])
 6 SYSTEMPATH\CodeIgniter.php(941): App\Controllers\Pekerjaan->detail_task_overdue('5')
 7 SYSTEMPATH\CodeIgniter.php(502): CodeIgniter\CodeIgniter->runController(Object(App\Controllers\Pekerjaan))
 8 SYSTEMPATH\CodeIgniter.php(361): CodeIgniter\CodeIgniter->handleRequest(null, Object(Config\Cache), false)
 9 FCPATH\index.php(80): CodeIgniter\CodeIgniter->run()
10 SYSTEMPATH\Commands\Server\rewrite.php(47): require_once('C:\\xampp\\htdocs\\Destask\\public\\index.php')
WARNING - 2025-07-27 20:13:18 --> [DEPRECATED] strtotime(): Passing null to parameter #1 ($datetime) of type string is deprecated in APPPATH\Views\pekerjaan\detail_to.php on line 39.
 1 APPPATH\Views\pekerjaan\detail_to.php(39): strtotime(null)
 2 SYSTEMPATH\View\View.php(228): include('C:\\xampp\\htdocs\\Destask\\app\\Views\\pekerjaan\\detail_to.php')
 3 SYSTEMPATH\View\View.php(231): CodeIgniter\View\View->CodeIgniter\View\{closure}()
 4 SYSTEMPATH\Common.php(1178): CodeIgniter\View\View->render('pekerjaan/detail_to', [], true)
 5 APPPATH\Controllers\Pekerjaan.php(135): view('pekerjaan/detail_to', [...])
 6 SYSTEMPATH\CodeIgniter.php(941): App\Controllers\Pekerjaan->detail_task_overdue('5')
 7 SYSTEMPATH\CodeIgniter.php(502): CodeIgniter\CodeIgniter->runController(Object(App\Controllers\Pekerjaan))
 8 SYSTEMPATH\CodeIgniter.php(361): CodeIgniter\CodeIgniter->handleRequest(null, Object(Config\Cache), false)
 9 FCPATH\index.php(80): CodeIgniter\CodeIgniter->run()
10 SYSTEMPATH\Commands\Server\rewrite.php(47): require_once('C:\\xampp\\htdocs\\Destask\\public\\index.php')
WARNING - 2025-07-27 20:13:18 --> [DEPRECATED] strtotime(): Passing null to parameter #1 ($datetime) of type string is deprecated in APPPATH\Views\pekerjaan\detail_to.php on line 39.
 1 APPPATH\Views\pekerjaan\detail_to.php(39): strtotime(null)
 2 SYSTEMPATH\View\View.php(228): include('C:\\xampp\\htdocs\\Destask\\app\\Views\\pekerjaan\\detail_to.php')
 3 SYSTEMPATH\View\View.php(231): CodeIgniter\View\View->CodeIgniter\View\{closure}()
 4 SYSTEMPATH\Common.php(1178): CodeIgniter\View\View->render('pekerjaan/detail_to', [], true)
 5 APPPATH\Controllers\Pekerjaan.php(135): view('pekerjaan/detail_to', [...])
 6 SYSTEMPATH\CodeIgniter.php(941): App\Controllers\Pekerjaan->detail_task_overdue('5')
 7 SYSTEMPATH\CodeIgniter.php(502): CodeIgniter\CodeIgniter->runController(Object(App\Controllers\Pekerjaan))
 8 SYSTEMPATH\CodeIgniter.php(361): CodeIgniter\CodeIgniter->handleRequest(null, Object(Config\Cache), false)
 9 FCPATH\index.php(80): CodeIgniter\CodeIgniter->run()
10 SYSTEMPATH\Commands\Server\rewrite.php(47): require_once('C:\\xampp\\htdocs\\Destask\\public\\index.php')
WARNING - 2025-07-27 20:13:18 --> [DEPRECATED] strtotime(): Passing null to parameter #1 ($datetime) of type string is deprecated in APPPATH\Views\pekerjaan\detail_to.php on line 39.
 1 APPPATH\Views\pekerjaan\detail_to.php(39): strtotime(null)
 2 SYSTEMPATH\View\View.php(228): include('C:\\xampp\\htdocs\\Destask\\app\\Views\\pekerjaan\\detail_to.php')
 3 SYSTEMPATH\View\View.php(231): CodeIgniter\View\View->CodeIgniter\View\{closure}()
 4 SYSTEMPATH\Common.php(1178): CodeIgniter\View\View->render('pekerjaan/detail_to', [], true)
 5 APPPATH\Controllers\Pekerjaan.php(135): view('pekerjaan/detail_to', [...])
 6 SYSTEMPATH\CodeIgniter.php(941): App\Controllers\Pekerjaan->detail_task_overdue('5')
 7 SYSTEMPATH\CodeIgniter.php(502): CodeIgniter\CodeIgniter->runController(Object(App\Controllers\Pekerjaan))
 8 SYSTEMPATH\CodeIgniter.php(361): CodeIgniter\CodeIgniter->handleRequest(null, Object(Config\Cache), false)
 9 FCPATH\index.php(80): CodeIgniter\CodeIgniter->run()
10 SYSTEMPATH\Commands\Server\rewrite.php(47): require_once('C:\\xampp\\htdocs\\Destask\\public\\index.php')
WARNING - 2025-07-27 20:13:18 --> [DEPRECATED] strtotime(): Passing null to parameter #1 ($datetime) of type string is deprecated in APPPATH\Views\pekerjaan\detail_to.php on line 39.
 1 APPPATH\Views\pekerjaan\detail_to.php(39): strtotime(null)
 2 SYSTEMPATH\View\View.php(228): include('C:\\xampp\\htdocs\\Destask\\app\\Views\\pekerjaan\\detail_to.php')
 3 SYSTEMPATH\View\View.php(231): CodeIgniter\View\View->CodeIgniter\View\{closure}()
 4 SYSTEMPATH\Common.php(1178): CodeIgniter\View\View->render('pekerjaan/detail_to', [], true)
 5 APPPATH\Controllers\Pekerjaan.php(135): view('pekerjaan/detail_to', [...])
 6 SYSTEMPATH\CodeIgniter.php(941): App\Controllers\Pekerjaan->detail_task_overdue('5')
 7 SYSTEMPATH\CodeIgniter.php(502): CodeIgniter\CodeIgniter->runController(Object(App\Controllers\Pekerjaan))
 8 SYSTEMPATH\CodeIgniter.php(361): CodeIgniter\CodeIgniter->handleRequest(null, Object(Config\Cache), false)
 9 FCPATH\index.php(80): CodeIgniter\CodeIgniter->run()
10 SYSTEMPATH\Commands\Server\rewrite.php(47): require_once('C:\\xampp\\htdocs\\Destask\\public\\index.php')
WARNING - 2025-07-27 20:13:18 --> [DEPRECATED] strtotime(): Passing null to parameter #1 ($datetime) of type string is deprecated in APPPATH\Views\pekerjaan\detail_to.php on line 39.
 1 APPPATH\Views\pekerjaan\detail_to.php(39): strtotime(null)
 2 SYSTEMPATH\View\View.php(228): include('C:\\xampp\\htdocs\\Destask\\app\\Views\\pekerjaan\\detail_to.php')
 3 SYSTEMPATH\View\View.php(231): CodeIgniter\View\View->CodeIgniter\View\{closure}()
 4 SYSTEMPATH\Common.php(1178): CodeIgniter\View\View->render('pekerjaan/detail_to', [], true)
 5 APPPATH\Controllers\Pekerjaan.php(135): view('pekerjaan/detail_to', [...])
 6 SYSTEMPATH\CodeIgniter.php(941): App\Controllers\Pekerjaan->detail_task_overdue('5')
 7 SYSTEMPATH\CodeIgniter.php(502): CodeIgniter\CodeIgniter->runController(Object(App\Controllers\Pekerjaan))
 8 SYSTEMPATH\CodeIgniter.php(361): CodeIgniter\CodeIgniter->handleRequest(null, Object(Config\Cache), false)
 9 FCPATH\index.php(80): CodeIgniter\CodeIgniter->run()
10 SYSTEMPATH\Commands\Server\rewrite.php(47): require_once('C:\\xampp\\htdocs\\Destask\\public\\index.php')
WARNING - 2025-07-27 20:13:18 --> [DEPRECATED] strtotime(): Passing null to parameter #1 ($datetime) of type string is deprecated in APPPATH\Views\pekerjaan\detail_to.php on line 39.
 1 APPPATH\Views\pekerjaan\detail_to.php(39): strtotime(null)
 2 SYSTEMPATH\View\View.php(228): include('C:\\xampp\\htdocs\\Destask\\app\\Views\\pekerjaan\\detail_to.php')
 3 SYSTEMPATH\View\View.php(231): CodeIgniter\View\View->CodeIgniter\View\{closure}()
 4 SYSTEMPATH\Common.php(1178): CodeIgniter\View\View->render('pekerjaan/detail_to', [], true)
 5 APPPATH\Controllers\Pekerjaan.php(135): view('pekerjaan/detail_to', [...])
 6 SYSTEMPATH\CodeIgniter.php(941): App\Controllers\Pekerjaan->detail_task_overdue('5')
 7 SYSTEMPATH\CodeIgniter.php(502): CodeIgniter\CodeIgniter->runController(Object(App\Controllers\Pekerjaan))
 8 SYSTEMPATH\CodeIgniter.php(361): CodeIgniter\CodeIgniter->handleRequest(null, Object(Config\Cache), false)
 9 FCPATH\index.php(80): CodeIgniter\CodeIgniter->run()
10 SYSTEMPATH\Commands\Server\rewrite.php(47): require_once('C:\\xampp\\htdocs\\Destask\\public\\index.php')
WARNING - 2025-07-27 20:13:18 --> [DEPRECATED] strtotime(): Passing null to parameter #1 ($datetime) of type string is deprecated in APPPATH\Views\pekerjaan\detail_to.php on line 39.
 1 APPPATH\Views\pekerjaan\detail_to.php(39): strtotime(null)
 2 SYSTEMPATH\View\View.php(228): include('C:\\xampp\\htdocs\\Destask\\app\\Views\\pekerjaan\\detail_to.php')
 3 SYSTEMPATH\View\View.php(231): CodeIgniter\View\View->CodeIgniter\View\{closure}()
 4 SYSTEMPATH\Common.php(1178): CodeIgniter\View\View->render('pekerjaan/detail_to', [], true)
 5 APPPATH\Controllers\Pekerjaan.php(135): view('pekerjaan/detail_to', [...])
 6 SYSTEMPATH\CodeIgniter.php(941): App\Controllers\Pekerjaan->detail_task_overdue('5')
 7 SYSTEMPATH\CodeIgniter.php(502): CodeIgniter\CodeIgniter->runController(Object(App\Controllers\Pekerjaan))
 8 SYSTEMPATH\CodeIgniter.php(361): CodeIgniter\CodeIgniter->handleRequest(null, Object(Config\Cache), false)
 9 FCPATH\index.php(80): CodeIgniter\CodeIgniter->run()
10 SYSTEMPATH\Commands\Server\rewrite.php(47): require_once('C:\\xampp\\htdocs\\Destask\\public\\index.php')
WARNING - 2025-07-27 20:13:18 --> [DEPRECATED] strtotime(): Passing null to parameter #1 ($datetime) of type string is deprecated in APPPATH\Views\pekerjaan\detail_to.php on line 39.
 1 APPPATH\Views\pekerjaan\detail_to.php(39): strtotime(null)
 2 SYSTEMPATH\View\View.php(228): include('C:\\xampp\\htdocs\\Destask\\app\\Views\\pekerjaan\\detail_to.php')
 3 SYSTEMPATH\View\View.php(231): CodeIgniter\View\View->CodeIgniter\View\{closure}()
 4 SYSTEMPATH\Common.php(1178): CodeIgniter\View\View->render('pekerjaan/detail_to', [], true)
 5 APPPATH\Controllers\Pekerjaan.php(135): view('pekerjaan/detail_to', [...])
 6 SYSTEMPATH\CodeIgniter.php(941): App\Controllers\Pekerjaan->detail_task_overdue('5')
 7 SYSTEMPATH\CodeIgniter.php(502): CodeIgniter\CodeIgniter->runController(Object(App\Controllers\Pekerjaan))
 8 SYSTEMPATH\CodeIgniter.php(361): CodeIgniter\CodeIgniter->handleRequest(null, Object(Config\Cache), false)
 9 FCPATH\index.php(80): CodeIgniter\CodeIgniter->run()
10 SYSTEMPATH\Commands\Server\rewrite.php(47): require_once('C:\\xampp\\htdocs\\Destask\\public\\index.php')
WARNING - 2025-07-27 20:13:18 --> [DEPRECATED] strtotime(): Passing null to parameter #1 ($datetime) of type string is deprecated in APPPATH\Views\pekerjaan\detail_to.php on line 39.
 1 APPPATH\Views\pekerjaan\detail_to.php(39): strtotime(null)
 2 SYSTEMPATH\View\View.php(228): include('C:\\xampp\\htdocs\\Destask\\app\\Views\\pekerjaan\\detail_to.php')
 3 SYSTEMPATH\View\View.php(231): CodeIgniter\View\View->CodeIgniter\View\{closure}()
 4 SYSTEMPATH\Common.php(1178): CodeIgniter\View\View->render('pekerjaan/detail_to', [], true)
 5 APPPATH\Controllers\Pekerjaan.php(135): view('pekerjaan/detail_to', [...])
 6 SYSTEMPATH\CodeIgniter.php(941): App\Controllers\Pekerjaan->detail_task_overdue('5')
 7 SYSTEMPATH\CodeIgniter.php(502): CodeIgniter\CodeIgniter->runController(Object(App\Controllers\Pekerjaan))
 8 SYSTEMPATH\CodeIgniter.php(361): CodeIgniter\CodeIgniter->handleRequest(null, Object(Config\Cache), false)
 9 FCPATH\index.php(80): CodeIgniter\CodeIgniter->run()
10 SYSTEMPATH\Commands\Server\rewrite.php(47): require_once('C:\\xampp\\htdocs\\Destask\\public\\index.php')
WARNING - 2025-07-27 20:13:18 --> [DEPRECATED] strtotime(): Passing null to parameter #1 ($datetime) of type string is deprecated in APPPATH\Views\pekerjaan\detail_to.php on line 39.
 1 APPPATH\Views\pekerjaan\detail_to.php(39): strtotime(null)
 2 SYSTEMPATH\View\View.php(228): include('C:\\xampp\\htdocs\\Destask\\app\\Views\\pekerjaan\\detail_to.php')
 3 SYSTEMPATH\View\View.php(231): CodeIgniter\View\View->CodeIgniter\View\{closure}()
 4 SYSTEMPATH\Common.php(1178): CodeIgniter\View\View->render('pekerjaan/detail_to', [], true)
 5 APPPATH\Controllers\Pekerjaan.php(135): view('pekerjaan/detail_to', [...])
 6 SYSTEMPATH\CodeIgniter.php(941): App\Controllers\Pekerjaan->detail_task_overdue('5')
 7 SYSTEMPATH\CodeIgniter.php(502): CodeIgniter\CodeIgniter->runController(Object(App\Controllers\Pekerjaan))
 8 SYSTEMPATH\CodeIgniter.php(361): CodeIgniter\CodeIgniter->handleRequest(null, Object(Config\Cache), false)
 9 FCPATH\index.php(80): CodeIgniter\CodeIgniter->run()
10 SYSTEMPATH\Commands\Server\rewrite.php(47): require_once('C:\\xampp\\htdocs\\Destask\\public\\index.php')
WARNING - 2025-07-27 20:13:18 --> [DEPRECATED] strtotime(): Passing null to parameter #1 ($datetime) of type string is deprecated in APPPATH\Views\pekerjaan\detail_to.php on line 39.
 1 APPPATH\Views\pekerjaan\detail_to.php(39): strtotime(null)
 2 SYSTEMPATH\View\View.php(228): include('C:\\xampp\\htdocs\\Destask\\app\\Views\\pekerjaan\\detail_to.php')
 3 SYSTEMPATH\View\View.php(231): CodeIgniter\View\View->CodeIgniter\View\{closure}()
 4 SYSTEMPATH\Common.php(1178): CodeIgniter\View\View->render('pekerjaan/detail_to', [], true)
 5 APPPATH\Controllers\Pekerjaan.php(135): view('pekerjaan/detail_to', [...])
 6 SYSTEMPATH\CodeIgniter.php(941): App\Controllers\Pekerjaan->detail_task_overdue('5')
 7 SYSTEMPATH\CodeIgniter.php(502): CodeIgniter\CodeIgniter->runController(Object(App\Controllers\Pekerjaan))
 8 SYSTEMPATH\CodeIgniter.php(361): CodeIgniter\CodeIgniter->handleRequest(null, Object(Config\Cache), false)
 9 FCPATH\index.php(80): CodeIgniter\CodeIgniter->run()
10 SYSTEMPATH\Commands\Server\rewrite.php(47): require_once('C:\\xampp\\htdocs\\Destask\\public\\index.php')
WARNING - 2025-07-27 20:13:18 --> [DEPRECATED] strtotime(): Passing null to parameter #1 ($datetime) of type string is deprecated in APPPATH\Views\pekerjaan\detail_to.php on line 39.
 1 APPPATH\Views\pekerjaan\detail_to.php(39): strtotime(null)
 2 SYSTEMPATH\View\View.php(228): include('C:\\xampp\\htdocs\\Destask\\app\\Views\\pekerjaan\\detail_to.php')
 3 SYSTEMPATH\View\View.php(231): CodeIgniter\View\View->CodeIgniter\View\{closure}()
 4 SYSTEMPATH\Common.php(1178): CodeIgniter\View\View->render('pekerjaan/detail_to', [], true)
 5 APPPATH\Controllers\Pekerjaan.php(135): view('pekerjaan/detail_to', [...])
 6 SYSTEMPATH\CodeIgniter.php(941): App\Controllers\Pekerjaan->detail_task_overdue('5')
 7 SYSTEMPATH\CodeIgniter.php(502): CodeIgniter\CodeIgniter->runController(Object(App\Controllers\Pekerjaan))
 8 SYSTEMPATH\CodeIgniter.php(361): CodeIgniter\CodeIgniter->handleRequest(null, Object(Config\Cache), false)
 9 FCPATH\index.php(80): CodeIgniter\CodeIgniter->run()
10 SYSTEMPATH\Commands\Server\rewrite.php(47): require_once('C:\\xampp\\htdocs\\Destask\\public\\index.php')
WARNING - 2025-07-27 20:13:18 --> [DEPRECATED] strtotime(): Passing null to parameter #1 ($datetime) of type string is deprecated in APPPATH\Views\pekerjaan\detail_to.php on line 39.
 1 APPPATH\Views\pekerjaan\detail_to.php(39): strtotime(null)
 2 SYSTEMPATH\View\View.php(228): include('C:\\xampp\\htdocs\\Destask\\app\\Views\\pekerjaan\\detail_to.php')
 3 SYSTEMPATH\View\View.php(231): CodeIgniter\View\View->CodeIgniter\View\{closure}()
 4 SYSTEMPATH\Common.php(1178): CodeIgniter\View\View->render('pekerjaan/detail_to', [], true)
 5 APPPATH\Controllers\Pekerjaan.php(135): view('pekerjaan/detail_to', [...])
 6 SYSTEMPATH\CodeIgniter.php(941): App\Controllers\Pekerjaan->detail_task_overdue('5')
 7 SYSTEMPATH\CodeIgniter.php(502): CodeIgniter\CodeIgniter->runController(Object(App\Controllers\Pekerjaan))
 8 SYSTEMPATH\CodeIgniter.php(361): CodeIgniter\CodeIgniter->handleRequest(null, Object(Config\Cache), false)
 9 FCPATH\index.php(80): CodeIgniter\CodeIgniter->run()
10 SYSTEMPATH\Commands\Server\rewrite.php(47): require_once('C:\\xampp\\htdocs\\Destask\\public\\index.php')
WARNING - 2025-07-27 20:13:18 --> [DEPRECATED] strtotime(): Passing null to parameter #1 ($datetime) of type string is deprecated in APPPATH\Views\pekerjaan\detail_to.php on line 39.
 1 APPPATH\Views\pekerjaan\detail_to.php(39): strtotime(null)
 2 SYSTEMPATH\View\View.php(228): include('C:\\xampp\\htdocs\\Destask\\app\\Views\\pekerjaan\\detail_to.php')
 3 SYSTEMPATH\View\View.php(231): CodeIgniter\View\View->CodeIgniter\View\{closure}()
 4 SYSTEMPATH\Common.php(1178): CodeIgniter\View\View->render('pekerjaan/detail_to', [], true)
 5 APPPATH\Controllers\Pekerjaan.php(135): view('pekerjaan/detail_to', [...])
 6 SYSTEMPATH\CodeIgniter.php(941): App\Controllers\Pekerjaan->detail_task_overdue('5')
 7 SYSTEMPATH\CodeIgniter.php(502): CodeIgniter\CodeIgniter->runController(Object(App\Controllers\Pekerjaan))
 8 SYSTEMPATH\CodeIgniter.php(361): CodeIgniter\CodeIgniter->handleRequest(null, Object(Config\Cache), false)
 9 FCPATH\index.php(80): CodeIgniter\CodeIgniter->run()
10 SYSTEMPATH\Commands\Server\rewrite.php(47): require_once('C:\\xampp\\htdocs\\Destask\\public\\index.php')
WARNING - 2025-07-27 20:13:18 --> [DEPRECATED] strtotime(): Passing null to parameter #1 ($datetime) of type string is deprecated in APPPATH\Views\pekerjaan\detail_to.php on line 39.
 1 APPPATH\Views\pekerjaan\detail_to.php(39): strtotime(null)
 2 SYSTEMPATH\View\View.php(228): include('C:\\xampp\\htdocs\\Destask\\app\\Views\\pekerjaan\\detail_to.php')
 3 SYSTEMPATH\View\View.php(231): CodeIgniter\View\View->CodeIgniter\View\{closure}()
 4 SYSTEMPATH\Common.php(1178): CodeIgniter\View\View->render('pekerjaan/detail_to', [], true)
 5 APPPATH\Controllers\Pekerjaan.php(135): view('pekerjaan/detail_to', [...])
 6 SYSTEMPATH\CodeIgniter.php(941): App\Controllers\Pekerjaan->detail_task_overdue('5')
 7 SYSTEMPATH\CodeIgniter.php(502): CodeIgniter\CodeIgniter->runController(Object(App\Controllers\Pekerjaan))
 8 SYSTEMPATH\CodeIgniter.php(361): CodeIgniter\CodeIgniter->handleRequest(null, Object(Config\Cache), false)
 9 FCPATH\index.php(80): CodeIgniter\CodeIgniter->run()
10 SYSTEMPATH\Commands\Server\rewrite.php(47): require_once('C:\\xampp\\htdocs\\Destask\\public\\index.php')
WARNING - 2025-07-27 20:13:18 --> [DEPRECATED] strtotime(): Passing null to parameter #1 ($datetime) of type string is deprecated in APPPATH\Views\pekerjaan\detail_to.php on line 39.
 1 APPPATH\Views\pekerjaan\detail_to.php(39): strtotime(null)
 2 SYSTEMPATH\View\View.php(228): include('C:\\xampp\\htdocs\\Destask\\app\\Views\\pekerjaan\\detail_to.php')
 3 SYSTEMPATH\View\View.php(231): CodeIgniter\View\View->CodeIgniter\View\{closure}()
 4 SYSTEMPATH\Common.php(1178): CodeIgniter\View\View->render('pekerjaan/detail_to', [], true)
 5 APPPATH\Controllers\Pekerjaan.php(135): view('pekerjaan/detail_to', [...])
 6 SYSTEMPATH\CodeIgniter.php(941): App\Controllers\Pekerjaan->detail_task_overdue('5')
 7 SYSTEMPATH\CodeIgniter.php(502): CodeIgniter\CodeIgniter->runController(Object(App\Controllers\Pekerjaan))
 8 SYSTEMPATH\CodeIgniter.php(361): CodeIgniter\CodeIgniter->handleRequest(null, Object(Config\Cache), false)
 9 FCPATH\index.php(80): CodeIgniter\CodeIgniter->run()
10 SYSTEMPATH\Commands\Server\rewrite.php(47): require_once('C:\\xampp\\htdocs\\Destask\\public\\index.php')
WARNING - 2025-07-27 20:13:18 --> [DEPRECATED] strtotime(): Passing null to parameter #1 ($datetime) of type string is deprecated in APPPATH\Views\pekerjaan\detail_to.php on line 39.
 1 APPPATH\Views\pekerjaan\detail_to.php(39): strtotime(null)
 2 SYSTEMPATH\View\View.php(228): include('C:\\xampp\\htdocs\\Destask\\app\\Views\\pekerjaan\\detail_to.php')
 3 SYSTEMPATH\View\View.php(231): CodeIgniter\View\View->CodeIgniter\View\{closure}()
 4 SYSTEMPATH\Common.php(1178): CodeIgniter\View\View->render('pekerjaan/detail_to', [], true)
 5 APPPATH\Controllers\Pekerjaan.php(135): view('pekerjaan/detail_to', [...])
 6 SYSTEMPATH\CodeIgniter.php(941): App\Controllers\Pekerjaan->detail_task_overdue('5')
 7 SYSTEMPATH\CodeIgniter.php(502): CodeIgniter\CodeIgniter->runController(Object(App\Controllers\Pekerjaan))
 8 SYSTEMPATH\CodeIgniter.php(361): CodeIgniter\CodeIgniter->handleRequest(null, Object(Config\Cache), false)
 9 FCPATH\index.php(80): CodeIgniter\CodeIgniter->run()
10 SYSTEMPATH\Commands\Server\rewrite.php(47): require_once('C:\\xampp\\htdocs\\Destask\\public\\index.php')
WARNING - 2025-07-27 20:13:18 --> [DEPRECATED] strtotime(): Passing null to parameter #1 ($datetime) of type string is deprecated in APPPATH\Views\pekerjaan\detail_to.php on line 39.
 1 APPPATH\Views\pekerjaan\detail_to.php(39): strtotime(null)
 2 SYSTEMPATH\View\View.php(228): include('C:\\xampp\\htdocs\\Destask\\app\\Views\\pekerjaan\\detail_to.php')
 3 SYSTEMPATH\View\View.php(231): CodeIgniter\View\View->CodeIgniter\View\{closure}()
 4 SYSTEMPATH\Common.php(1178): CodeIgniter\View\View->render('pekerjaan/detail_to', [], true)
 5 APPPATH\Controllers\Pekerjaan.php(135): view('pekerjaan/detail_to', [...])
 6 SYSTEMPATH\CodeIgniter.php(941): App\Controllers\Pekerjaan->detail_task_overdue('5')
 7 SYSTEMPATH\CodeIgniter.php(502): CodeIgniter\CodeIgniter->runController(Object(App\Controllers\Pekerjaan))
 8 SYSTEMPATH\CodeIgniter.php(361): CodeIgniter\CodeIgniter->handleRequest(null, Object(Config\Cache), false)
 9 FCPATH\index.php(80): CodeIgniter\CodeIgniter->run()
10 SYSTEMPATH\Commands\Server\rewrite.php(47): require_once('C:\\xampp\\htdocs\\Destask\\public\\index.php')
WARNING - 2025-07-27 20:13:18 --> [DEPRECATED] strtotime(): Passing null to parameter #1 ($datetime) of type string is deprecated in APPPATH\Views\pekerjaan\detail_to.php on line 39.
 1 APPPATH\Views\pekerjaan\detail_to.php(39): strtotime(null)
 2 SYSTEMPATH\View\View.php(228): include('C:\\xampp\\htdocs\\Destask\\app\\Views\\pekerjaan\\detail_to.php')
 3 SYSTEMPATH\View\View.php(231): CodeIgniter\View\View->CodeIgniter\View\{closure}()
 4 SYSTEMPATH\Common.php(1178): CodeIgniter\View\View->render('pekerjaan/detail_to', [], true)
 5 APPPATH\Controllers\Pekerjaan.php(135): view('pekerjaan/detail_to', [...])
 6 SYSTEMPATH\CodeIgniter.php(941): App\Controllers\Pekerjaan->detail_task_overdue('5')
 7 SYSTEMPATH\CodeIgniter.php(502): CodeIgniter\CodeIgniter->runController(Object(App\Controllers\Pekerjaan))
 8 SYSTEMPATH\CodeIgniter.php(361): CodeIgniter\CodeIgniter->handleRequest(null, Object(Config\Cache), false)
 9 FCPATH\index.php(80): CodeIgniter\CodeIgniter->run()
10 SYSTEMPATH\Commands\Server\rewrite.php(47): require_once('C:\\xampp\\htdocs\\Destask\\public\\index.php')
WARNING - 2025-07-27 20:13:18 --> [DEPRECATED] strtotime(): Passing null to parameter #1 ($datetime) of type string is deprecated in APPPATH\Views\pekerjaan\detail_to.php on line 39.
 1 APPPATH\Views\pekerjaan\detail_to.php(39): strtotime(null)
 2 SYSTEMPATH\View\View.php(228): include('C:\\xampp\\htdocs\\Destask\\app\\Views\\pekerjaan\\detail_to.php')
 3 SYSTEMPATH\View\View.php(231): CodeIgniter\View\View->CodeIgniter\View\{closure}()
 4 SYSTEMPATH\Common.php(1178): CodeIgniter\View\View->render('pekerjaan/detail_to', [], true)
 5 APPPATH\Controllers\Pekerjaan.php(135): view('pekerjaan/detail_to', [...])
 6 SYSTEMPATH\CodeIgniter.php(941): App\Controllers\Pekerjaan->detail_task_overdue('5')
 7 SYSTEMPATH\CodeIgniter.php(502): CodeIgniter\CodeIgniter->runController(Object(App\Controllers\Pekerjaan))
 8 SYSTEMPATH\CodeIgniter.php(361): CodeIgniter\CodeIgniter->handleRequest(null, Object(Config\Cache), false)
 9 FCPATH\index.php(80): CodeIgniter\CodeIgniter->run()
10 SYSTEMPATH\Commands\Server\rewrite.php(47): require_once('C:\\xampp\\htdocs\\Destask\\public\\index.php')
WARNING - 2025-07-27 20:13:18 --> [DEPRECATED] strtotime(): Passing null to parameter #1 ($datetime) of type string is deprecated in APPPATH\Views\pekerjaan\detail_to.php on line 39.
 1 APPPATH\Views\pekerjaan\detail_to.php(39): strtotime(null)
 2 SYSTEMPATH\View\View.php(228): include('C:\\xampp\\htdocs\\Destask\\app\\Views\\pekerjaan\\detail_to.php')
 3 SYSTEMPATH\View\View.php(231): CodeIgniter\View\View->CodeIgniter\View\{closure}()
 4 SYSTEMPATH\Common.php(1178): CodeIgniter\View\View->render('pekerjaan/detail_to', [], true)
 5 APPPATH\Controllers\Pekerjaan.php(135): view('pekerjaan/detail_to', [...])
 6 SYSTEMPATH\CodeIgniter.php(941): App\Controllers\Pekerjaan->detail_task_overdue('5')
 7 SYSTEMPATH\CodeIgniter.php(502): CodeIgniter\CodeIgniter->runController(Object(App\Controllers\Pekerjaan))
 8 SYSTEMPATH\CodeIgniter.php(361): CodeIgniter\CodeIgniter->handleRequest(null, Object(Config\Cache), false)
 9 FCPATH\index.php(80): CodeIgniter\CodeIgniter->run()
10 SYSTEMPATH\Commands\Server\rewrite.php(47): require_once('C:\\xampp\\htdocs\\Destask\\public\\index.php')
WARNING - 2025-07-27 20:13:18 --> [DEPRECATED] strtotime(): Passing null to parameter #1 ($datetime) of type string is deprecated in APPPATH\Views\pekerjaan\detail_to.php on line 39.
 1 APPPATH\Views\pekerjaan\detail_to.php(39): strtotime(null)
 2 SYSTEMPATH\View\View.php(228): include('C:\\xampp\\htdocs\\Destask\\app\\Views\\pekerjaan\\detail_to.php')
 3 SYSTEMPATH\View\View.php(231): CodeIgniter\View\View->CodeIgniter\View\{closure}()
 4 SYSTEMPATH\Common.php(1178): CodeIgniter\View\View->render('pekerjaan/detail_to', [], true)
 5 APPPATH\Controllers\Pekerjaan.php(135): view('pekerjaan/detail_to', [...])
 6 SYSTEMPATH\CodeIgniter.php(941): App\Controllers\Pekerjaan->detail_task_overdue('5')
 7 SYSTEMPATH\CodeIgniter.php(502): CodeIgniter\CodeIgniter->runController(Object(App\Controllers\Pekerjaan))
 8 SYSTEMPATH\CodeIgniter.php(361): CodeIgniter\CodeIgniter->handleRequest(null, Object(Config\Cache), false)
 9 FCPATH\index.php(80): CodeIgniter\CodeIgniter->run()
10 SYSTEMPATH\Commands\Server\rewrite.php(47): require_once('C:\\xampp\\htdocs\\Destask\\public\\index.php')
WARNING - 2025-07-27 20:13:18 --> [DEPRECATED] strtotime(): Passing null to parameter #1 ($datetime) of type string is deprecated in APPPATH\Views\pekerjaan\detail_to.php on line 39.
 1 APPPATH\Views\pekerjaan\detail_to.php(39): strtotime(null)
 2 SYSTEMPATH\View\View.php(228): include('C:\\xampp\\htdocs\\Destask\\app\\Views\\pekerjaan\\detail_to.php')
 3 SYSTEMPATH\View\View.php(231): CodeIgniter\View\View->CodeIgniter\View\{closure}()
 4 SYSTEMPATH\Common.php(1178): CodeIgniter\View\View->render('pekerjaan/detail_to', [], true)
 5 APPPATH\Controllers\Pekerjaan.php(135): view('pekerjaan/detail_to', [...])
 6 SYSTEMPATH\CodeIgniter.php(941): App\Controllers\Pekerjaan->detail_task_overdue('5')
 7 SYSTEMPATH\CodeIgniter.php(502): CodeIgniter\CodeIgniter->runController(Object(App\Controllers\Pekerjaan))
 8 SYSTEMPATH\CodeIgniter.php(361): CodeIgniter\CodeIgniter->handleRequest(null, Object(Config\Cache), false)
 9 FCPATH\index.php(80): CodeIgniter\CodeIgniter->run()
10 SYSTEMPATH\Commands\Server\rewrite.php(47): require_once('C:\\xampp\\htdocs\\Destask\\public\\index.php')
WARNING - 2025-07-27 20:13:18 --> [DEPRECATED] strtotime(): Passing null to parameter #1 ($datetime) of type string is deprecated in APPPATH\Views\pekerjaan\detail_to.php on line 39.
 1 APPPATH\Views\pekerjaan\detail_to.php(39): strtotime(null)
 2 SYSTEMPATH\View\View.php(228): include('C:\\xampp\\htdocs\\Destask\\app\\Views\\pekerjaan\\detail_to.php')
 3 SYSTEMPATH\View\View.php(231): CodeIgniter\View\View->CodeIgniter\View\{closure}()
 4 SYSTEMPATH\Common.php(1178): CodeIgniter\View\View->render('pekerjaan/detail_to', [], true)
 5 APPPATH\Controllers\Pekerjaan.php(135): view('pekerjaan/detail_to', [...])
 6 SYSTEMPATH\CodeIgniter.php(941): App\Controllers\Pekerjaan->detail_task_overdue('5')
 7 SYSTEMPATH\CodeIgniter.php(502): CodeIgniter\CodeIgniter->runController(Object(App\Controllers\Pekerjaan))
 8 SYSTEMPATH\CodeIgniter.php(361): CodeIgniter\CodeIgniter->handleRequest(null, Object(Config\Cache), false)
 9 FCPATH\index.php(80): CodeIgniter\CodeIgniter->run()
10 SYSTEMPATH\Commands\Server\rewrite.php(47): require_once('C:\\xampp\\htdocs\\Destask\\public\\index.php')
WARNING - 2025-07-27 20:13:18 --> [DEPRECATED] strtotime(): Passing null to parameter #1 ($datetime) of type string is deprecated in APPPATH\Views\pekerjaan\detail_to.php on line 39.
 1 APPPATH\Views\pekerjaan\detail_to.php(39): strtotime(null)
 2 SYSTEMPATH\View\View.php(228): include('C:\\xampp\\htdocs\\Destask\\app\\Views\\pekerjaan\\detail_to.php')
 3 SYSTEMPATH\View\View.php(231): CodeIgniter\View\View->CodeIgniter\View\{closure}()
 4 SYSTEMPATH\Common.php(1178): CodeIgniter\View\View->render('pekerjaan/detail_to', [], true)
 5 APPPATH\Controllers\Pekerjaan.php(135): view('pekerjaan/detail_to', [...])
 6 SYSTEMPATH\CodeIgniter.php(941): App\Controllers\Pekerjaan->detail_task_overdue('5')
 7 SYSTEMPATH\CodeIgniter.php(502): CodeIgniter\CodeIgniter->runController(Object(App\Controllers\Pekerjaan))
 8 SYSTEMPATH\CodeIgniter.php(361): CodeIgniter\CodeIgniter->handleRequest(null, Object(Config\Cache), false)
 9 FCPATH\index.php(80): CodeIgniter\CodeIgniter->run()
10 SYSTEMPATH\Commands\Server\rewrite.php(47): require_once('C:\\xampp\\htdocs\\Destask\\public\\index.php')
WARNING - 2025-07-27 20:13:18 --> [DEPRECATED] strtotime(): Passing null to parameter #1 ($datetime) of type string is deprecated in APPPATH\Views\pekerjaan\detail_to.php on line 39.
 1 APPPATH\Views\pekerjaan\detail_to.php(39): strtotime(null)
 2 SYSTEMPATH\View\View.php(228): include('C:\\xampp\\htdocs\\Destask\\app\\Views\\pekerjaan\\detail_to.php')
 3 SYSTEMPATH\View\View.php(231): CodeIgniter\View\View->CodeIgniter\View\{closure}()
 4 SYSTEMPATH\Common.php(1178): CodeIgniter\View\View->render('pekerjaan/detail_to', [], true)
 5 APPPATH\Controllers\Pekerjaan.php(135): view('pekerjaan/detail_to', [...])
 6 SYSTEMPATH\CodeIgniter.php(941): App\Controllers\Pekerjaan->detail_task_overdue('5')
 7 SYSTEMPATH\CodeIgniter.php(502): CodeIgniter\CodeIgniter->runController(Object(App\Controllers\Pekerjaan))
 8 SYSTEMPATH\CodeIgniter.php(361): CodeIgniter\CodeIgniter->handleRequest(null, Object(Config\Cache), false)
 9 FCPATH\index.php(80): CodeIgniter\CodeIgniter->run()
10 SYSTEMPATH\Commands\Server\rewrite.php(47): require_once('C:\\xampp\\htdocs\\Destask\\public\\index.php')
WARNING - 2025-07-27 20:13:18 --> [DEPRECATED] strtotime(): Passing null to parameter #1 ($datetime) of type string is deprecated in APPPATH\Views\pekerjaan\detail_to.php on line 39.
 1 APPPATH\Views\pekerjaan\detail_to.php(39): strtotime(null)
 2 SYSTEMPATH\View\View.php(228): include('C:\\xampp\\htdocs\\Destask\\app\\Views\\pekerjaan\\detail_to.php')
 3 SYSTEMPATH\View\View.php(231): CodeIgniter\View\View->CodeIgniter\View\{closure}()
 4 SYSTEMPATH\Common.php(1178): CodeIgniter\View\View->render('pekerjaan/detail_to', [], true)
 5 APPPATH\Controllers\Pekerjaan.php(135): view('pekerjaan/detail_to', [...])
 6 SYSTEMPATH\CodeIgniter.php(941): App\Controllers\Pekerjaan->detail_task_overdue('5')
 7 SYSTEMPATH\CodeIgniter.php(502): CodeIgniter\CodeIgniter->runController(Object(App\Controllers\Pekerjaan))
 8 SYSTEMPATH\CodeIgniter.php(361): CodeIgniter\CodeIgniter->handleRequest(null, Object(Config\Cache), false)
 9 FCPATH\index.php(80): CodeIgniter\CodeIgniter->run()
10 SYSTEMPATH\Commands\Server\rewrite.php(47): require_once('C:\\xampp\\htdocs\\Destask\\public\\index.php')
WARNING - 2025-07-27 20:13:18 --> [DEPRECATED] strtotime(): Passing null to parameter #1 ($datetime) of type string is deprecated in APPPATH\Views\pekerjaan\detail_to.php on line 39.
 1 APPPATH\Views\pekerjaan\detail_to.php(39): strtotime(null)
 2 SYSTEMPATH\View\View.php(228): include('C:\\xampp\\htdocs\\Destask\\app\\Views\\pekerjaan\\detail_to.php')
 3 SYSTEMPATH\View\View.php(231): CodeIgniter\View\View->CodeIgniter\View\{closure}()
 4 SYSTEMPATH\Common.php(1178): CodeIgniter\View\View->render('pekerjaan/detail_to', [], true)
 5 APPPATH\Controllers\Pekerjaan.php(135): view('pekerjaan/detail_to', [...])
 6 SYSTEMPATH\CodeIgniter.php(941): App\Controllers\Pekerjaan->detail_task_overdue('5')
 7 SYSTEMPATH\CodeIgniter.php(502): CodeIgniter\CodeIgniter->runController(Object(App\Controllers\Pekerjaan))
 8 SYSTEMPATH\CodeIgniter.php(361): CodeIgniter\CodeIgniter->handleRequest(null, Object(Config\Cache), false)
 9 FCPATH\index.php(80): CodeIgniter\CodeIgniter->run()
10 SYSTEMPATH\Commands\Server\rewrite.php(47): require_once('C:\\xampp\\htdocs\\Destask\\public\\index.php')
WARNING - 2025-07-27 20:13:18 --> [DEPRECATED] strtotime(): Passing null to parameter #1 ($datetime) of type string is deprecated in APPPATH\Views\pekerjaan\detail_to.php on line 39.
 1 APPPATH\Views\pekerjaan\detail_to.php(39): strtotime(null)
 2 SYSTEMPATH\View\View.php(228): include('C:\\xampp\\htdocs\\Destask\\app\\Views\\pekerjaan\\detail_to.php')
 3 SYSTEMPATH\View\View.php(231): CodeIgniter\View\View->CodeIgniter\View\{closure}()
 4 SYSTEMPATH\Common.php(1178): CodeIgniter\View\View->render('pekerjaan/detail_to', [], true)
 5 APPPATH\Controllers\Pekerjaan.php(135): view('pekerjaan/detail_to', [...])
 6 SYSTEMPATH\CodeIgniter.php(941): App\Controllers\Pekerjaan->detail_task_overdue('5')
 7 SYSTEMPATH\CodeIgniter.php(502): CodeIgniter\CodeIgniter->runController(Object(App\Controllers\Pekerjaan))
 8 SYSTEMPATH\CodeIgniter.php(361): CodeIgniter\CodeIgniter->handleRequest(null, Object(Config\Cache), false)
 9 FCPATH\index.php(80): CodeIgniter\CodeIgniter->run()
10 SYSTEMPATH\Commands\Server\rewrite.php(47): require_once('C:\\xampp\\htdocs\\Destask\\public\\index.php')
WARNING - 2025-07-27 20:13:18 --> [DEPRECATED] strtotime(): Passing null to parameter #1 ($datetime) of type string is deprecated in APPPATH\Views\pekerjaan\detail_to.php on line 39.
 1 APPPATH\Views\pekerjaan\detail_to.php(39): strtotime(null)
 2 SYSTEMPATH\View\View.php(228): include('C:\\xampp\\htdocs\\Destask\\app\\Views\\pekerjaan\\detail_to.php')
 3 SYSTEMPATH\View\View.php(231): CodeIgniter\View\View->CodeIgniter\View\{closure}()
 4 SYSTEMPATH\Common.php(1178): CodeIgniter\View\View->render('pekerjaan/detail_to', [], true)
 5 APPPATH\Controllers\Pekerjaan.php(135): view('pekerjaan/detail_to', [...])
 6 SYSTEMPATH\CodeIgniter.php(941): App\Controllers\Pekerjaan->detail_task_overdue('5')
 7 SYSTEMPATH\CodeIgniter.php(502): CodeIgniter\CodeIgniter->runController(Object(App\Controllers\Pekerjaan))
 8 SYSTEMPATH\CodeIgniter.php(361): CodeIgniter\CodeIgniter->handleRequest(null, Object(Config\Cache), false)
 9 FCPATH\index.php(80): CodeIgniter\CodeIgniter->run()
10 SYSTEMPATH\Commands\Server\rewrite.php(47): require_once('C:\\xampp\\htdocs\\Destask\\public\\index.php')
WARNING - 2025-07-27 20:13:18 --> [DEPRECATED] strtotime(): Passing null to parameter #1 ($datetime) of type string is deprecated in APPPATH\Views\pekerjaan\detail_to.php on line 39.
 1 APPPATH\Views\pekerjaan\detail_to.php(39): strtotime(null)
 2 SYSTEMPATH\View\View.php(228): include('C:\\xampp\\htdocs\\Destask\\app\\Views\\pekerjaan\\detail_to.php')
 3 SYSTEMPATH\View\View.php(231): CodeIgniter\View\View->CodeIgniter\View\{closure}()
 4 SYSTEMPATH\Common.php(1178): CodeIgniter\View\View->render('pekerjaan/detail_to', [], true)
 5 APPPATH\Controllers\Pekerjaan.php(135): view('pekerjaan/detail_to', [...])
 6 SYSTEMPATH\CodeIgniter.php(941): App\Controllers\Pekerjaan->detail_task_overdue('5')
 7 SYSTEMPATH\CodeIgniter.php(502): CodeIgniter\CodeIgniter->runController(Object(App\Controllers\Pekerjaan))
 8 SYSTEMPATH\CodeIgniter.php(361): CodeIgniter\CodeIgniter->handleRequest(null, Object(Config\Cache), false)
 9 FCPATH\index.php(80): CodeIgniter\CodeIgniter->run()
10 SYSTEMPATH\Commands\Server\rewrite.php(47): require_once('C:\\xampp\\htdocs\\Destask\\public\\index.php')
WARNING - 2025-07-27 20:13:18 --> [DEPRECATED] strtotime(): Passing null to parameter #1 ($datetime) of type string is deprecated in APPPATH\Views\pekerjaan\detail_to.php on line 39.
 1 APPPATH\Views\pekerjaan\detail_to.php(39): strtotime(null)
 2 SYSTEMPATH\View\View.php(228): include('C:\\xampp\\htdocs\\Destask\\app\\Views\\pekerjaan\\detail_to.php')
 3 SYSTEMPATH\View\View.php(231): CodeIgniter\View\View->CodeIgniter\View\{closure}()
 4 SYSTEMPATH\Common.php(1178): CodeIgniter\View\View->render('pekerjaan/detail_to', [], true)
 5 APPPATH\Controllers\Pekerjaan.php(135): view('pekerjaan/detail_to', [...])
 6 SYSTEMPATH\CodeIgniter.php(941): App\Controllers\Pekerjaan->detail_task_overdue('5')
 7 SYSTEMPATH\CodeIgniter.php(502): CodeIgniter\CodeIgniter->runController(Object(App\Controllers\Pekerjaan))
 8 SYSTEMPATH\CodeIgniter.php(361): CodeIgniter\CodeIgniter->handleRequest(null, Object(Config\Cache), false)
 9 FCPATH\index.php(80): CodeIgniter\CodeIgniter->run()
10 SYSTEMPATH\Commands\Server\rewrite.php(47): require_once('C:\\xampp\\htdocs\\Destask\\public\\index.php')
WARNING - 2025-07-27 20:13:18 --> [DEPRECATED] strtotime(): Passing null to parameter #1 ($datetime) of type string is deprecated in APPPATH\Views\pekerjaan\detail_to.php on line 39.
 1 APPPATH\Views\pekerjaan\detail_to.php(39): strtotime(null)
 2 SYSTEMPATH\View\View.php(228): include('C:\\xampp\\htdocs\\Destask\\app\\Views\\pekerjaan\\detail_to.php')
 3 SYSTEMPATH\View\View.php(231): CodeIgniter\View\View->CodeIgniter\View\{closure}()
 4 SYSTEMPATH\Common.php(1178): CodeIgniter\View\View->render('pekerjaan/detail_to', [], true)
 5 APPPATH\Controllers\Pekerjaan.php(135): view('pekerjaan/detail_to', [...])
 6 SYSTEMPATH\CodeIgniter.php(941): App\Controllers\Pekerjaan->detail_task_overdue('5')
 7 SYSTEMPATH\CodeIgniter.php(502): CodeIgniter\CodeIgniter->runController(Object(App\Controllers\Pekerjaan))
 8 SYSTEMPATH\CodeIgniter.php(361): CodeIgniter\CodeIgniter->handleRequest(null, Object(Config\Cache), false)
 9 FCPATH\index.php(80): CodeIgniter\CodeIgniter->run()
10 SYSTEMPATH\Commands\Server\rewrite.php(47): require_once('C:\\xampp\\htdocs\\Destask\\public\\index.php')
WARNING - 2025-07-27 20:13:18 --> [DEPRECATED] strtotime(): Passing null to parameter #1 ($datetime) of type string is deprecated in APPPATH\Views\pekerjaan\detail_to.php on line 39.
 1 APPPATH\Views\pekerjaan\detail_to.php(39): strtotime(null)
 2 SYSTEMPATH\View\View.php(228): include('C:\\xampp\\htdocs\\Destask\\app\\Views\\pekerjaan\\detail_to.php')
 3 SYSTEMPATH\View\View.php(231): CodeIgniter\View\View->CodeIgniter\View\{closure}()
 4 SYSTEMPATH\Common.php(1178): CodeIgniter\View\View->render('pekerjaan/detail_to', [], true)
 5 APPPATH\Controllers\Pekerjaan.php(135): view('pekerjaan/detail_to', [...])
 6 SYSTEMPATH\CodeIgniter.php(941): App\Controllers\Pekerjaan->detail_task_overdue('5')
 7 SYSTEMPATH\CodeIgniter.php(502): CodeIgniter\CodeIgniter->runController(Object(App\Controllers\Pekerjaan))
 8 SYSTEMPATH\CodeIgniter.php(361): CodeIgniter\CodeIgniter->handleRequest(null, Object(Config\Cache), false)
 9 FCPATH\index.php(80): CodeIgniter\CodeIgniter->run()
10 SYSTEMPATH\Commands\Server\rewrite.php(47): require_once('C:\\xampp\\htdocs\\Destask\\public\\index.php')
WARNING - 2025-07-27 20:13:18 --> [DEPRECATED] strtotime(): Passing null to parameter #1 ($datetime) of type string is deprecated in APPPATH\Views\pekerjaan\detail_to.php on line 39.
 1 APPPATH\Views\pekerjaan\detail_to.php(39): strtotime(null)
 2 SYSTEMPATH\View\View.php(228): include('C:\\xampp\\htdocs\\Destask\\app\\Views\\pekerjaan\\detail_to.php')
 3 SYSTEMPATH\View\View.php(231): CodeIgniter\View\View->CodeIgniter\View\{closure}()
 4 SYSTEMPATH\Common.php(1178): CodeIgniter\View\View->render('pekerjaan/detail_to', [], true)
 5 APPPATH\Controllers\Pekerjaan.php(135): view('pekerjaan/detail_to', [...])
 6 SYSTEMPATH\CodeIgniter.php(941): App\Controllers\Pekerjaan->detail_task_overdue('5')
 7 SYSTEMPATH\CodeIgniter.php(502): CodeIgniter\CodeIgniter->runController(Object(App\Controllers\Pekerjaan))
 8 SYSTEMPATH\CodeIgniter.php(361): CodeIgniter\CodeIgniter->handleRequest(null, Object(Config\Cache), false)
 9 FCPATH\index.php(80): CodeIgniter\CodeIgniter->run()
10 SYSTEMPATH\Commands\Server\rewrite.php(47): require_once('C:\\xampp\\htdocs\\Destask\\public\\index.php')
WARNING - 2025-07-27 20:13:18 --> [DEPRECATED] strtotime(): Passing null to parameter #1 ($datetime) of type string is deprecated in APPPATH\Views\pekerjaan\detail_to.php on line 39.
 1 APPPATH\Views\pekerjaan\detail_to.php(39): strtotime(null)
 2 SYSTEMPATH\View\View.php(228): include('C:\\xampp\\htdocs\\Destask\\app\\Views\\pekerjaan\\detail_to.php')
 3 SYSTEMPATH\View\View.php(231): CodeIgniter\View\View->CodeIgniter\View\{closure}()
 4 SYSTEMPATH\Common.php(1178): CodeIgniter\View\View->render('pekerjaan/detail_to', [], true)
 5 APPPATH\Controllers\Pekerjaan.php(135): view('pekerjaan/detail_to', [...])
 6 SYSTEMPATH\CodeIgniter.php(941): App\Controllers\Pekerjaan->detail_task_overdue('5')
 7 SYSTEMPATH\CodeIgniter.php(502): CodeIgniter\CodeIgniter->runController(Object(App\Controllers\Pekerjaan))
 8 SYSTEMPATH\CodeIgniter.php(361): CodeIgniter\CodeIgniter->handleRequest(null, Object(Config\Cache), false)
 9 FCPATH\index.php(80): CodeIgniter\CodeIgniter->run()
10 SYSTEMPATH\Commands\Server\rewrite.php(47): require_once('C:\\xampp\\htdocs\\Destask\\public\\index.php')
WARNING - 2025-07-27 20:13:18 --> [DEPRECATED] strtotime(): Passing null to parameter #1 ($datetime) of type string is deprecated in APPPATH\Views\pekerjaan\detail_to.php on line 39.
 1 APPPATH\Views\pekerjaan\detail_to.php(39): strtotime(null)
 2 SYSTEMPATH\View\View.php(228): include('C:\\xampp\\htdocs\\Destask\\app\\Views\\pekerjaan\\detail_to.php')
 3 SYSTEMPATH\View\View.php(231): CodeIgniter\View\View->CodeIgniter\View\{closure}()
 4 SYSTEMPATH\Common.php(1178): CodeIgniter\View\View->render('pekerjaan/detail_to', [], true)
 5 APPPATH\Controllers\Pekerjaan.php(135): view('pekerjaan/detail_to', [...])
 6 SYSTEMPATH\CodeIgniter.php(941): App\Controllers\Pekerjaan->detail_task_overdue('5')
 7 SYSTEMPATH\CodeIgniter.php(502): CodeIgniter\CodeIgniter->runController(Object(App\Controllers\Pekerjaan))
 8 SYSTEMPATH\CodeIgniter.php(361): CodeIgniter\CodeIgniter->handleRequest(null, Object(Config\Cache), false)
 9 FCPATH\index.php(80): CodeIgniter\CodeIgniter->run()
10 SYSTEMPATH\Commands\Server\rewrite.php(47): require_once('C:\\xampp\\htdocs\\Destask\\public\\index.php')
WARNING - 2025-07-27 20:13:18 --> [DEPRECATED] strtotime(): Passing null to parameter #1 ($datetime) of type string is deprecated in APPPATH\Views\pekerjaan\detail_to.php on line 39.
 1 APPPATH\Views\pekerjaan\detail_to.php(39): strtotime(null)
 2 SYSTEMPATH\View\View.php(228): include('C:\\xampp\\htdocs\\Destask\\app\\Views\\pekerjaan\\detail_to.php')
 3 SYSTEMPATH\View\View.php(231): CodeIgniter\View\View->CodeIgniter\View\{closure}()
 4 SYSTEMPATH\Common.php(1178): CodeIgniter\View\View->render('pekerjaan/detail_to', [], true)
 5 APPPATH\Controllers\Pekerjaan.php(135): view('pekerjaan/detail_to', [...])
 6 SYSTEMPATH\CodeIgniter.php(941): App\Controllers\Pekerjaan->detail_task_overdue('5')
 7 SYSTEMPATH\CodeIgniter.php(502): CodeIgniter\CodeIgniter->runController(Object(App\Controllers\Pekerjaan))
 8 SYSTEMPATH\CodeIgniter.php(361): CodeIgniter\CodeIgniter->handleRequest(null, Object(Config\Cache), false)
 9 FCPATH\index.php(80): CodeIgniter\CodeIgniter->run()
10 SYSTEMPATH\Commands\Server\rewrite.php(47): require_once('C:\\xampp\\htdocs\\Destask\\public\\index.php')
WARNING - 2025-07-27 20:13:18 --> [DEPRECATED] strtotime(): Passing null to parameter #1 ($datetime) of type string is deprecated in APPPATH\Views\pekerjaan\detail_to.php on line 39.
 1 APPPATH\Views\pekerjaan\detail_to.php(39): strtotime(null)
 2 SYSTEMPATH\View\View.php(228): include('C:\\xampp\\htdocs\\Destask\\app\\Views\\pekerjaan\\detail_to.php')
 3 SYSTEMPATH\View\View.php(231): CodeIgniter\View\View->CodeIgniter\View\{closure}()
 4 SYSTEMPATH\Common.php(1178): CodeIgniter\View\View->render('pekerjaan/detail_to', [], true)
 5 APPPATH\Controllers\Pekerjaan.php(135): view('pekerjaan/detail_to', [...])
 6 SYSTEMPATH\CodeIgniter.php(941): App\Controllers\Pekerjaan->detail_task_overdue('5')
 7 SYSTEMPATH\CodeIgniter.php(502): CodeIgniter\CodeIgniter->runController(Object(App\Controllers\Pekerjaan))
 8 SYSTEMPATH\CodeIgniter.php(361): CodeIgniter\CodeIgniter->handleRequest(null, Object(Config\Cache), false)
 9 FCPATH\index.php(80): CodeIgniter\CodeIgniter->run()
10 SYSTEMPATH\Commands\Server\rewrite.php(47): require_once('C:\\xampp\\htdocs\\Destask\\public\\index.php')
WARNING - 2025-07-27 20:13:18 --> [DEPRECATED] strtotime(): Passing null to parameter #1 ($datetime) of type string is deprecated in APPPATH\Views\pekerjaan\detail_to.php on line 39.
 1 APPPATH\Views\pekerjaan\detail_to.php(39): strtotime(null)
 2 SYSTEMPATH\View\View.php(228): include('C:\\xampp\\htdocs\\Destask\\app\\Views\\pekerjaan\\detail_to.php')
 3 SYSTEMPATH\View\View.php(231): CodeIgniter\View\View->CodeIgniter\View\{closure}()
 4 SYSTEMPATH\Common.php(1178): CodeIgniter\View\View->render('pekerjaan/detail_to', [], true)
 5 APPPATH\Controllers\Pekerjaan.php(135): view('pekerjaan/detail_to', [...])
 6 SYSTEMPATH\CodeIgniter.php(941): App\Controllers\Pekerjaan->detail_task_overdue('5')
 7 SYSTEMPATH\CodeIgniter.php(502): CodeIgniter\CodeIgniter->runController(Object(App\Controllers\Pekerjaan))
 8 SYSTEMPATH\CodeIgniter.php(361): CodeIgniter\CodeIgniter->handleRequest(null, Object(Config\Cache), false)
 9 FCPATH\index.php(80): CodeIgniter\CodeIgniter->run()
10 SYSTEMPATH\Commands\Server\rewrite.php(47): require_once('C:\\xampp\\htdocs\\Destask\\public\\index.php')
WARNING - 2025-07-27 20:13:18 --> [DEPRECATED] strtotime(): Passing null to parameter #1 ($datetime) of type string is deprecated in APPPATH\Views\pekerjaan\detail_to.php on line 39.
 1 APPPATH\Views\pekerjaan\detail_to.php(39): strtotime(null)
 2 SYSTEMPATH\View\View.php(228): include('C:\\xampp\\htdocs\\Destask\\app\\Views\\pekerjaan\\detail_to.php')
 3 SYSTEMPATH\View\View.php(231): CodeIgniter\View\View->CodeIgniter\View\{closure}()
 4 SYSTEMPATH\Common.php(1178): CodeIgniter\View\View->render('pekerjaan/detail_to', [], true)
 5 APPPATH\Controllers\Pekerjaan.php(135): view('pekerjaan/detail_to', [...])
 6 SYSTEMPATH\CodeIgniter.php(941): App\Controllers\Pekerjaan->detail_task_overdue('5')
 7 SYSTEMPATH\CodeIgniter.php(502): CodeIgniter\CodeIgniter->runController(Object(App\Controllers\Pekerjaan))
 8 SYSTEMPATH\CodeIgniter.php(361): CodeIgniter\CodeIgniter->handleRequest(null, Object(Config\Cache), false)
 9 FCPATH\index.php(80): CodeIgniter\CodeIgniter->run()
10 SYSTEMPATH\Commands\Server\rewrite.php(47): require_once('C:\\xampp\\htdocs\\Destask\\public\\index.php')
WARNING - 2025-07-27 20:13:18 --> [DEPRECATED] strtotime(): Passing null to parameter #1 ($datetime) of type string is deprecated in APPPATH\Views\pekerjaan\detail_to.php on line 39.
 1 APPPATH\Views\pekerjaan\detail_to.php(39): strtotime(null)
 2 SYSTEMPATH\View\View.php(228): include('C:\\xampp\\htdocs\\Destask\\app\\Views\\pekerjaan\\detail_to.php')
 3 SYSTEMPATH\View\View.php(231): CodeIgniter\View\View->CodeIgniter\View\{closure}()
 4 SYSTEMPATH\Common.php(1178): CodeIgniter\View\View->render('pekerjaan/detail_to', [], true)
 5 APPPATH\Controllers\Pekerjaan.php(135): view('pekerjaan/detail_to', [...])
 6 SYSTEMPATH\CodeIgniter.php(941): App\Controllers\Pekerjaan->detail_task_overdue('5')
 7 SYSTEMPATH\CodeIgniter.php(502): CodeIgniter\CodeIgniter->runController(Object(App\Controllers\Pekerjaan))
 8 SYSTEMPATH\CodeIgniter.php(361): CodeIgniter\CodeIgniter->handleRequest(null, Object(Config\Cache), false)
 9 FCPATH\index.php(80): CodeIgniter\CodeIgniter->run()
10 SYSTEMPATH\Commands\Server\rewrite.php(47): require_once('C:\\xampp\\htdocs\\Destask\\public\\index.php')
WARNING - 2025-07-27 20:13:18 --> [DEPRECATED] strtotime(): Passing null to parameter #1 ($datetime) of type string is deprecated in APPPATH\Views\pekerjaan\detail_to.php on line 39.
 1 APPPATH\Views\pekerjaan\detail_to.php(39): strtotime(null)
 2 SYSTEMPATH\View\View.php(228): include('C:\\xampp\\htdocs\\Destask\\app\\Views\\pekerjaan\\detail_to.php')
 3 SYSTEMPATH\View\View.php(231): CodeIgniter\View\View->CodeIgniter\View\{closure}()
 4 SYSTEMPATH\Common.php(1178): CodeIgniter\View\View->render('pekerjaan/detail_to', [], true)
 5 APPPATH\Controllers\Pekerjaan.php(135): view('pekerjaan/detail_to', [...])
 6 SYSTEMPATH\CodeIgniter.php(941): App\Controllers\Pekerjaan->detail_task_overdue('5')
 7 SYSTEMPATH\CodeIgniter.php(502): CodeIgniter\CodeIgniter->runController(Object(App\Controllers\Pekerjaan))
 8 SYSTEMPATH\CodeIgniter.php(361): CodeIgniter\CodeIgniter->handleRequest(null, Object(Config\Cache), false)
 9 FCPATH\index.php(80): CodeIgniter\CodeIgniter->run()
10 SYSTEMPATH\Commands\Server\rewrite.php(47): require_once('C:\\xampp\\htdocs\\Destask\\public\\index.php')
INFO - 2025-07-27 20:13:40 --> Session: Class initialized using 'CodeIgniter\Session\Handlers\FileHandler' driver.
INFO - 2025-07-27 20:14:36 --> Session: Class initialized using 'CodeIgniter\Session\Handlers\FileHandler' driver.
INFO - 2025-07-27 20:14:39 --> Session: Class initialized using 'CodeIgniter\Session\Handlers\FileHandler' driver.
INFO - 2025-07-27 20:14:52 --> Session: Class initialized using 'CodeIgniter\Session\Handlers\FileHandler' driver.
INFO - 2025-07-27 20:14:55 --> Session: Class initialized using 'CodeIgniter\Session\Handlers\FileHandler' driver.
INFO - 2025-07-27 20:14:59 --> Session: Class initialized using 'CodeIgniter\Session\Handlers\FileHandler' driver.
INFO - 2025-07-27 20:15:02 --> Session: Class initialized using 'CodeIgniter\Session\Handlers\FileHandler' driver.
INFO - 2025-07-27 20:15:05 --> Session: Class initialized using 'CodeIgniter\Session\Handlers\FileHandler' driver.
INFO - 2025-07-27 20:15:09 --> Session: Class initialized using 'CodeIgniter\Session\Handlers\FileHandler' driver.
INFO - 2025-07-27 20:15:13 --> Session: Class initialized using 'CodeIgniter\Session\Handlers\FileHandler' driver.
INFO - 2025-07-27 20:15:15 --> Session: Class initialized using 'CodeIgniter\Session\Handlers\FileHandler' driver.
INFO - 2025-07-27 20:15:22 --> Session: Class initialized using 'CodeIgniter\Session\Handlers\FileHandler' driver.
INFO - 2025-07-27 20:15:57 --> Session: Class initialized using 'CodeIgniter\Session\Handlers\FileHandler' driver.
INFO - 2025-07-27 20:16:26 --> Session: Class initialized using 'CodeIgniter\Session\Handlers\FileHandler' driver.
INFO - 2025-07-27 20:16:29 --> Session: Class initialized using 'CodeIgniter\Session\Handlers\FileHandler' driver.
INFO - 2025-07-27 20:16:38 --> Session: Class initialized using 'CodeIgniter\Session\Handlers\FileHandler' driver.
INFO - 2025-07-27 20:18:47 --> Session: Class initialized using 'CodeIgniter\Session\Handlers\FileHandler' driver.
INFO - 2025-07-27 20:18:49 --> Session: Class initialized using 'CodeIgniter\Session\Handlers\FileHandler' driver.
INFO - 2025-07-27 20:18:49 --> Session: Class initialized using 'CodeIgniter\Session\Handlers\FileHandler' driver.
INFO - 2025-07-27 20:18:53 --> Session: Class initialized using 'CodeIgniter\Session\Handlers\FileHandler' driver.
INFO - 2025-07-27 20:18:54 --> Session: Class initialized using 'CodeIgniter\Session\Handlers\FileHandler' driver.
INFO - 2025-07-27 20:18:59 --> Session: Class initialized using 'CodeIgniter\Session\Handlers\FileHandler' driver.
INFO - 2025-07-27 20:19:01 --> Session: Class initialized using 'CodeIgniter\Session\Handlers\FileHandler' driver.
INFO - 2025-07-27 20:19:05 --> Session: Class initialized using 'CodeIgniter\Session\Handlers\FileHandler' driver.
INFO - 2025-07-27 20:20:51 --> Session: Class initialized using 'CodeIgniter\Session\Handlers\FileHandler' driver.
INFO - 2025-07-27 20:20:53 --> Session: Class initialized using 'CodeIgniter\Session\Handlers\FileHandler' driver.
INFO - 2025-07-27 20:20:57 --> Session: Class initialized using 'CodeIgniter\Session\Handlers\FileHandler' driver.
INFO - 2025-07-27 20:21:03 --> Session: Class initialized using 'CodeIgniter\Session\Handlers\FileHandler' driver.
INFO - 2025-07-27 20:21:06 --> Session: Class initialized using 'CodeIgniter\Session\Handlers\FileHandler' driver.
INFO - 2025-07-27 20:23:00 --> Session: Class initialized using 'CodeIgniter\Session\Handlers\FileHandler' driver.
WARNING - 2025-07-27 20:23:00 --> [DEPRECATED] strtotime(): Passing null to parameter #1 ($datetime) of type string is deprecated in APPPATH\Views\pekerjaan\detail_top.php on line 40.
 1 APPPATH\Views\pekerjaan\detail_top.php(40): strtotime(null)
 2 SYSTEMPATH\View\View.php(228): include('C:\\xampp\\htdocs\\Destask\\app\\Views\\pekerjaan\\detail_top.php')
 3 SYSTEMPATH\View\View.php(231): CodeIgniter\View\View->CodeIgniter\View\{closure}()
 4 SYSTEMPATH\Common.php(1178): CodeIgniter\View\View->render('pekerjaan/detail_top', [], true)
 5 APPPATH\Controllers\Pekerjaan.php(116): view('pekerjaan/detail_top', [...])
 6 SYSTEMPATH\CodeIgniter.php(941): App\Controllers\Pekerjaan->detail_task_on_progress('5')
 7 SYSTEMPATH\CodeIgniter.php(502): CodeIgniter\CodeIgniter->runController(Object(App\Controllers\Pekerjaan))
 8 SYSTEMPATH\CodeIgniter.php(361): CodeIgniter\CodeIgniter->handleRequest(null, Object(Config\Cache), false)
 9 FCPATH\index.php(80): CodeIgniter\CodeIgniter->run()
10 SYSTEMPATH\Commands\Server\rewrite.php(47): require_once('C:\\xampp\\htdocs\\Destask\\public\\index.php')
WARNING - 2025-07-27 20:23:00 --> [DEPRECATED] strtotime(): Passing null to parameter #1 ($datetime) of type string is deprecated in APPPATH\Views\pekerjaan\detail_top.php on line 40.
 1 APPPATH\Views\pekerjaan\detail_top.php(40): strtotime(null)
 2 SYSTEMPATH\View\View.php(228): include('C:\\xampp\\htdocs\\Destask\\app\\Views\\pekerjaan\\detail_top.php')
 3 SYSTEMPATH\View\View.php(231): CodeIgniter\View\View->CodeIgniter\View\{closure}()
 4 SYSTEMPATH\Common.php(1178): CodeIgniter\View\View->render('pekerjaan/detail_top', [], true)
 5 APPPATH\Controllers\Pekerjaan.php(116): view('pekerjaan/detail_top', [...])
 6 SYSTEMPATH\CodeIgniter.php(941): App\Controllers\Pekerjaan->detail_task_on_progress('5')
 7 SYSTEMPATH\CodeIgniter.php(502): CodeIgniter\CodeIgniter->runController(Object(App\Controllers\Pekerjaan))
 8 SYSTEMPATH\CodeIgniter.php(361): CodeIgniter\CodeIgniter->handleRequest(null, Object(Config\Cache), false)
 9 FCPATH\index.php(80): CodeIgniter\CodeIgniter->run()
10 SYSTEMPATH\Commands\Server\rewrite.php(47): require_once('C:\\xampp\\htdocs\\Destask\\public\\index.php')
WARNING - 2025-07-27 20:23:00 --> [DEPRECATED] strtotime(): Passing null to parameter #1 ($datetime) of type string is deprecated in APPPATH\Views\pekerjaan\detail_top.php on line 40.
 1 APPPATH\Views\pekerjaan\detail_top.php(40): strtotime(null)
 2 SYSTEMPATH\View\View.php(228): include('C:\\xampp\\htdocs\\Destask\\app\\Views\\pekerjaan\\detail_top.php')
 3 SYSTEMPATH\View\View.php(231): CodeIgniter\View\View->CodeIgniter\View\{closure}()
 4 SYSTEMPATH\Common.php(1178): CodeIgniter\View\View->render('pekerjaan/detail_top', [], true)
 5 APPPATH\Controllers\Pekerjaan.php(116): view('pekerjaan/detail_top', [...])
 6 SYSTEMPATH\CodeIgniter.php(941): App\Controllers\Pekerjaan->detail_task_on_progress('5')
 7 SYSTEMPATH\CodeIgniter.php(502): CodeIgniter\CodeIgniter->runController(Object(App\Controllers\Pekerjaan))
 8 SYSTEMPATH\CodeIgniter.php(361): CodeIgniter\CodeIgniter->handleRequest(null, Object(Config\Cache), false)
 9 FCPATH\index.php(80): CodeIgniter\CodeIgniter->run()
10 SYSTEMPATH\Commands\Server\rewrite.php(47): require_once('C:\\xampp\\htdocs\\Destask\\public\\index.php')
INFO - 2025-07-27 20:25:24 --> Session: Class initialized using 'CodeIgniter\Session\Handlers\FileHandler' driver.
INFO - 2025-07-27 20:25:26 --> Session: Class initialized using 'CodeIgniter\Session\Handlers\FileHandler' driver.
INFO - 2025-07-27 20:25:28 --> Session: Class initialized using 'CodeIgniter\Session\Handlers\FileHandler' driver.
INFO - 2025-07-27 20:25:33 --> Session: Class initialized using 'CodeIgniter\Session\Handlers\FileHandler' driver.
INFO - 2025-07-27 20:26:33 --> Session: Class initialized using 'CodeIgniter\Session\Handlers\FileHandler' driver.
INFO - 2025-07-27 20:26:42 --> Session: Class initialized using 'CodeIgniter\Session\Handlers\FileHandler' driver.
INFO - 2025-07-27 20:26:52 --> Session: Class initialized using 'CodeIgniter\Session\Handlers\FileHandler' driver.
INFO - 2025-07-27 20:26:56 --> Session: Class initialized using 'CodeIgniter\Session\Handlers\FileHandler' driver.
INFO - 2025-07-27 20:27:01 --> Session: Class initialized using 'CodeIgniter\Session\Handlers\FileHandler' driver.
INFO - 2025-07-27 20:27:34 --> Session: Class initialized using 'CodeIgniter\Session\Handlers\FileHandler' driver.
INFO - 2025-07-27 20:27:53 --> Session: Class initialized using 'CodeIgniter\Session\Handlers\FileHandler' driver.
INFO - 2025-07-27 20:27:58 --> Session: Class initialized using 'CodeIgniter\Session\Handlers\FileHandler' driver.
INFO - 2025-07-27 20:28:04 --> Session: Class initialized using 'CodeIgniter\Session\Handlers\FileHandler' driver.
INFO - 2025-07-27 20:28:07 --> Session: Class initialized using 'CodeIgniter\Session\Handlers\FileHandler' driver.
INFO - 2025-07-27 20:28:10 --> Session: Class initialized using 'CodeIgniter\Session\Handlers\FileHandler' driver.
INFO - 2025-07-27 20:30:56 --> Session: Class initialized using 'CodeIgniter\Session\Handlers\FileHandler' driver.
INFO - 2025-07-27 20:31:03 --> Session: Class initialized using 'CodeIgniter\Session\Handlers\FileHandler' driver.
INFO - 2025-07-27 20:32:32 --> Session: Class initialized using 'CodeIgniter\Session\Handlers\FileHandler' driver.
ERROR - 2025-07-27 20:32:32 --> mysqli_sql_exception: You have an error in your SQL syntax; check the manual that corresponds to your MariaDB server version for the right syntax to use near '' at line 9 in C:\xampp\htdocs\Destask\vendor\codeigniter4\framework\system\Database\MySQLi\Connection.php:306
Stack trace:
#0 C:\xampp\htdocs\Destask\vendor\codeigniter4\framework\system\Database\MySQLi\Connection.php(306): mysqli->query('SELECT COUNT(*)...', 0)
#1 C:\xampp\htdocs\Destask\vendor\codeigniter4\framework\system\Database\BaseConnection.php(693): CodeIgniter\Database\MySQLi\Connection->execute('SELECT COUNT(*)...')
#2 C:\xampp\htdocs\Destask\vendor\codeigniter4\framework\system\Database\BaseConnection.php(607): CodeIgniter\Database\BaseConnection->simpleQuery('SELECT COUNT(*)...')
#3 C:\xampp\htdocs\Destask\vendor\codeigniter4\framework\system\Database\BaseBuilder.php(1697): CodeIgniter\Database\BaseConnection->query('SELECT COUNT(*)...', Array, false)
#4 C:\xampp\htdocs\Destask\vendor\codeigniter4\framework\system\Model.php(624): CodeIgniter\Database\BaseBuilder->countAllResults(true)
#5 C:\xampp\htdocs\Destask\app\Models\PekerjaanModel.php(281): CodeIgniter\Model->countAllResults()
#6 C:\xampp\htdocs\Destask\app\Controllers\Pekerjaan.php(70): App\Models\PekerjaanModel->countTaskOverdueByIdPekerjaan('23')
#7 C:\xampp\htdocs\Destask\vendor\codeigniter4\framework\system\CodeIgniter.php(941): App\Controllers\Pekerjaan->daftar_pekerjaan()
#8 C:\xampp\htdocs\Destask\vendor\codeigniter4\framework\system\CodeIgniter.php(502): CodeIgniter\CodeIgniter->runController(Object(App\Controllers\Pekerjaan))
#9 C:\xampp\htdocs\Destask\vendor\codeigniter4\framework\system\CodeIgniter.php(361): CodeIgniter\CodeIgniter->handleRequest(NULL, Object(Config\Cache), false)
#10 C:\xampp\htdocs\Destask\public\index.php(80): CodeIgniter\CodeIgniter->run()
#11 C:\xampp\htdocs\Destask\vendor\codeigniter4\framework\system\Commands\Server\rewrite.php(47): require_once('C:\\xampp\\htdocs...')
#12 {main}
CRITICAL - 2025-07-27 20:32:32 --> CodeIgniter\Database\Exceptions\DatabaseException: You have an error in your SQL syntax; check the manual that corresponds to your MariaDB server version for the right syntax to use near '' at line 9
in SYSTEMPATH\Database\BaseConnection.php on line 647.
 1 SYSTEMPATH\Database\BaseBuilder.php(1697): CodeIgniter\Database\BaseConnection->query('SELECT COUNT(*) AS `numrows`
FROM `task`
WHERE `id_pekerjaan` = :id_pekerjaan:
AND `deleted_at` IS NULL
AND `task`.`deleted_at` IS NULL
AND   (
`tgl_selesai` IS NULL
AND NOW() > tgl_planing
AND `task`.`deleted_at` IS NULL', [...], false)
 2 SYSTEMPATH\Model.php(624): CodeIgniter\Database\BaseBuilder->countAllResults(true)
 3 APPPATH\Models\PekerjaanModel.php(281): CodeIgniter\Model->countAllResults()
 4 APPPATH\Controllers\Pekerjaan.php(70): App\Models\PekerjaanModel->countTaskOverdueByIdPekerjaan('23')
 5 SYSTEMPATH\CodeIgniter.php(941): App\Controllers\Pekerjaan->daftar_pekerjaan()
 6 SYSTEMPATH\CodeIgniter.php(502): CodeIgniter\CodeIgniter->runController(Object(App\Controllers\Pekerjaan))
 7 SYSTEMPATH\CodeIgniter.php(361): CodeIgniter\CodeIgniter->handleRequest(null, Object(Config\Cache), false)
 8 FCPATH\index.php(80): CodeIgniter\CodeIgniter->run()
 9 SYSTEMPATH\Commands\Server\rewrite.php(47): require_once('C:\\xampp\\htdocs\\Destask\\public\\index.php')
CRITICAL - 2025-07-27 20:32:32 --> [Caused by] CodeIgniter\Database\Exceptions\DatabaseException: You have an error in your SQL syntax; check the manual that corresponds to your MariaDB server version for the right syntax to use near '' at line 9
in SYSTEMPATH\Database\MySQLi\Connection.php on line 311.
 1 SYSTEMPATH\Database\BaseConnection.php(693): CodeIgniter\Database\MySQLi\Connection->execute('SELECT COUNT(*) AS `numrows`
FROM `task`
WHERE `id_pekerjaan` = \'23\'
AND `deleted_at` IS NULL
AND `task`.`deleted_at` IS NULL
AND   (
`tgl_selesai` IS NULL
AND NOW() > tgl_planing
AND `task`.`deleted_at` IS NULL')
 2 SYSTEMPATH\Database\BaseConnection.php(607): CodeIgniter\Database\BaseConnection->simpleQuery('SELECT COUNT(*) AS `numrows`
FROM `task`
WHERE `id_pekerjaan` = \'23\'
AND `deleted_at` IS NULL
AND `task`.`deleted_at` IS NULL
AND   (
`tgl_selesai` IS NULL
AND NOW() > tgl_planing
AND `task`.`deleted_at` IS NULL')
 3 SYSTEMPATH\Database\BaseBuilder.php(1697): CodeIgniter\Database\BaseConnection->query('SELECT COUNT(*) AS `numrows`
FROM `task`
WHERE `id_pekerjaan` = :id_pekerjaan:
AND `deleted_at` IS NULL
AND `task`.`deleted_at` IS NULL
AND   (
`tgl_selesai` IS NULL
AND NOW() > tgl_planing
AND `task`.`deleted_at` IS NULL', [...], false)
 4 SYSTEMPATH\Model.php(624): CodeIgniter\Database\BaseBuilder->countAllResults(true)
 5 APPPATH\Models\PekerjaanModel.php(281): CodeIgniter\Model->countAllResults()
 6 APPPATH\Controllers\Pekerjaan.php(70): App\Models\PekerjaanModel->countTaskOverdueByIdPekerjaan('23')
 7 SYSTEMPATH\CodeIgniter.php(941): App\Controllers\Pekerjaan->daftar_pekerjaan()
 8 SYSTEMPATH\CodeIgniter.php(502): CodeIgniter\CodeIgniter->runController(Object(App\Controllers\Pekerjaan))
 9 SYSTEMPATH\CodeIgniter.php(361): CodeIgniter\CodeIgniter->handleRequest(null, Object(Config\Cache), false)
10 FCPATH\index.php(80): CodeIgniter\CodeIgniter->run()
11 SYSTEMPATH\Commands\Server\rewrite.php(47): require_once('C:\\xampp\\htdocs\\Destask\\public\\index.php')
CRITICAL - 2025-07-27 20:32:32 --> [Caused by] mysqli_sql_exception: You have an error in your SQL syntax; check the manual that corresponds to your MariaDB server version for the right syntax to use near '' at line 9
in SYSTEMPATH\Database\MySQLi\Connection.php on line 306.
 1 SYSTEMPATH\Database\MySQLi\Connection.php(306): mysqli->query('SELECT COUNT(*) AS `numrows`
FROM `task`
WHERE `id_pekerjaan` = \'23\'
AND `deleted_at` IS NULL
AND `task`.`deleted_at` IS NULL
AND   (
`tgl_selesai` IS NULL
AND NOW() > tgl_planing
AND `task`.`deleted_at` IS NULL', 0)
 2 SYSTEMPATH\Database\BaseConnection.php(693): CodeIgniter\Database\MySQLi\Connection->execute('SELECT COUNT(*) AS `numrows`
FROM `task`
WHERE `id_pekerjaan` = \'23\'
AND `deleted_at` IS NULL
AND `task`.`deleted_at` IS NULL
AND   (
`tgl_selesai` IS NULL
AND NOW() > tgl_planing
AND `task`.`deleted_at` IS NULL')
 3 SYSTEMPATH\Database\BaseConnection.php(607): CodeIgniter\Database\BaseConnection->simpleQuery('SELECT COUNT(*) AS `numrows`
FROM `task`
WHERE `id_pekerjaan` = \'23\'
AND `deleted_at` IS NULL
AND `task`.`deleted_at` IS NULL
AND   (
`tgl_selesai` IS NULL
AND NOW() > tgl_planing
AND `task`.`deleted_at` IS NULL')
 4 SYSTEMPATH\Database\BaseBuilder.php(1697): CodeIgniter\Database\BaseConnection->query('SELECT COUNT(*) AS `numrows`
FROM `task`
WHERE `id_pekerjaan` = :id_pekerjaan:
AND `deleted_at` IS NULL
AND `task`.`deleted_at` IS NULL
AND   (
`tgl_selesai` IS NULL
AND NOW() > tgl_planing
AND `task`.`deleted_at` IS NULL', [...], false)
 5 SYSTEMPATH\Model.php(624): CodeIgniter\Database\BaseBuilder->countAllResults(true)
 6 APPPATH\Models\PekerjaanModel.php(281): CodeIgniter\Model->countAllResults()
 7 APPPATH\Controllers\Pekerjaan.php(70): App\Models\PekerjaanModel->countTaskOverdueByIdPekerjaan('23')
 8 SYSTEMPATH\CodeIgniter.php(941): App\Controllers\Pekerjaan->daftar_pekerjaan()
 9 SYSTEMPATH\CodeIgniter.php(502): CodeIgniter\CodeIgniter->runController(Object(App\Controllers\Pekerjaan))
10 SYSTEMPATH\CodeIgniter.php(361): CodeIgniter\CodeIgniter->handleRequest(null, Object(Config\Cache), false)
11 FCPATH\index.php(80): CodeIgniter\CodeIgniter->run()
12 SYSTEMPATH\Commands\Server\rewrite.php(47): require_once('C:\\xampp\\htdocs\\Destask\\public\\index.php')
INFO - 2025-07-27 20:32:34 --> Session: Class initialized using 'CodeIgniter\Session\Handlers\FileHandler' driver.
ERROR - 2025-07-27 20:32:34 --> mysqli_sql_exception: You have an error in your SQL syntax; check the manual that corresponds to your MariaDB server version for the right syntax to use near '' at line 9 in C:\xampp\htdocs\Destask\vendor\codeigniter4\framework\system\Database\MySQLi\Connection.php:306
Stack trace:
#0 C:\xampp\htdocs\Destask\vendor\codeigniter4\framework\system\Database\MySQLi\Connection.php(306): mysqli->query('SELECT COUNT(*)...', 0)
#1 C:\xampp\htdocs\Destask\vendor\codeigniter4\framework\system\Database\BaseConnection.php(693): CodeIgniter\Database\MySQLi\Connection->execute('SELECT COUNT(*)...')
#2 C:\xampp\htdocs\Destask\vendor\codeigniter4\framework\system\Database\BaseConnection.php(607): CodeIgniter\Database\BaseConnection->simpleQuery('SELECT COUNT(*)...')
#3 C:\xampp\htdocs\Destask\vendor\codeigniter4\framework\system\Database\BaseBuilder.php(1697): CodeIgniter\Database\BaseConnection->query('SELECT COUNT(*)...', Array, false)
#4 C:\xampp\htdocs\Destask\vendor\codeigniter4\framework\system\Model.php(624): CodeIgniter\Database\BaseBuilder->countAllResults(true)
#5 C:\xampp\htdocs\Destask\app\Models\PekerjaanModel.php(281): CodeIgniter\Model->countAllResults()
#6 C:\xampp\htdocs\Destask\app\Controllers\Pekerjaan.php(70): App\Models\PekerjaanModel->countTaskOverdueByIdPekerjaan('23')
#7 C:\xampp\htdocs\Destask\vendor\codeigniter4\framework\system\CodeIgniter.php(941): App\Controllers\Pekerjaan->daftar_pekerjaan()
#8 C:\xampp\htdocs\Destask\vendor\codeigniter4\framework\system\CodeIgniter.php(502): CodeIgniter\CodeIgniter->runController(Object(App\Controllers\Pekerjaan))
#9 C:\xampp\htdocs\Destask\vendor\codeigniter4\framework\system\CodeIgniter.php(361): CodeIgniter\CodeIgniter->handleRequest(NULL, Object(Config\Cache), false)
#10 C:\xampp\htdocs\Destask\public\index.php(80): CodeIgniter\CodeIgniter->run()
#11 C:\xampp\htdocs\Destask\vendor\codeigniter4\framework\system\Commands\Server\rewrite.php(47): require_once('C:\\xampp\\htdocs...')
#12 {main}
CRITICAL - 2025-07-27 20:32:34 --> CodeIgniter\Database\Exceptions\DatabaseException: You have an error in your SQL syntax; check the manual that corresponds to your MariaDB server version for the right syntax to use near '' at line 9
in SYSTEMPATH\Database\BaseConnection.php on line 647.
 1 SYSTEMPATH\Database\BaseBuilder.php(1697): CodeIgniter\Database\BaseConnection->query('SELECT COUNT(*) AS `numrows`
FROM `task`
WHERE `id_pekerjaan` = :id_pekerjaan:
AND `deleted_at` IS NULL
AND `task`.`deleted_at` IS NULL
AND   (
`tgl_selesai` IS NULL
AND NOW() > tgl_planing
AND `task`.`deleted_at` IS NULL', [...], false)
 2 SYSTEMPATH\Model.php(624): CodeIgniter\Database\BaseBuilder->countAllResults(true)
 3 APPPATH\Models\PekerjaanModel.php(281): CodeIgniter\Model->countAllResults()
 4 APPPATH\Controllers\Pekerjaan.php(70): App\Models\PekerjaanModel->countTaskOverdueByIdPekerjaan('23')
 5 SYSTEMPATH\CodeIgniter.php(941): App\Controllers\Pekerjaan->daftar_pekerjaan()
 6 SYSTEMPATH\CodeIgniter.php(502): CodeIgniter\CodeIgniter->runController(Object(App\Controllers\Pekerjaan))
 7 SYSTEMPATH\CodeIgniter.php(361): CodeIgniter\CodeIgniter->handleRequest(null, Object(Config\Cache), false)
 8 FCPATH\index.php(80): CodeIgniter\CodeIgniter->run()
 9 SYSTEMPATH\Commands\Server\rewrite.php(47): require_once('C:\\xampp\\htdocs\\Destask\\public\\index.php')
CRITICAL - 2025-07-27 20:32:34 --> [Caused by] CodeIgniter\Database\Exceptions\DatabaseException: You have an error in your SQL syntax; check the manual that corresponds to your MariaDB server version for the right syntax to use near '' at line 9
in SYSTEMPATH\Database\MySQLi\Connection.php on line 311.
 1 SYSTEMPATH\Database\BaseConnection.php(693): CodeIgniter\Database\MySQLi\Connection->execute('SELECT COUNT(*) AS `numrows`
FROM `task`
WHERE `id_pekerjaan` = \'23\'
AND `deleted_at` IS NULL
AND `task`.`deleted_at` IS NULL
AND   (
`tgl_selesai` IS NULL
AND NOW() > tgl_planing
AND `task`.`deleted_at` IS NULL')
 2 SYSTEMPATH\Database\BaseConnection.php(607): CodeIgniter\Database\BaseConnection->simpleQuery('SELECT COUNT(*) AS `numrows`
FROM `task`
WHERE `id_pekerjaan` = \'23\'
AND `deleted_at` IS NULL
AND `task`.`deleted_at` IS NULL
AND   (
`tgl_selesai` IS NULL
AND NOW() > tgl_planing
AND `task`.`deleted_at` IS NULL')
 3 SYSTEMPATH\Database\BaseBuilder.php(1697): CodeIgniter\Database\BaseConnection->query('SELECT COUNT(*) AS `numrows`
FROM `task`
WHERE `id_pekerjaan` = :id_pekerjaan:
AND `deleted_at` IS NULL
AND `task`.`deleted_at` IS NULL
AND   (
`tgl_selesai` IS NULL
AND NOW() > tgl_planing
AND `task`.`deleted_at` IS NULL', [...], false)
 4 SYSTEMPATH\Model.php(624): CodeIgniter\Database\BaseBuilder->countAllResults(true)
 5 APPPATH\Models\PekerjaanModel.php(281): CodeIgniter\Model->countAllResults()
 6 APPPATH\Controllers\Pekerjaan.php(70): App\Models\PekerjaanModel->countTaskOverdueByIdPekerjaan('23')
 7 SYSTEMPATH\CodeIgniter.php(941): App\Controllers\Pekerjaan->daftar_pekerjaan()
 8 SYSTEMPATH\CodeIgniter.php(502): CodeIgniter\CodeIgniter->runController(Object(App\Controllers\Pekerjaan))
 9 SYSTEMPATH\CodeIgniter.php(361): CodeIgniter\CodeIgniter->handleRequest(null, Object(Config\Cache), false)
10 FCPATH\index.php(80): CodeIgniter\CodeIgniter->run()
11 SYSTEMPATH\Commands\Server\rewrite.php(47): require_once('C:\\xampp\\htdocs\\Destask\\public\\index.php')
CRITICAL - 2025-07-27 20:32:34 --> [Caused by] mysqli_sql_exception: You have an error in your SQL syntax; check the manual that corresponds to your MariaDB server version for the right syntax to use near '' at line 9
in SYSTEMPATH\Database\MySQLi\Connection.php on line 306.
 1 SYSTEMPATH\Database\MySQLi\Connection.php(306): mysqli->query('SELECT COUNT(*) AS `numrows`
FROM `task`
WHERE `id_pekerjaan` = \'23\'
AND `deleted_at` IS NULL
AND `task`.`deleted_at` IS NULL
AND   (
`tgl_selesai` IS NULL
AND NOW() > tgl_planing
AND `task`.`deleted_at` IS NULL', 0)
 2 SYSTEMPATH\Database\BaseConnection.php(693): CodeIgniter\Database\MySQLi\Connection->execute('SELECT COUNT(*) AS `numrows`
FROM `task`
WHERE `id_pekerjaan` = \'23\'
AND `deleted_at` IS NULL
AND `task`.`deleted_at` IS NULL
AND   (
`tgl_selesai` IS NULL
AND NOW() > tgl_planing
AND `task`.`deleted_at` IS NULL')
 3 SYSTEMPATH\Database\BaseConnection.php(607): CodeIgniter\Database\BaseConnection->simpleQuery('SELECT COUNT(*) AS `numrows`
FROM `task`
WHERE `id_pekerjaan` = \'23\'
AND `deleted_at` IS NULL
AND `task`.`deleted_at` IS NULL
AND   (
`tgl_selesai` IS NULL
AND NOW() > tgl_planing
AND `task`.`deleted_at` IS NULL')
 4 SYSTEMPATH\Database\BaseBuilder.php(1697): CodeIgniter\Database\BaseConnection->query('SELECT COUNT(*) AS `numrows`
FROM `task`
WHERE `id_pekerjaan` = :id_pekerjaan:
AND `deleted_at` IS NULL
AND `task`.`deleted_at` IS NULL
AND   (
`tgl_selesai` IS NULL
AND NOW() > tgl_planing
AND `task`.`deleted_at` IS NULL', [...], false)
 5 SYSTEMPATH\Model.php(624): CodeIgniter\Database\BaseBuilder->countAllResults(true)
 6 APPPATH\Models\PekerjaanModel.php(281): CodeIgniter\Model->countAllResults()
 7 APPPATH\Controllers\Pekerjaan.php(70): App\Models\PekerjaanModel->countTaskOverdueByIdPekerjaan('23')
 8 SYSTEMPATH\CodeIgniter.php(941): App\Controllers\Pekerjaan->daftar_pekerjaan()
 9 SYSTEMPATH\CodeIgniter.php(502): CodeIgniter\CodeIgniter->runController(Object(App\Controllers\Pekerjaan))
10 SYSTEMPATH\CodeIgniter.php(361): CodeIgniter\CodeIgniter->handleRequest(null, Object(Config\Cache), false)
11 FCPATH\index.php(80): CodeIgniter\CodeIgniter->run()
12 SYSTEMPATH\Commands\Server\rewrite.php(47): require_once('C:\\xampp\\htdocs\\Destask\\public\\index.php')
INFO - 2025-07-27 20:32:50 --> Session: Class initialized using 'CodeIgniter\Session\Handlers\FileHandler' driver.
ERROR - 2025-07-27 20:32:50 --> mysqli_sql_exception: You have an error in your SQL syntax; check the manual that corresponds to your MariaDB server version for the right syntax to use near '' at line 8 in C:\xampp\htdocs\Destask\vendor\codeigniter4\framework\system\Database\MySQLi\Connection.php:306
Stack trace:
#0 C:\xampp\htdocs\Destask\vendor\codeigniter4\framework\system\Database\MySQLi\Connection.php(306): mysqli->query('SELECT COUNT(*)...', 0)
#1 C:\xampp\htdocs\Destask\vendor\codeigniter4\framework\system\Database\BaseConnection.php(693): CodeIgniter\Database\MySQLi\Connection->execute('SELECT COUNT(*)...')
#2 C:\xampp\htdocs\Destask\vendor\codeigniter4\framework\system\Database\BaseConnection.php(607): CodeIgniter\Database\BaseConnection->simpleQuery('SELECT COUNT(*)...')
#3 C:\xampp\htdocs\Destask\vendor\codeigniter4\framework\system\Database\BaseBuilder.php(1697): CodeIgniter\Database\BaseConnection->query('SELECT COUNT(*)...', Array, false)
#4 C:\xampp\htdocs\Destask\vendor\codeigniter4\framework\system\Model.php(624): CodeIgniter\Database\BaseBuilder->countAllResults(true)
#5 C:\xampp\htdocs\Destask\app\Models\PekerjaanModel.php(280): CodeIgniter\Model->countAllResults()
#6 C:\xampp\htdocs\Destask\app\Controllers\Pekerjaan.php(70): App\Models\PekerjaanModel->countTaskOverdueByIdPekerjaan('23')
#7 C:\xampp\htdocs\Destask\vendor\codeigniter4\framework\system\CodeIgniter.php(941): App\Controllers\Pekerjaan->daftar_pekerjaan()
#8 C:\xampp\htdocs\Destask\vendor\codeigniter4\framework\system\CodeIgniter.php(502): CodeIgniter\CodeIgniter->runController(Object(App\Controllers\Pekerjaan))
#9 C:\xampp\htdocs\Destask\vendor\codeigniter4\framework\system\CodeIgniter.php(361): CodeIgniter\CodeIgniter->handleRequest(NULL, Object(Config\Cache), false)
#10 C:\xampp\htdocs\Destask\public\index.php(80): CodeIgniter\CodeIgniter->run()
#11 C:\xampp\htdocs\Destask\vendor\codeigniter4\framework\system\Commands\Server\rewrite.php(47): require_once('C:\\xampp\\htdocs...')
#12 {main}
CRITICAL - 2025-07-27 20:32:50 --> CodeIgniter\Database\Exceptions\DatabaseException: You have an error in your SQL syntax; check the manual that corresponds to your MariaDB server version for the right syntax to use near '' at line 8
in SYSTEMPATH\Database\BaseConnection.php on line 647.
 1 SYSTEMPATH\Database\BaseBuilder.php(1697): CodeIgniter\Database\BaseConnection->query('SELECT COUNT(*) AS `numrows`
FROM `task`
WHERE `id_pekerjaan` = :id_pekerjaan:
AND `deleted_at` IS NULL
AND   (
`tgl_selesai` IS NULL
AND NOW() > tgl_planing
AND `task`.`deleted_at` IS NULL', [...], false)
 2 SYSTEMPATH\Model.php(624): CodeIgniter\Database\BaseBuilder->countAllResults(true)
 3 APPPATH\Models\PekerjaanModel.php(280): CodeIgniter\Model->countAllResults()
 4 APPPATH\Controllers\Pekerjaan.php(70): App\Models\PekerjaanModel->countTaskOverdueByIdPekerjaan('23')
 5 SYSTEMPATH\CodeIgniter.php(941): App\Controllers\Pekerjaan->daftar_pekerjaan()
 6 SYSTEMPATH\CodeIgniter.php(502): CodeIgniter\CodeIgniter->runController(Object(App\Controllers\Pekerjaan))
 7 SYSTEMPATH\CodeIgniter.php(361): CodeIgniter\CodeIgniter->handleRequest(null, Object(Config\Cache), false)
 8 FCPATH\index.php(80): CodeIgniter\CodeIgniter->run()
 9 SYSTEMPATH\Commands\Server\rewrite.php(47): require_once('C:\\xampp\\htdocs\\Destask\\public\\index.php')
CRITICAL - 2025-07-27 20:32:50 --> [Caused by] CodeIgniter\Database\Exceptions\DatabaseException: You have an error in your SQL syntax; check the manual that corresponds to your MariaDB server version for the right syntax to use near '' at line 8
in SYSTEMPATH\Database\MySQLi\Connection.php on line 311.
 1 SYSTEMPATH\Database\BaseConnection.php(693): CodeIgniter\Database\MySQLi\Connection->execute('SELECT COUNT(*) AS `numrows`
FROM `task`
WHERE `id_pekerjaan` = \'23\'
AND `deleted_at` IS NULL
AND   (
`tgl_selesai` IS NULL
AND NOW() > tgl_planing
AND `task`.`deleted_at` IS NULL')
 2 SYSTEMPATH\Database\BaseConnection.php(607): CodeIgniter\Database\BaseConnection->simpleQuery('SELECT COUNT(*) AS `numrows`
FROM `task`
WHERE `id_pekerjaan` = \'23\'
AND `deleted_at` IS NULL
AND   (
`tgl_selesai` IS NULL
AND NOW() > tgl_planing
AND `task`.`deleted_at` IS NULL')
 3 SYSTEMPATH\Database\BaseBuilder.php(1697): CodeIgniter\Database\BaseConnection->query('SELECT COUNT(*) AS `numrows`
FROM `task`
WHERE `id_pekerjaan` = :id_pekerjaan:
AND `deleted_at` IS NULL
AND   (
`tgl_selesai` IS NULL
AND NOW() > tgl_planing
AND `task`.`deleted_at` IS NULL', [...], false)
 4 SYSTEMPATH\Model.php(624): CodeIgniter\Database\BaseBuilder->countAllResults(true)
 5 APPPATH\Models\PekerjaanModel.php(280): CodeIgniter\Model->countAllResults()
 6 APPPATH\Controllers\Pekerjaan.php(70): App\Models\PekerjaanModel->countTaskOverdueByIdPekerjaan('23')
 7 SYSTEMPATH\CodeIgniter.php(941): App\Controllers\Pekerjaan->daftar_pekerjaan()
 8 SYSTEMPATH\CodeIgniter.php(502): CodeIgniter\CodeIgniter->runController(Object(App\Controllers\Pekerjaan))
 9 SYSTEMPATH\CodeIgniter.php(361): CodeIgniter\CodeIgniter->handleRequest(null, Object(Config\Cache), false)
10 FCPATH\index.php(80): CodeIgniter\CodeIgniter->run()
11 SYSTEMPATH\Commands\Server\rewrite.php(47): require_once('C:\\xampp\\htdocs\\Destask\\public\\index.php')
CRITICAL - 2025-07-27 20:32:50 --> [Caused by] mysqli_sql_exception: You have an error in your SQL syntax; check the manual that corresponds to your MariaDB server version for the right syntax to use near '' at line 8
in SYSTEMPATH\Database\MySQLi\Connection.php on line 306.
 1 SYSTEMPATH\Database\MySQLi\Connection.php(306): mysqli->query('SELECT COUNT(*) AS `numrows`
FROM `task`
WHERE `id_pekerjaan` = \'23\'
AND `deleted_at` IS NULL
AND   (
`tgl_selesai` IS NULL
AND NOW() > tgl_planing
AND `task`.`deleted_at` IS NULL', 0)
 2 SYSTEMPATH\Database\BaseConnection.php(693): CodeIgniter\Database\MySQLi\Connection->execute('SELECT COUNT(*) AS `numrows`
FROM `task`
WHERE `id_pekerjaan` = \'23\'
AND `deleted_at` IS NULL
AND   (
`tgl_selesai` IS NULL
AND NOW() > tgl_planing
AND `task`.`deleted_at` IS NULL')
 3 SYSTEMPATH\Database\BaseConnection.php(607): CodeIgniter\Database\BaseConnection->simpleQuery('SELECT COUNT(*) AS `numrows`
FROM `task`
WHERE `id_pekerjaan` = \'23\'
AND `deleted_at` IS NULL
AND   (
`tgl_selesai` IS NULL
AND NOW() > tgl_planing
AND `task`.`deleted_at` IS NULL')
 4 SYSTEMPATH\Database\BaseBuilder.php(1697): CodeIgniter\Database\BaseConnection->query('SELECT COUNT(*) AS `numrows`
FROM `task`
WHERE `id_pekerjaan` = :id_pekerjaan:
AND `deleted_at` IS NULL
AND   (
`tgl_selesai` IS NULL
AND NOW() > tgl_planing
AND `task`.`deleted_at` IS NULL', [...], false)
 5 SYSTEMPATH\Model.php(624): CodeIgniter\Database\BaseBuilder->countAllResults(true)
 6 APPPATH\Models\PekerjaanModel.php(280): CodeIgniter\Model->countAllResults()
 7 APPPATH\Controllers\Pekerjaan.php(70): App\Models\PekerjaanModel->countTaskOverdueByIdPekerjaan('23')
 8 SYSTEMPATH\CodeIgniter.php(941): App\Controllers\Pekerjaan->daftar_pekerjaan()
 9 SYSTEMPATH\CodeIgniter.php(502): CodeIgniter\CodeIgniter->runController(Object(App\Controllers\Pekerjaan))
10 SYSTEMPATH\CodeIgniter.php(361): CodeIgniter\CodeIgniter->handleRequest(null, Object(Config\Cache), false)
11 FCPATH\index.php(80): CodeIgniter\CodeIgniter->run()
12 SYSTEMPATH\Commands\Server\rewrite.php(47): require_once('C:\\xampp\\htdocs\\Destask\\public\\index.php')
INFO - 2025-07-27 20:32:51 --> Session: Class initialized using 'CodeIgniter\Session\Handlers\FileHandler' driver.
ERROR - 2025-07-27 20:32:51 --> mysqli_sql_exception: You have an error in your SQL syntax; check the manual that corresponds to your MariaDB server version for the right syntax to use near '' at line 8 in C:\xampp\htdocs\Destask\vendor\codeigniter4\framework\system\Database\MySQLi\Connection.php:306
Stack trace:
#0 C:\xampp\htdocs\Destask\vendor\codeigniter4\framework\system\Database\MySQLi\Connection.php(306): mysqli->query('SELECT COUNT(*)...', 0)
#1 C:\xampp\htdocs\Destask\vendor\codeigniter4\framework\system\Database\BaseConnection.php(693): CodeIgniter\Database\MySQLi\Connection->execute('SELECT COUNT(*)...')
#2 C:\xampp\htdocs\Destask\vendor\codeigniter4\framework\system\Database\BaseConnection.php(607): CodeIgniter\Database\BaseConnection->simpleQuery('SELECT COUNT(*)...')
#3 C:\xampp\htdocs\Destask\vendor\codeigniter4\framework\system\Database\BaseBuilder.php(1697): CodeIgniter\Database\BaseConnection->query('SELECT COUNT(*)...', Array, false)
#4 C:\xampp\htdocs\Destask\vendor\codeigniter4\framework\system\Model.php(624): CodeIgniter\Database\BaseBuilder->countAllResults(true)
#5 C:\xampp\htdocs\Destask\app\Models\PekerjaanModel.php(280): CodeIgniter\Model->countAllResults()
#6 C:\xampp\htdocs\Destask\app\Controllers\Pekerjaan.php(70): App\Models\PekerjaanModel->countTaskOverdueByIdPekerjaan('23')
#7 C:\xampp\htdocs\Destask\vendor\codeigniter4\framework\system\CodeIgniter.php(941): App\Controllers\Pekerjaan->daftar_pekerjaan()
#8 C:\xampp\htdocs\Destask\vendor\codeigniter4\framework\system\CodeIgniter.php(502): CodeIgniter\CodeIgniter->runController(Object(App\Controllers\Pekerjaan))
#9 C:\xampp\htdocs\Destask\vendor\codeigniter4\framework\system\CodeIgniter.php(361): CodeIgniter\CodeIgniter->handleRequest(NULL, Object(Config\Cache), false)
#10 C:\xampp\htdocs\Destask\public\index.php(80): CodeIgniter\CodeIgniter->run()
#11 C:\xampp\htdocs\Destask\vendor\codeigniter4\framework\system\Commands\Server\rewrite.php(47): require_once('C:\\xampp\\htdocs...')
#12 {main}
CRITICAL - 2025-07-27 20:32:51 --> CodeIgniter\Database\Exceptions\DatabaseException: You have an error in your SQL syntax; check the manual that corresponds to your MariaDB server version for the right syntax to use near '' at line 8
in SYSTEMPATH\Database\BaseConnection.php on line 647.
 1 SYSTEMPATH\Database\BaseBuilder.php(1697): CodeIgniter\Database\BaseConnection->query('SELECT COUNT(*) AS `numrows`
FROM `task`
WHERE `id_pekerjaan` = :id_pekerjaan:
AND `deleted_at` IS NULL
AND   (
`tgl_selesai` IS NULL
AND NOW() > tgl_planing
AND `task`.`deleted_at` IS NULL', [...], false)
 2 SYSTEMPATH\Model.php(624): CodeIgniter\Database\BaseBuilder->countAllResults(true)
 3 APPPATH\Models\PekerjaanModel.php(280): CodeIgniter\Model->countAllResults()
 4 APPPATH\Controllers\Pekerjaan.php(70): App\Models\PekerjaanModel->countTaskOverdueByIdPekerjaan('23')
 5 SYSTEMPATH\CodeIgniter.php(941): App\Controllers\Pekerjaan->daftar_pekerjaan()
 6 SYSTEMPATH\CodeIgniter.php(502): CodeIgniter\CodeIgniter->runController(Object(App\Controllers\Pekerjaan))
 7 SYSTEMPATH\CodeIgniter.php(361): CodeIgniter\CodeIgniter->handleRequest(null, Object(Config\Cache), false)
 8 FCPATH\index.php(80): CodeIgniter\CodeIgniter->run()
 9 SYSTEMPATH\Commands\Server\rewrite.php(47): require_once('C:\\xampp\\htdocs\\Destask\\public\\index.php')
CRITICAL - 2025-07-27 20:32:51 --> [Caused by] CodeIgniter\Database\Exceptions\DatabaseException: You have an error in your SQL syntax; check the manual that corresponds to your MariaDB server version for the right syntax to use near '' at line 8
in SYSTEMPATH\Database\MySQLi\Connection.php on line 311.
 1 SYSTEMPATH\Database\BaseConnection.php(693): CodeIgniter\Database\MySQLi\Connection->execute('SELECT COUNT(*) AS `numrows`
FROM `task`
WHERE `id_pekerjaan` = \'23\'
AND `deleted_at` IS NULL
AND   (
`tgl_selesai` IS NULL
AND NOW() > tgl_planing
AND `task`.`deleted_at` IS NULL')
 2 SYSTEMPATH\Database\BaseConnection.php(607): CodeIgniter\Database\BaseConnection->simpleQuery('SELECT COUNT(*) AS `numrows`
FROM `task`
WHERE `id_pekerjaan` = \'23\'
AND `deleted_at` IS NULL
AND   (
`tgl_selesai` IS NULL
AND NOW() > tgl_planing
AND `task`.`deleted_at` IS NULL')
 3 SYSTEMPATH\Database\BaseBuilder.php(1697): CodeIgniter\Database\BaseConnection->query('SELECT COUNT(*) AS `numrows`
FROM `task`
WHERE `id_pekerjaan` = :id_pekerjaan:
AND `deleted_at` IS NULL
AND   (
`tgl_selesai` IS NULL
AND NOW() > tgl_planing
AND `task`.`deleted_at` IS NULL', [...], false)
 4 SYSTEMPATH\Model.php(624): CodeIgniter\Database\BaseBuilder->countAllResults(true)
 5 APPPATH\Models\PekerjaanModel.php(280): CodeIgniter\Model->countAllResults()
 6 APPPATH\Controllers\Pekerjaan.php(70): App\Models\PekerjaanModel->countTaskOverdueByIdPekerjaan('23')
 7 SYSTEMPATH\CodeIgniter.php(941): App\Controllers\Pekerjaan->daftar_pekerjaan()
 8 SYSTEMPATH\CodeIgniter.php(502): CodeIgniter\CodeIgniter->runController(Object(App\Controllers\Pekerjaan))
 9 SYSTEMPATH\CodeIgniter.php(361): CodeIgniter\CodeIgniter->handleRequest(null, Object(Config\Cache), false)
10 FCPATH\index.php(80): CodeIgniter\CodeIgniter->run()
11 SYSTEMPATH\Commands\Server\rewrite.php(47): require_once('C:\\xampp\\htdocs\\Destask\\public\\index.php')
CRITICAL - 2025-07-27 20:32:51 --> [Caused by] mysqli_sql_exception: You have an error in your SQL syntax; check the manual that corresponds to your MariaDB server version for the right syntax to use near '' at line 8
in SYSTEMPATH\Database\MySQLi\Connection.php on line 306.
 1 SYSTEMPATH\Database\MySQLi\Connection.php(306): mysqli->query('SELECT COUNT(*) AS `numrows`
FROM `task`
WHERE `id_pekerjaan` = \'23\'
AND `deleted_at` IS NULL
AND   (
`tgl_selesai` IS NULL
AND NOW() > tgl_planing
AND `task`.`deleted_at` IS NULL', 0)
 2 SYSTEMPATH\Database\BaseConnection.php(693): CodeIgniter\Database\MySQLi\Connection->execute('SELECT COUNT(*) AS `numrows`
FROM `task`
WHERE `id_pekerjaan` = \'23\'
AND `deleted_at` IS NULL
AND   (
`tgl_selesai` IS NULL
AND NOW() > tgl_planing
AND `task`.`deleted_at` IS NULL')
 3 SYSTEMPATH\Database\BaseConnection.php(607): CodeIgniter\Database\BaseConnection->simpleQuery('SELECT COUNT(*) AS `numrows`
FROM `task`
WHERE `id_pekerjaan` = \'23\'
AND `deleted_at` IS NULL
AND   (
`tgl_selesai` IS NULL
AND NOW() > tgl_planing
AND `task`.`deleted_at` IS NULL')
 4 SYSTEMPATH\Database\BaseBuilder.php(1697): CodeIgniter\Database\BaseConnection->query('SELECT COUNT(*) AS `numrows`
FROM `task`
WHERE `id_pekerjaan` = :id_pekerjaan:
AND `deleted_at` IS NULL
AND   (
`tgl_selesai` IS NULL
AND NOW() > tgl_planing
AND `task`.`deleted_at` IS NULL', [...], false)
 5 SYSTEMPATH\Model.php(624): CodeIgniter\Database\BaseBuilder->countAllResults(true)
 6 APPPATH\Models\PekerjaanModel.php(280): CodeIgniter\Model->countAllResults()
 7 APPPATH\Controllers\Pekerjaan.php(70): App\Models\PekerjaanModel->countTaskOverdueByIdPekerjaan('23')
 8 SYSTEMPATH\CodeIgniter.php(941): App\Controllers\Pekerjaan->daftar_pekerjaan()
 9 SYSTEMPATH\CodeIgniter.php(502): CodeIgniter\CodeIgniter->runController(Object(App\Controllers\Pekerjaan))
10 SYSTEMPATH\CodeIgniter.php(361): CodeIgniter\CodeIgniter->handleRequest(null, Object(Config\Cache), false)
11 FCPATH\index.php(80): CodeIgniter\CodeIgniter->run()
12 SYSTEMPATH\Commands\Server\rewrite.php(47): require_once('C:\\xampp\\htdocs\\Destask\\public\\index.php')
INFO - 2025-07-27 20:32:51 --> Session: Class initialized using 'CodeIgniter\Session\Handlers\FileHandler' driver.
ERROR - 2025-07-27 20:32:51 --> mysqli_sql_exception: You have an error in your SQL syntax; check the manual that corresponds to your MariaDB server version for the right syntax to use near '' at line 8 in C:\xampp\htdocs\Destask\vendor\codeigniter4\framework\system\Database\MySQLi\Connection.php:306
Stack trace:
#0 C:\xampp\htdocs\Destask\vendor\codeigniter4\framework\system\Database\MySQLi\Connection.php(306): mysqli->query('SELECT COUNT(*)...', 0)
#1 C:\xampp\htdocs\Destask\vendor\codeigniter4\framework\system\Database\BaseConnection.php(693): CodeIgniter\Database\MySQLi\Connection->execute('SELECT COUNT(*)...')
#2 C:\xampp\htdocs\Destask\vendor\codeigniter4\framework\system\Database\BaseConnection.php(607): CodeIgniter\Database\BaseConnection->simpleQuery('SELECT COUNT(*)...')
#3 C:\xampp\htdocs\Destask\vendor\codeigniter4\framework\system\Database\BaseBuilder.php(1697): CodeIgniter\Database\BaseConnection->query('SELECT COUNT(*)...', Array, false)
#4 C:\xampp\htdocs\Destask\vendor\codeigniter4\framework\system\Model.php(624): CodeIgniter\Database\BaseBuilder->countAllResults(true)
#5 C:\xampp\htdocs\Destask\app\Models\PekerjaanModel.php(280): CodeIgniter\Model->countAllResults()
#6 C:\xampp\htdocs\Destask\app\Controllers\Pekerjaan.php(70): App\Models\PekerjaanModel->countTaskOverdueByIdPekerjaan('23')
#7 C:\xampp\htdocs\Destask\vendor\codeigniter4\framework\system\CodeIgniter.php(941): App\Controllers\Pekerjaan->daftar_pekerjaan()
#8 C:\xampp\htdocs\Destask\vendor\codeigniter4\framework\system\CodeIgniter.php(502): CodeIgniter\CodeIgniter->runController(Object(App\Controllers\Pekerjaan))
#9 C:\xampp\htdocs\Destask\vendor\codeigniter4\framework\system\CodeIgniter.php(361): CodeIgniter\CodeIgniter->handleRequest(NULL, Object(Config\Cache), false)
#10 C:\xampp\htdocs\Destask\public\index.php(80): CodeIgniter\CodeIgniter->run()
#11 C:\xampp\htdocs\Destask\vendor\codeigniter4\framework\system\Commands\Server\rewrite.php(47): require_once('C:\\xampp\\htdocs...')
#12 {main}
CRITICAL - 2025-07-27 20:32:51 --> CodeIgniter\Database\Exceptions\DatabaseException: You have an error in your SQL syntax; check the manual that corresponds to your MariaDB server version for the right syntax to use near '' at line 8
in SYSTEMPATH\Database\BaseConnection.php on line 647.
 1 SYSTEMPATH\Database\BaseBuilder.php(1697): CodeIgniter\Database\BaseConnection->query('SELECT COUNT(*) AS `numrows`
FROM `task`
WHERE `id_pekerjaan` = :id_pekerjaan:
AND `deleted_at` IS NULL
AND   (
`tgl_selesai` IS NULL
AND NOW() > tgl_planing
AND `task`.`deleted_at` IS NULL', [...], false)
 2 SYSTEMPATH\Model.php(624): CodeIgniter\Database\BaseBuilder->countAllResults(true)
 3 APPPATH\Models\PekerjaanModel.php(280): CodeIgniter\Model->countAllResults()
 4 APPPATH\Controllers\Pekerjaan.php(70): App\Models\PekerjaanModel->countTaskOverdueByIdPekerjaan('23')
 5 SYSTEMPATH\CodeIgniter.php(941): App\Controllers\Pekerjaan->daftar_pekerjaan()
 6 SYSTEMPATH\CodeIgniter.php(502): CodeIgniter\CodeIgniter->runController(Object(App\Controllers\Pekerjaan))
 7 SYSTEMPATH\CodeIgniter.php(361): CodeIgniter\CodeIgniter->handleRequest(null, Object(Config\Cache), false)
 8 FCPATH\index.php(80): CodeIgniter\CodeIgniter->run()
 9 SYSTEMPATH\Commands\Server\rewrite.php(47): require_once('C:\\xampp\\htdocs\\Destask\\public\\index.php')
CRITICAL - 2025-07-27 20:32:51 --> [Caused by] CodeIgniter\Database\Exceptions\DatabaseException: You have an error in your SQL syntax; check the manual that corresponds to your MariaDB server version for the right syntax to use near '' at line 8
in SYSTEMPATH\Database\MySQLi\Connection.php on line 311.
 1 SYSTEMPATH\Database\BaseConnection.php(693): CodeIgniter\Database\MySQLi\Connection->execute('SELECT COUNT(*) AS `numrows`
FROM `task`
WHERE `id_pekerjaan` = \'23\'
AND `deleted_at` IS NULL
AND   (
`tgl_selesai` IS NULL
AND NOW() > tgl_planing
AND `task`.`deleted_at` IS NULL')
 2 SYSTEMPATH\Database\BaseConnection.php(607): CodeIgniter\Database\BaseConnection->simpleQuery('SELECT COUNT(*) AS `numrows`
FROM `task`
WHERE `id_pekerjaan` = \'23\'
AND `deleted_at` IS NULL
AND   (
`tgl_selesai` IS NULL
AND NOW() > tgl_planing
AND `task`.`deleted_at` IS NULL')
 3 SYSTEMPATH\Database\BaseBuilder.php(1697): CodeIgniter\Database\BaseConnection->query('SELECT COUNT(*) AS `numrows`
FROM `task`
WHERE `id_pekerjaan` = :id_pekerjaan:
AND `deleted_at` IS NULL
AND   (
`tgl_selesai` IS NULL
AND NOW() > tgl_planing
AND `task`.`deleted_at` IS NULL', [...], false)
 4 SYSTEMPATH\Model.php(624): CodeIgniter\Database\BaseBuilder->countAllResults(true)
 5 APPPATH\Models\PekerjaanModel.php(280): CodeIgniter\Model->countAllResults()
 6 APPPATH\Controllers\Pekerjaan.php(70): App\Models\PekerjaanModel->countTaskOverdueByIdPekerjaan('23')
 7 SYSTEMPATH\CodeIgniter.php(941): App\Controllers\Pekerjaan->daftar_pekerjaan()
 8 SYSTEMPATH\CodeIgniter.php(502): CodeIgniter\CodeIgniter->runController(Object(App\Controllers\Pekerjaan))
 9 SYSTEMPATH\CodeIgniter.php(361): CodeIgniter\CodeIgniter->handleRequest(null, Object(Config\Cache), false)
10 FCPATH\index.php(80): CodeIgniter\CodeIgniter->run()
11 SYSTEMPATH\Commands\Server\rewrite.php(47): require_once('C:\\xampp\\htdocs\\Destask\\public\\index.php')
CRITICAL - 2025-07-27 20:32:51 --> [Caused by] mysqli_sql_exception: You have an error in your SQL syntax; check the manual that corresponds to your MariaDB server version for the right syntax to use near '' at line 8
in SYSTEMPATH\Database\MySQLi\Connection.php on line 306.
 1 SYSTEMPATH\Database\MySQLi\Connection.php(306): mysqli->query('SELECT COUNT(*) AS `numrows`
FROM `task`
WHERE `id_pekerjaan` = \'23\'
AND `deleted_at` IS NULL
AND   (
`tgl_selesai` IS NULL
AND NOW() > tgl_planing
AND `task`.`deleted_at` IS NULL', 0)
 2 SYSTEMPATH\Database\BaseConnection.php(693): CodeIgniter\Database\MySQLi\Connection->execute('SELECT COUNT(*) AS `numrows`
FROM `task`
WHERE `id_pekerjaan` = \'23\'
AND `deleted_at` IS NULL
AND   (
`tgl_selesai` IS NULL
AND NOW() > tgl_planing
AND `task`.`deleted_at` IS NULL')
 3 SYSTEMPATH\Database\BaseConnection.php(607): CodeIgniter\Database\BaseConnection->simpleQuery('SELECT COUNT(*) AS `numrows`
FROM `task`
WHERE `id_pekerjaan` = \'23\'
AND `deleted_at` IS NULL
AND   (
`tgl_selesai` IS NULL
AND NOW() > tgl_planing
AND `task`.`deleted_at` IS NULL')
 4 SYSTEMPATH\Database\BaseBuilder.php(1697): CodeIgniter\Database\BaseConnection->query('SELECT COUNT(*) AS `numrows`
FROM `task`
WHERE `id_pekerjaan` = :id_pekerjaan:
AND `deleted_at` IS NULL
AND   (
`tgl_selesai` IS NULL
AND NOW() > tgl_planing
AND `task`.`deleted_at` IS NULL', [...], false)
 5 SYSTEMPATH\Model.php(624): CodeIgniter\Database\BaseBuilder->countAllResults(true)
 6 APPPATH\Models\PekerjaanModel.php(280): CodeIgniter\Model->countAllResults()
 7 APPPATH\Controllers\Pekerjaan.php(70): App\Models\PekerjaanModel->countTaskOverdueByIdPekerjaan('23')
 8 SYSTEMPATH\CodeIgniter.php(941): App\Controllers\Pekerjaan->daftar_pekerjaan()
 9 SYSTEMPATH\CodeIgniter.php(502): CodeIgniter\CodeIgniter->runController(Object(App\Controllers\Pekerjaan))
10 SYSTEMPATH\CodeIgniter.php(361): CodeIgniter\CodeIgniter->handleRequest(null, Object(Config\Cache), false)
11 FCPATH\index.php(80): CodeIgniter\CodeIgniter->run()
12 SYSTEMPATH\Commands\Server\rewrite.php(47): require_once('C:\\xampp\\htdocs\\Destask\\public\\index.php')
INFO - 2025-07-27 20:33:02 --> Session: Class initialized using 'CodeIgniter\Session\Handlers\FileHandler' driver.
INFO - 2025-07-27 20:33:23 --> Session: Class initialized using 'CodeIgniter\Session\Handlers\FileHandler' driver.
INFO - 2025-07-27 20:33:28 --> Session: Class initialized using 'CodeIgniter\Session\Handlers\FileHandler' driver.
INFO - 2025-07-27 20:33:30 --> Session: Class initialized using 'CodeIgniter\Session\Handlers\FileHandler' driver.
INFO - 2025-07-27 20:34:51 --> Session: Class initialized using 'CodeIgniter\Session\Handlers\FileHandler' driver.
INFO - 2025-07-27 20:34:57 --> Session: Class initialized using 'CodeIgniter\Session\Handlers\FileHandler' driver.
INFO - 2025-07-27 20:34:59 --> Session: Class initialized using 'CodeIgniter\Session\Handlers\FileHandler' driver.
INFO - 2025-07-27 20:35:05 --> Session: Class initialized using 'CodeIgniter\Session\Handlers\FileHandler' driver.
INFO - 2025-07-27 20:35:07 --> Session: Class initialized using 'CodeIgniter\Session\Handlers\FileHandler' driver.
INFO - 2025-07-27 20:35:09 --> Session: Class initialized using 'CodeIgniter\Session\Handlers\FileHandler' driver.
INFO - 2025-07-27 20:37:27 --> Session: Class initialized using 'CodeIgniter\Session\Handlers\FileHandler' driver.
INFO - 2025-07-27 20:37:28 --> Session: Class initialized using 'CodeIgniter\Session\Handlers\FileHandler' driver.
INFO - 2025-07-27 20:37:33 --> Session: Class initialized using 'CodeIgniter\Session\Handlers\FileHandler' driver.
INFO - 2025-07-27 20:37:35 --> Session: Class initialized using 'CodeIgniter\Session\Handlers\FileHandler' driver.
INFO - 2025-07-27 20:37:39 --> Session: Class initialized using 'CodeIgniter\Session\Handlers\FileHandler' driver.
INFO - 2025-07-27 20:38:35 --> Session: Class initialized using 'CodeIgniter\Session\Handlers\FileHandler' driver.
INFO - 2025-07-27 20:38:43 --> Session: Class initialized using 'CodeIgniter\Session\Handlers\FileHandler' driver.
WARNING - 2025-07-27 20:38:43 --> [DEPRECATED] strtotime(): Passing null to parameter #1 ($datetime) of type string is deprecated in APPPATH\Views\pekerjaan\detail_pekerjaan.php on line 94.
 1 APPPATH\Views\pekerjaan\detail_pekerjaan.php(94): strtotime(null)
 2 SYSTEMPATH\View\View.php(228): include('C:\\xampp\\htdocs\\Destask\\app\\Views\\pekerjaan\\detail_pekerjaan.php')
 3 SYSTEMPATH\View\View.php(231): CodeIgniter\View\View->CodeIgniter\View\{closure}()
 4 SYSTEMPATH\Common.php(1178): CodeIgniter\View\View->render('pekerjaan/detail_pekerjaan', [], true)
 5 APPPATH\Controllers\Pekerjaan.php(259): view('pekerjaan/detail_pekerjaan', [...])
 6 SYSTEMPATH\CodeIgniter.php(941): App\Controllers\Pekerjaan->detail_pekerjaan('5')
 7 SYSTEMPATH\CodeIgniter.php(502): CodeIgniter\CodeIgniter->runController(Object(App\Controllers\Pekerjaan))
 8 SYSTEMPATH\CodeIgniter.php(361): CodeIgniter\CodeIgniter->handleRequest(null, Object(Config\Cache), false)
 9 FCPATH\index.php(80): CodeIgniter\CodeIgniter->run()
10 SYSTEMPATH\Commands\Server\rewrite.php(47): require_once('C:\\xampp\\htdocs\\Destask\\public\\index.php')
INFO - 2025-07-27 20:42:18 --> Session: Class initialized using 'CodeIgniter\Session\Handlers\FileHandler' driver.
INFO - 2025-07-27 20:42:22 --> Session: Class initialized using 'CodeIgniter\Session\Handlers\FileHandler' driver.
INFO - 2025-07-27 20:44:18 --> Session: Class initialized using 'CodeIgniter\Session\Handlers\FileHandler' driver.
INFO - 2025-07-27 20:44:23 --> Session: Class initialized using 'CodeIgniter\Session\Handlers\FileHandler' driver.
INFO - 2025-07-27 22:12:01 --> Session: Class initialized using 'CodeIgniter\Session\Handlers\FileHandler' driver.
INFO - 2025-07-27 22:12:01 --> Session: Class initialized using 'CodeIgniter\Session\Handlers\FileHandler' driver.
INFO - 2025-07-27 22:12:03 --> Session: Class initialized using 'CodeIgniter\Session\Handlers\FileHandler' driver.
INFO - 2025-07-27 22:12:04 --> Session: Class initialized using 'CodeIgniter\Session\Handlers\FileHandler' driver.
INFO - 2025-07-27 22:12:06 --> Session: Class initialized using 'CodeIgniter\Session\Handlers\FileHandler' driver.
INFO - 2025-07-27 22:12:28 --> Session: Class initialized using 'CodeIgniter\Session\Handlers\FileHandler' driver.
INFO - 2025-07-27 22:12:31 --> Session: Class initialized using 'CodeIgniter\Session\Handlers\FileHandler' driver.
INFO - 2025-07-27 22:12:33 --> Session: Class initialized using 'CodeIgniter\Session\Handlers\FileHandler' driver.
INFO - 2025-07-27 22:12:34 --> Session: Class initialized using 'CodeIgniter\Session\Handlers\FileHandler' driver.
INFO - 2025-07-27 22:12:41 --> Session: Class initialized using 'CodeIgniter\Session\Handlers\FileHandler' driver.
INFO - 2025-07-27 22:12:43 --> Session: Class initialized using 'CodeIgniter\Session\Handlers\FileHandler' driver.
INFO - 2025-07-27 22:12:49 --> Session: Class initialized using 'CodeIgniter\Session\Handlers\FileHandler' driver.
INFO - 2025-07-27 22:12:51 --> Session: Class initialized using 'CodeIgniter\Session\Handlers\FileHandler' driver.
INFO - 2025-07-27 22:12:52 --> Session: Class initialized using 'CodeIgniter\Session\Handlers\FileHandler' driver.
INFO - 2025-07-27 22:12:53 --> Session: Class initialized using 'CodeIgniter\Session\Handlers\FileHandler' driver.
INFO - 2025-07-27 22:12:59 --> Session: Class initialized using 'CodeIgniter\Session\Handlers\FileHandler' driver.
INFO - 2025-07-27 22:13:21 --> Session: Class initialized using 'CodeIgniter\Session\Handlers\FileHandler' driver.
INFO - 2025-07-27 22:19:45 --> Session: Class initialized using 'CodeIgniter\Session\Handlers\FileHandler' driver.
INFO - 2025-07-27 22:19:46 --> Session: Class initialized using 'CodeIgniter\Session\Handlers\FileHandler' driver.
ERROR - 2025-07-27 22:19:46 --> mysqli_sql_exception: Unknown column 'kategori_task.deleted_at' in 'where clause' in C:\xampp\htdocs\Destask\vendor\codeigniter4\framework\system\Database\MySQLi\Connection.php:306
Stack trace:
#0 C:\xampp\htdocs\Destask\vendor\codeigniter4\framework\system\Database\MySQLi\Connection.php(306): mysqli->query('SELECT COUNT(*)...', 0)
#1 C:\xampp\htdocs\Destask\vendor\codeigniter4\framework\system\Database\BaseConnection.php(693): CodeIgniter\Database\MySQLi\Connection->execute('SELECT COUNT(*)...')
#2 C:\xampp\htdocs\Destask\vendor\codeigniter4\framework\system\Database\BaseConnection.php(607): CodeIgniter\Database\BaseConnection->simpleQuery('SELECT COUNT(*)...')
#3 C:\xampp\htdocs\Destask\vendor\codeigniter4\framework\system\Database\BaseBuilder.php(1697): CodeIgniter\Database\BaseConnection->query('SELECT COUNT(*)...', Array, false)
#4 C:\xampp\htdocs\Destask\vendor\codeigniter4\framework\system\Model.php(624): CodeIgniter\Database\BaseBuilder->countAllResults(true)
#5 C:\xampp\htdocs\Destask\app\Models\PekerjaanModel.php(297): CodeIgniter\Model->countAllResults()
#6 C:\xampp\htdocs\Destask\app\Controllers\Pekerjaan.php(75): App\Models\PekerjaanModel->countTaskSelesaiByIdPekerjaan('23')
#7 C:\xampp\htdocs\Destask\vendor\codeigniter4\framework\system\CodeIgniter.php(941): App\Controllers\Pekerjaan->daftar_pekerjaan()
#8 C:\xampp\htdocs\Destask\vendor\codeigniter4\framework\system\CodeIgniter.php(502): CodeIgniter\CodeIgniter->runController(Object(App\Controllers\Pekerjaan))
#9 C:\xampp\htdocs\Destask\vendor\codeigniter4\framework\system\CodeIgniter.php(361): CodeIgniter\CodeIgniter->handleRequest(NULL, Object(Config\Cache), false)
#10 C:\xampp\htdocs\Destask\public\index.php(80): CodeIgniter\CodeIgniter->run()
#11 C:\xampp\htdocs\Destask\vendor\codeigniter4\framework\system\Commands\Server\rewrite.php(47): require_once('C:\\xampp\\htdocs...')
#12 {main}
CRITICAL - 2025-07-27 22:19:46 --> CodeIgniter\Database\Exceptions\DatabaseException: Unknown column 'kategori_task.deleted_at' in 'where clause'
in SYSTEMPATH\Database\BaseConnection.php on line 647.
 1 SYSTEMPATH\Database\BaseBuilder.php(1697): CodeIgniter\Database\BaseConnection->query('SELECT COUNT(*) AS `numrows`
FROM `task`
WHERE `id_pekerjaan` = :id_pekerjaan:
AND `deleted_at` IS NULL
AND `kategori_task`.`deleted_at` IS NULL
AND `tgl_selesai` <= tgl_planing
AND `task`.`deleted_at` IS NULL', [...], false)
 2 SYSTEMPATH\Model.php(624): CodeIgniter\Database\BaseBuilder->countAllResults(true)
 3 APPPATH\Models\PekerjaanModel.php(297): CodeIgniter\Model->countAllResults()
 4 APPPATH\Controllers\Pekerjaan.php(75): App\Models\PekerjaanModel->countTaskSelesaiByIdPekerjaan('23')
 5 SYSTEMPATH\CodeIgniter.php(941): App\Controllers\Pekerjaan->daftar_pekerjaan()
 6 SYSTEMPATH\CodeIgniter.php(502): CodeIgniter\CodeIgniter->runController(Object(App\Controllers\Pekerjaan))
 7 SYSTEMPATH\CodeIgniter.php(361): CodeIgniter\CodeIgniter->handleRequest(null, Object(Config\Cache), false)
 8 FCPATH\index.php(80): CodeIgniter\CodeIgniter->run()
 9 SYSTEMPATH\Commands\Server\rewrite.php(47): require_once('C:\\xampp\\htdocs\\Destask\\public\\index.php')
CRITICAL - 2025-07-27 22:19:46 --> [Caused by] CodeIgniter\Database\Exceptions\DatabaseException: Unknown column 'kategori_task.deleted_at' in 'where clause'
in SYSTEMPATH\Database\MySQLi\Connection.php on line 311.
 1 SYSTEMPATH\Database\BaseConnection.php(693): CodeIgniter\Database\MySQLi\Connection->execute('SELECT COUNT(*) AS `numrows`
FROM `task`
WHERE `id_pekerjaan` = \'23\'
AND `deleted_at` IS NULL
AND `kategori_task`.`deleted_at` IS NULL
AND `tgl_selesai` <= tgl_planing
AND `task`.`deleted_at` IS NULL')
 2 SYSTEMPATH\Database\BaseConnection.php(607): CodeIgniter\Database\BaseConnection->simpleQuery('SELECT COUNT(*) AS `numrows`
FROM `task`
WHERE `id_pekerjaan` = \'23\'
AND `deleted_at` IS NULL
AND `kategori_task`.`deleted_at` IS NULL
AND `tgl_selesai` <= tgl_planing
AND `task`.`deleted_at` IS NULL')
 3 SYSTEMPATH\Database\BaseBuilder.php(1697): CodeIgniter\Database\BaseConnection->query('SELECT COUNT(*) AS `numrows`
FROM `task`
WHERE `id_pekerjaan` = :id_pekerjaan:
AND `deleted_at` IS NULL
AND `kategori_task`.`deleted_at` IS NULL
AND `tgl_selesai` <= tgl_planing
AND `task`.`deleted_at` IS NULL', [...], false)
 4 SYSTEMPATH\Model.php(624): CodeIgniter\Database\BaseBuilder->countAllResults(true)
 5 APPPATH\Models\PekerjaanModel.php(297): CodeIgniter\Model->countAllResults()
 6 APPPATH\Controllers\Pekerjaan.php(75): App\Models\PekerjaanModel->countTaskSelesaiByIdPekerjaan('23')
 7 SYSTEMPATH\CodeIgniter.php(941): App\Controllers\Pekerjaan->daftar_pekerjaan()
 8 SYSTEMPATH\CodeIgniter.php(502): CodeIgniter\CodeIgniter->runController(Object(App\Controllers\Pekerjaan))
 9 SYSTEMPATH\CodeIgniter.php(361): CodeIgniter\CodeIgniter->handleRequest(null, Object(Config\Cache), false)
10 FCPATH\index.php(80): CodeIgniter\CodeIgniter->run()
11 SYSTEMPATH\Commands\Server\rewrite.php(47): require_once('C:\\xampp\\htdocs\\Destask\\public\\index.php')
CRITICAL - 2025-07-27 22:19:46 --> [Caused by] mysqli_sql_exception: Unknown column 'kategori_task.deleted_at' in 'where clause'
in SYSTEMPATH\Database\MySQLi\Connection.php on line 306.
 1 SYSTEMPATH\Database\MySQLi\Connection.php(306): mysqli->query('SELECT COUNT(*) AS `numrows`
FROM `task`
WHERE `id_pekerjaan` = \'23\'
AND `deleted_at` IS NULL
AND `kategori_task`.`deleted_at` IS NULL
AND `tgl_selesai` <= tgl_planing
AND `task`.`deleted_at` IS NULL', 0)
 2 SYSTEMPATH\Database\BaseConnection.php(693): CodeIgniter\Database\MySQLi\Connection->execute('SELECT COUNT(*) AS `numrows`
FROM `task`
WHERE `id_pekerjaan` = \'23\'
AND `deleted_at` IS NULL
AND `kategori_task`.`deleted_at` IS NULL
AND `tgl_selesai` <= tgl_planing
AND `task`.`deleted_at` IS NULL')
 3 SYSTEMPATH\Database\BaseConnection.php(607): CodeIgniter\Database\BaseConnection->simpleQuery('SELECT COUNT(*) AS `numrows`
FROM `task`
WHERE `id_pekerjaan` = \'23\'
AND `deleted_at` IS NULL
AND `kategori_task`.`deleted_at` IS NULL
AND `tgl_selesai` <= tgl_planing
AND `task`.`deleted_at` IS NULL')
 4 SYSTEMPATH\Database\BaseBuilder.php(1697): CodeIgniter\Database\BaseConnection->query('SELECT COUNT(*) AS `numrows`
FROM `task`
WHERE `id_pekerjaan` = :id_pekerjaan:
AND `deleted_at` IS NULL
AND `kategori_task`.`deleted_at` IS NULL
AND `tgl_selesai` <= tgl_planing
AND `task`.`deleted_at` IS NULL', [...], false)
 5 SYSTEMPATH\Model.php(624): CodeIgniter\Database\BaseBuilder->countAllResults(true)
 6 APPPATH\Models\PekerjaanModel.php(297): CodeIgniter\Model->countAllResults()
 7 APPPATH\Controllers\Pekerjaan.php(75): App\Models\PekerjaanModel->countTaskSelesaiByIdPekerjaan('23')
 8 SYSTEMPATH\CodeIgniter.php(941): App\Controllers\Pekerjaan->daftar_pekerjaan()
 9 SYSTEMPATH\CodeIgniter.php(502): CodeIgniter\CodeIgniter->runController(Object(App\Controllers\Pekerjaan))
10 SYSTEMPATH\CodeIgniter.php(361): CodeIgniter\CodeIgniter->handleRequest(null, Object(Config\Cache), false)
11 FCPATH\index.php(80): CodeIgniter\CodeIgniter->run()
12 SYSTEMPATH\Commands\Server\rewrite.php(47): require_once('C:\\xampp\\htdocs\\Destask\\public\\index.php')
INFO - 2025-07-27 22:23:42 --> Session: Class initialized using 'CodeIgniter\Session\Handlers\FileHandler' driver.
ERROR - 2025-07-27 22:23:42 --> mysqli_sql_exception: Unknown column 'kategori_task.deleted_at' in 'where clause' in C:\xampp\htdocs\Destask\vendor\codeigniter4\framework\system\Database\MySQLi\Connection.php:306
Stack trace:
#0 C:\xampp\htdocs\Destask\vendor\codeigniter4\framework\system\Database\MySQLi\Connection.php(306): mysqli->query('SELECT COUNT(*)...', 0)
#1 C:\xampp\htdocs\Destask\vendor\codeigniter4\framework\system\Database\BaseConnection.php(693): CodeIgniter\Database\MySQLi\Connection->execute('SELECT COUNT(*)...')
#2 C:\xampp\htdocs\Destask\vendor\codeigniter4\framework\system\Database\BaseConnection.php(607): CodeIgniter\Database\BaseConnection->simpleQuery('SELECT COUNT(*)...')
#3 C:\xampp\htdocs\Destask\vendor\codeigniter4\framework\system\Database\BaseBuilder.php(1697): CodeIgniter\Database\BaseConnection->query('SELECT COUNT(*)...', Array, false)
#4 C:\xampp\htdocs\Destask\vendor\codeigniter4\framework\system\Model.php(624): CodeIgniter\Database\BaseBuilder->countAllResults(true)
#5 C:\xampp\htdocs\Destask\app\Models\PekerjaanModel.php(297): CodeIgniter\Model->countAllResults()
#6 C:\xampp\htdocs\Destask\app\Controllers\Pekerjaan.php(75): App\Models\PekerjaanModel->countTaskSelesaiByIdPekerjaan('23')
#7 C:\xampp\htdocs\Destask\vendor\codeigniter4\framework\system\CodeIgniter.php(941): App\Controllers\Pekerjaan->daftar_pekerjaan()
#8 C:\xampp\htdocs\Destask\vendor\codeigniter4\framework\system\CodeIgniter.php(502): CodeIgniter\CodeIgniter->runController(Object(App\Controllers\Pekerjaan))
#9 C:\xampp\htdocs\Destask\vendor\codeigniter4\framework\system\CodeIgniter.php(361): CodeIgniter\CodeIgniter->handleRequest(NULL, Object(Config\Cache), false)
#10 C:\xampp\htdocs\Destask\public\index.php(80): CodeIgniter\CodeIgniter->run()
#11 C:\xampp\htdocs\Destask\vendor\codeigniter4\framework\system\Commands\Server\rewrite.php(47): require_once('C:\\xampp\\htdocs...')
#12 {main}
CRITICAL - 2025-07-27 22:23:42 --> CodeIgniter\Database\Exceptions\DatabaseException: Unknown column 'kategori_task.deleted_at' in 'where clause'
in SYSTEMPATH\Database\BaseConnection.php on line 647.
 1 SYSTEMPATH\Database\BaseBuilder.php(1697): CodeIgniter\Database\BaseConnection->query('SELECT COUNT(*) AS `numrows`
FROM `task`
WHERE `id_pekerjaan` = :id_pekerjaan:
AND `deleted_at` IS NULL
AND `kategori_task`.`deleted_at` IS NULL
AND `tgl_selesai` <= tgl_planing
AND `task`.`deleted_at` IS NULL', [...], false)
 2 SYSTEMPATH\Model.php(624): CodeIgniter\Database\BaseBuilder->countAllResults(true)
 3 APPPATH\Models\PekerjaanModel.php(297): CodeIgniter\Model->countAllResults()
 4 APPPATH\Controllers\Pekerjaan.php(75): App\Models\PekerjaanModel->countTaskSelesaiByIdPekerjaan('23')
 5 SYSTEMPATH\CodeIgniter.php(941): App\Controllers\Pekerjaan->daftar_pekerjaan()
 6 SYSTEMPATH\CodeIgniter.php(502): CodeIgniter\CodeIgniter->runController(Object(App\Controllers\Pekerjaan))
 7 SYSTEMPATH\CodeIgniter.php(361): CodeIgniter\CodeIgniter->handleRequest(null, Object(Config\Cache), false)
 8 FCPATH\index.php(80): CodeIgniter\CodeIgniter->run()
 9 SYSTEMPATH\Commands\Server\rewrite.php(47): require_once('C:\\xampp\\htdocs\\Destask\\public\\index.php')
CRITICAL - 2025-07-27 22:23:42 --> [Caused by] CodeIgniter\Database\Exceptions\DatabaseException: Unknown column 'kategori_task.deleted_at' in 'where clause'
in SYSTEMPATH\Database\MySQLi\Connection.php on line 311.
 1 SYSTEMPATH\Database\BaseConnection.php(693): CodeIgniter\Database\MySQLi\Connection->execute('SELECT COUNT(*) AS `numrows`
FROM `task`
WHERE `id_pekerjaan` = \'23\'
AND `deleted_at` IS NULL
AND `kategori_task`.`deleted_at` IS NULL
AND `tgl_selesai` <= tgl_planing
AND `task`.`deleted_at` IS NULL')
 2 SYSTEMPATH\Database\BaseConnection.php(607): CodeIgniter\Database\BaseConnection->simpleQuery('SELECT COUNT(*) AS `numrows`
FROM `task`
WHERE `id_pekerjaan` = \'23\'
AND `deleted_at` IS NULL
AND `kategori_task`.`deleted_at` IS NULL
AND `tgl_selesai` <= tgl_planing
AND `task`.`deleted_at` IS NULL')
 3 SYSTEMPATH\Database\BaseBuilder.php(1697): CodeIgniter\Database\BaseConnection->query('SELECT COUNT(*) AS `numrows`
FROM `task`
WHERE `id_pekerjaan` = :id_pekerjaan:
AND `deleted_at` IS NULL
AND `kategori_task`.`deleted_at` IS NULL
AND `tgl_selesai` <= tgl_planing
AND `task`.`deleted_at` IS NULL', [...], false)
 4 SYSTEMPATH\Model.php(624): CodeIgniter\Database\BaseBuilder->countAllResults(true)
 5 APPPATH\Models\PekerjaanModel.php(297): CodeIgniter\Model->countAllResults()
 6 APPPATH\Controllers\Pekerjaan.php(75): App\Models\PekerjaanModel->countTaskSelesaiByIdPekerjaan('23')
 7 SYSTEMPATH\CodeIgniter.php(941): App\Controllers\Pekerjaan->daftar_pekerjaan()
 8 SYSTEMPATH\CodeIgniter.php(502): CodeIgniter\CodeIgniter->runController(Object(App\Controllers\Pekerjaan))
 9 SYSTEMPATH\CodeIgniter.php(361): CodeIgniter\CodeIgniter->handleRequest(null, Object(Config\Cache), false)
10 FCPATH\index.php(80): CodeIgniter\CodeIgniter->run()
11 SYSTEMPATH\Commands\Server\rewrite.php(47): require_once('C:\\xampp\\htdocs\\Destask\\public\\index.php')
CRITICAL - 2025-07-27 22:23:42 --> [Caused by] mysqli_sql_exception: Unknown column 'kategori_task.deleted_at' in 'where clause'
in SYSTEMPATH\Database\MySQLi\Connection.php on line 306.
 1 SYSTEMPATH\Database\MySQLi\Connection.php(306): mysqli->query('SELECT COUNT(*) AS `numrows`
FROM `task`
WHERE `id_pekerjaan` = \'23\'
AND `deleted_at` IS NULL
AND `kategori_task`.`deleted_at` IS NULL
AND `tgl_selesai` <= tgl_planing
AND `task`.`deleted_at` IS NULL', 0)
 2 SYSTEMPATH\Database\BaseConnection.php(693): CodeIgniter\Database\MySQLi\Connection->execute('SELECT COUNT(*) AS `numrows`
FROM `task`
WHERE `id_pekerjaan` = \'23\'
AND `deleted_at` IS NULL
AND `kategori_task`.`deleted_at` IS NULL
AND `tgl_selesai` <= tgl_planing
AND `task`.`deleted_at` IS NULL')
 3 SYSTEMPATH\Database\BaseConnection.php(607): CodeIgniter\Database\BaseConnection->simpleQuery('SELECT COUNT(*) AS `numrows`
FROM `task`
WHERE `id_pekerjaan` = \'23\'
AND `deleted_at` IS NULL
AND `kategori_task`.`deleted_at` IS NULL
AND `tgl_selesai` <= tgl_planing
AND `task`.`deleted_at` IS NULL')
 4 SYSTEMPATH\Database\BaseBuilder.php(1697): CodeIgniter\Database\BaseConnection->query('SELECT COUNT(*) AS `numrows`
FROM `task`
WHERE `id_pekerjaan` = :id_pekerjaan:
AND `deleted_at` IS NULL
AND `kategori_task`.`deleted_at` IS NULL
AND `tgl_selesai` <= tgl_planing
AND `task`.`deleted_at` IS NULL', [...], false)
 5 SYSTEMPATH\Model.php(624): CodeIgniter\Database\BaseBuilder->countAllResults(true)
 6 APPPATH\Models\PekerjaanModel.php(297): CodeIgniter\Model->countAllResults()
 7 APPPATH\Controllers\Pekerjaan.php(75): App\Models\PekerjaanModel->countTaskSelesaiByIdPekerjaan('23')
 8 SYSTEMPATH\CodeIgniter.php(941): App\Controllers\Pekerjaan->daftar_pekerjaan()
 9 SYSTEMPATH\CodeIgniter.php(502): CodeIgniter\CodeIgniter->runController(Object(App\Controllers\Pekerjaan))
10 SYSTEMPATH\CodeIgniter.php(361): CodeIgniter\CodeIgniter->handleRequest(null, Object(Config\Cache), false)
11 FCPATH\index.php(80): CodeIgniter\CodeIgniter->run()
12 SYSTEMPATH\Commands\Server\rewrite.php(47): require_once('C:\\xampp\\htdocs\\Destask\\public\\index.php')
INFO - 2025-07-27 22:24:02 --> Session: Class initialized using 'CodeIgniter\Session\Handlers\FileHandler' driver.
INFO - 2025-07-27 22:24:08 --> Session: Class initialized using 'CodeIgniter\Session\Handlers\FileHandler' driver.
INFO - 2025-07-27 22:24:23 --> Session: Class initialized using 'CodeIgniter\Session\Handlers\FileHandler' driver.
INFO - 2025-07-27 22:24:45 --> Session: Class initialized using 'CodeIgniter\Session\Handlers\FileHandler' driver.
INFO - 2025-07-27 22:24:50 --> Session: Class initialized using 'CodeIgniter\Session\Handlers\FileHandler' driver.
INFO - 2025-07-27 22:24:52 --> Session: Class initialized using 'CodeIgniter\Session\Handlers\FileHandler' driver.
INFO - 2025-07-27 22:24:57 --> Session: Class initialized using 'CodeIgniter\Session\Handlers\FileHandler' driver.
INFO - 2025-07-27 22:24:59 --> Session: Class initialized using 'CodeIgniter\Session\Handlers\FileHandler' driver.
INFO - 2025-07-27 22:25:02 --> Session: Class initialized using 'CodeIgniter\Session\Handlers\FileHandler' driver.
INFO - 2025-07-27 22:25:07 --> Session: Class initialized using 'CodeIgniter\Session\Handlers\FileHandler' driver.
INFO - 2025-07-27 22:25:09 --> Session: Class initialized using 'CodeIgniter\Session\Handlers\FileHandler' driver.
INFO - 2025-07-27 22:25:14 --> Session: Class initialized using 'CodeIgniter\Session\Handlers\FileHandler' driver.
INFO - 2025-07-27 22:25:23 --> Session: Class initialized using 'CodeIgniter\Session\Handlers\FileHandler' driver.
INFO - 2025-07-27 22:25:29 --> Session: Class initialized using 'CodeIgniter\Session\Handlers\FileHandler' driver.
INFO - 2025-07-27 22:25:32 --> Session: Class initialized using 'CodeIgniter\Session\Handlers\FileHandler' driver.
INFO - 2025-07-27 22:25:41 --> Session: Class initialized using 'CodeIgniter\Session\Handlers\FileHandler' driver.
INFO - 2025-07-27 22:25:45 --> Session: Class initialized using 'CodeIgniter\Session\Handlers\FileHandler' driver.
INFO - 2025-07-27 22:25:49 --> Session: Class initialized using 'CodeIgniter\Session\Handlers\FileHandler' driver.
INFO - 2025-07-27 22:25:54 --> Session: Class initialized using 'CodeIgniter\Session\Handlers\FileHandler' driver.
INFO - 2025-07-27 22:25:58 --> Session: Class initialized using 'CodeIgniter\Session\Handlers\FileHandler' driver.
INFO - 2025-07-27 22:26:00 --> Session: Class initialized using 'CodeIgniter\Session\Handlers\FileHandler' driver.
INFO - 2025-07-27 22:26:01 --> Session: Class initialized using 'CodeIgniter\Session\Handlers\FileHandler' driver.
INFO - 2025-07-27 22:26:04 --> Session: Class initialized using 'CodeIgniter\Session\Handlers\FileHandler' driver.
INFO - 2025-07-27 22:26:29 --> Session: Class initialized using 'CodeIgniter\Session\Handlers\FileHandler' driver.
INFO - 2025-07-27 22:26:32 --> Session: Class initialized using 'CodeIgniter\Session\Handlers\FileHandler' driver.
INFO - 2025-07-27 22:26:46 --> Session: Class initialized using 'CodeIgniter\Session\Handlers\FileHandler' driver.
INFO - 2025-07-27 22:26:52 --> Session: Class initialized using 'CodeIgniter\Session\Handlers\FileHandler' driver.
INFO - 2025-07-27 22:27:14 --> Session: Class initialized using 'CodeIgniter\Session\Handlers\FileHandler' driver.
INFO - 2025-07-27 22:30:21 --> Session: Class initialized using 'CodeIgniter\Session\Handlers\FileHandler' driver.
INFO - 2025-07-27 22:30:23 --> Session: Class initialized using 'CodeIgniter\Session\Handlers\FileHandler' driver.
INFO - 2025-07-27 22:30:25 --> Session: Class initialized using 'CodeIgniter\Session\Handlers\FileHandler' driver.
INFO - 2025-07-27 22:30:27 --> Session: Class initialized using 'CodeIgniter\Session\Handlers\FileHandler' driver.
INFO - 2025-07-27 22:30:28 --> Session: Class initialized using 'CodeIgniter\Session\Handlers\FileHandler' driver.
INFO - 2025-07-27 22:33:35 --> Session: Class initialized using 'CodeIgniter\Session\Handlers\FileHandler' driver.
INFO - 2025-07-27 22:33:40 --> Session: Class initialized using 'CodeIgniter\Session\Handlers\FileHandler' driver.
INFO - 2025-07-27 22:34:45 --> Session: Class initialized using 'CodeIgniter\Session\Handlers\FileHandler' driver.
INFO - 2025-07-27 22:34:45 --> Session: Class initialized using 'CodeIgniter\Session\Handlers\FileHandler' driver.
CRITICAL - 2025-07-27 22:34:46 --> Error: Call to a member function groupStart() on null
in APPPATH\Models\PekerjaanModel.php on line 267.
 1 APPPATH\Controllers\Pekerjaan.php(65): App\Models\PekerjaanModel->countTaskOnProgressByIdPekerjaan('23')
 2 SYSTEMPATH\CodeIgniter.php(941): App\Controllers\Pekerjaan->daftar_pekerjaan()
 3 SYSTEMPATH\CodeIgniter.php(502): CodeIgniter\CodeIgniter->runController(Object(App\Controllers\Pekerjaan))
 4 SYSTEMPATH\CodeIgniter.php(361): CodeIgniter\CodeIgniter->handleRequest(null, Object(Config\Cache), false)
 5 FCPATH\index.php(80): CodeIgniter\CodeIgniter->run()
 6 SYSTEMPATH\Commands\Server\rewrite.php(47): require_once('C:\\xampp\\htdocs\\Destask\\public\\index.php')
INFO - 2025-07-27 22:36:06 --> Session: Class initialized using 'CodeIgniter\Session\Handlers\FileHandler' driver.
INFO - 2025-07-27 22:36:16 --> Session: Class initialized using 'CodeIgniter\Session\Handlers\FileHandler' driver.
INFO - 2025-07-27 22:36:17 --> Session: Class initialized using 'CodeIgniter\Session\Handlers\FileHandler' driver.
INFO - 2025-07-27 22:36:27 --> Session: Class initialized using 'CodeIgniter\Session\Handlers\FileHandler' driver.
INFO - 2025-07-27 22:36:33 --> Session: Class initialized using 'CodeIgniter\Session\Handlers\FileHandler' driver.
INFO - 2025-07-27 22:36:50 --> Session: Class initialized using 'CodeIgniter\Session\Handlers\FileHandler' driver.
INFO - 2025-07-27 22:37:33 --> Session: Class initialized using 'CodeIgniter\Session\Handlers\FileHandler' driver.
INFO - 2025-07-27 22:37:55 --> Session: Class initialized using 'CodeIgniter\Session\Handlers\FileHandler' driver.
INFO - 2025-07-27 22:38:07 --> Session: Class initialized using 'CodeIgniter\Session\Handlers\FileHandler' driver.
INFO - 2025-07-27 22:38:18 --> Session: Class initialized using 'CodeIgniter\Session\Handlers\FileHandler' driver.
INFO - 2025-07-27 22:38:30 --> Session: Class initialized using 'CodeIgniter\Session\Handlers\FileHandler' driver.
INFO - 2025-07-27 22:38:38 --> Session: Class initialized using 'CodeIgniter\Session\Handlers\FileHandler' driver.
INFO - 2025-07-27 22:38:40 --> Session: Class initialized using 'CodeIgniter\Session\Handlers\FileHandler' driver.
INFO - 2025-07-27 22:38:51 --> Session: Class initialized using 'CodeIgniter\Session\Handlers\FileHandler' driver.
INFO - 2025-07-27 22:39:05 --> Session: Class initialized using 'CodeIgniter\Session\Handlers\FileHandler' driver.
INFO - 2025-07-27 22:39:13 --> Session: Class initialized using 'CodeIgniter\Session\Handlers\FileHandler' driver.
INFO - 2025-07-27 22:39:21 --> Session: Class initialized using 'CodeIgniter\Session\Handlers\FileHandler' driver.
INFO - 2025-07-27 22:39:26 --> Session: Class initialized using 'CodeIgniter\Session\Handlers\FileHandler' driver.
INFO - 2025-07-27 22:39:28 --> Session: Class initialized using 'CodeIgniter\Session\Handlers\FileHandler' driver.
INFO - 2025-07-27 22:39:31 --> Session: Class initialized using 'CodeIgniter\Session\Handlers\FileHandler' driver.
INFO - 2025-07-27 22:39:36 --> Session: Class initialized using 'CodeIgniter\Session\Handlers\FileHandler' driver.
INFO - 2025-07-27 22:39:38 --> Session: Class initialized using 'CodeIgniter\Session\Handlers\FileHandler' driver.
INFO - 2025-07-27 23:00:59 --> Session: Class initialized using 'CodeIgniter\Session\Handlers\FileHandler' driver.
INFO - 2025-07-27 23:01:02 --> Session: Class initialized using 'CodeIgniter\Session\Handlers\FileHandler' driver.
INFO - 2025-07-27 23:03:42 --> Session: Class initialized using 'CodeIgniter\Session\Handlers\FileHandler' driver.
INFO - 2025-07-27 23:03:53 --> Session: Class initialized using 'CodeIgniter\Session\Handlers\FileHandler' driver.
INFO - 2025-07-27 23:03:55 --> Session: Class initialized using 'CodeIgniter\Session\Handlers\FileHandler' driver.
INFO - 2025-07-27 23:03:59 --> Session: Class initialized using 'CodeIgniter\Session\Handlers\FileHandler' driver.
WARNING - 2025-07-27 23:03:59 --> [DEPRECATED] strtotime(): Passing null to parameter #1 ($datetime) of type string is deprecated in APPPATH\Views\pekerjaan\detail_pekerjaan.php on line 94.
 1 APPPATH\Views\pekerjaan\detail_pekerjaan.php(94): strtotime(null)
 2 SYSTEMPATH\View\View.php(228): include('C:\\xampp\\htdocs\\Destask\\app\\Views\\pekerjaan\\detail_pekerjaan.php')
 3 SYSTEMPATH\View\View.php(231): CodeIgniter\View\View->CodeIgniter\View\{closure}()
 4 SYSTEMPATH\Common.php(1178): CodeIgniter\View\View->render('pekerjaan/detail_pekerjaan', [], true)
 5 APPPATH\Controllers\Pekerjaan.php(259): view('pekerjaan/detail_pekerjaan', [...])
 6 SYSTEMPATH\CodeIgniter.php(941): App\Controllers\Pekerjaan->detail_pekerjaan('26')
 7 SYSTEMPATH\CodeIgniter.php(502): CodeIgniter\CodeIgniter->runController(Object(App\Controllers\Pekerjaan))
 8 SYSTEMPATH\CodeIgniter.php(361): CodeIgniter\CodeIgniter->handleRequest(null, Object(Config\Cache), false)
 9 FCPATH\index.php(80): CodeIgniter\CodeIgniter->run()
10 SYSTEMPATH\Commands\Server\rewrite.php(47): require_once('C:\\xampp\\htdocs\\Destask\\public\\index.php')
INFO - 2025-07-27 23:06:08 --> Session: Class initialized using 'CodeIgniter\Session\Handlers\FileHandler' driver.
INFO - 2025-07-27 23:06:24 --> Session: Class initialized using 'CodeIgniter\Session\Handlers\FileHandler' driver.
INFO - 2025-07-27 23:06:48 --> Session: Class initialized using 'CodeIgniter\Session\Handlers\FileHandler' driver.
INFO - 2025-07-27 23:06:53 --> Session: Class initialized using 'CodeIgniter\Session\Handlers\FileHandler' driver.
INFO - 2025-07-27 23:06:54 --> Session: Class initialized using 'CodeIgniter\Session\Handlers\FileHandler' driver.
INFO - 2025-07-27 23:06:55 --> Session: Class initialized using 'CodeIgniter\Session\Handlers\FileHandler' driver.
INFO - 2025-07-27 23:07:02 --> Session: Class initialized using 'CodeIgniter\Session\Handlers\FileHandler' driver.
INFO - 2025-07-27 23:07:07 --> Session: Class initialized using 'CodeIgniter\Session\Handlers\FileHandler' driver.
INFO - 2025-07-27 23:07:09 --> Session: Class initialized using 'CodeIgniter\Session\Handlers\FileHandler' driver.
INFO - 2025-07-27 23:07:12 --> Session: Class initialized using 'CodeIgniter\Session\Handlers\FileHandler' driver.
INFO - 2025-07-27 23:15:44 --> Session: Class initialized using 'CodeIgniter\Session\Handlers\FileHandler' driver.
INFO - 2025-07-27 23:15:46 --> Session: Class initialized using 'CodeIgniter\Session\Handlers\FileHandler' driver.
INFO - 2025-07-27 23:15:50 --> Session: Class initialized using 'CodeIgniter\Session\Handlers\FileHandler' driver.
INFO - 2025-07-27 23:15:53 --> Session: Class initialized using 'CodeIgniter\Session\Handlers\FileHandler' driver.
INFO - 2025-07-27 23:17:23 --> Session: Class initialized using 'CodeIgniter\Session\Handlers\FileHandler' driver.
INFO - 2025-07-27 23:17:26 --> Session: Class initialized using 'CodeIgniter\Session\Handlers\FileHandler' driver.
INFO - 2025-07-27 23:17:31 --> Session: Class initialized using 'CodeIgniter\Session\Handlers\FileHandler' driver.
INFO - 2025-07-27 23:17:42 --> Session: Class initialized using 'CodeIgniter\Session\Handlers\FileHandler' driver.
INFO - 2025-07-27 23:17:43 --> Session: Class initialized using 'CodeIgniter\Session\Handlers\FileHandler' driver.
INFO - 2025-07-27 23:17:51 --> Session: Class initialized using 'CodeIgniter\Session\Handlers\FileHandler' driver.
INFO - 2025-07-27 23:18:44 --> Session: Class initialized using 'CodeIgniter\Session\Handlers\FileHandler' driver.
INFO - 2025-07-27 23:18:45 --> Session: Class initialized using 'CodeIgniter\Session\Handlers\FileHandler' driver.
INFO - 2025-07-27 23:18:46 --> Session: Class initialized using 'CodeIgniter\Session\Handlers\FileHandler' driver.
INFO - 2025-07-27 23:18:47 --> Session: Class initialized using 'CodeIgniter\Session\Handlers\FileHandler' driver.
INFO - 2025-07-27 23:19:00 --> Session: Class initialized using 'CodeIgniter\Session\Handlers\FileHandler' driver.
INFO - 2025-07-27 23:19:04 --> Session: Class initialized using 'CodeIgniter\Session\Handlers\FileHandler' driver.
INFO - 2025-07-27 23:19:08 --> Session: Class initialized using 'CodeIgniter\Session\Handlers\FileHandler' driver.
INFO - 2025-07-27 23:19:16 --> Session: Class initialized using 'CodeIgniter\Session\Handlers\FileHandler' driver.
INFO - 2025-07-27 23:19:18 --> Session: Class initialized using 'CodeIgniter\Session\Handlers\FileHandler' driver.
INFO - 2025-07-27 23:19:21 --> Session: Class initialized using 'CodeIgniter\Session\Handlers\FileHandler' driver.
INFO - 2025-07-27 23:19:23 --> Session: Class initialized using 'CodeIgniter\Session\Handlers\FileHandler' driver.
INFO - 2025-07-27 23:19:32 --> Session: Class initialized using 'CodeIgniter\Session\Handlers\FileHandler' driver.
INFO - 2025-07-27 23:19:34 --> Session: Class initialized using 'CodeIgniter\Session\Handlers\FileHandler' driver.
INFO - 2025-07-27 23:19:38 --> Session: Class initialized using 'CodeIgniter\Session\Handlers\FileHandler' driver.
INFO - 2025-07-27 23:19:44 --> Session: Class initialized using 'CodeIgniter\Session\Handlers\FileHandler' driver.
INFO - 2025-07-27 23:19:46 --> Session: Class initialized using 'CodeIgniter\Session\Handlers\FileHandler' driver.
INFO - 2025-07-27 23:19:48 --> Session: Class initialized using 'CodeIgniter\Session\Handlers\FileHandler' driver.
INFO - 2025-07-27 23:19:52 --> Session: Class initialized using 'CodeIgniter\Session\Handlers\FileHandler' driver.
INFO - 2025-07-27 23:19:55 --> Session: Class initialized using 'CodeIgniter\Session\Handlers\FileHandler' driver.
INFO - 2025-07-27 23:22:36 --> Session: Class initialized using 'CodeIgniter\Session\Handlers\FileHandler' driver.
ERROR - 2025-07-27 23:22:36 --> mysqli_sql_exception: You have an error in your SQL syntax; check the manual that corresponds to your MariaDB server version for the right syntax to use near '' at line 14 in C:\xampp\htdocs\Destask\vendor\codeigniter4\framework\system\Database\MySQLi\Connection.php:306
Stack trace:
#0 C:\xampp\htdocs\Destask\vendor\codeigniter4\framework\system\Database\MySQLi\Connection.php(306): mysqli->query('SELECT COUNT(*)...', 0)
#1 C:\xampp\htdocs\Destask\vendor\codeigniter4\framework\system\Database\BaseConnection.php(693): CodeIgniter\Database\MySQLi\Connection->execute('SELECT COUNT(*)...')
#2 C:\xampp\htdocs\Destask\vendor\codeigniter4\framework\system\Database\BaseConnection.php(607): CodeIgniter\Database\BaseConnection->simpleQuery('SELECT COUNT(*)...')
#3 C:\xampp\htdocs\Destask\vendor\codeigniter4\framework\system\Database\BaseBuilder.php(1697): CodeIgniter\Database\BaseConnection->query('SELECT COUNT(*)...', Array, false)
#4 C:\xampp\htdocs\Destask\vendor\codeigniter4\framework\system\Model.php(624): CodeIgniter\Database\BaseBuilder->countAllResults(true)
#5 C:\xampp\htdocs\Destask\app\Models\PekerjaanModel.php(289): CodeIgniter\Model->countAllResults()
#6 C:\xampp\htdocs\Destask\app\Controllers\Pekerjaan.php(70): App\Models\PekerjaanModel->countTaskOverdueByIdPekerjaan('23')
#7 C:\xampp\htdocs\Destask\vendor\codeigniter4\framework\system\CodeIgniter.php(941): App\Controllers\Pekerjaan->daftar_pekerjaan()
#8 C:\xampp\htdocs\Destask\vendor\codeigniter4\framework\system\CodeIgniter.php(502): CodeIgniter\CodeIgniter->runController(Object(App\Controllers\Pekerjaan))
#9 C:\xampp\htdocs\Destask\vendor\codeigniter4\framework\system\CodeIgniter.php(361): CodeIgniter\CodeIgniter->handleRequest(NULL, Object(Config\Cache), false)
#10 C:\xampp\htdocs\Destask\public\index.php(80): CodeIgniter\CodeIgniter->run()
#11 C:\xampp\htdocs\Destask\vendor\codeigniter4\framework\system\Commands\Server\rewrite.php(47): require_once('C:\\xampp\\htdocs...')
#12 {main}
CRITICAL - 2025-07-27 23:22:36 --> CodeIgniter\Database\Exceptions\DatabaseException: You have an error in your SQL syntax; check the manual that corresponds to your MariaDB server version for the right syntax to use near '' at line 14
in SYSTEMPATH\Database\BaseConnection.php on line 647.
 1 SYSTEMPATH\Database\BaseBuilder.php(1697): CodeIgniter\Database\BaseConnection->query('SELECT COUNT(*) AS `numrows`
FROM `task`
WHERE `id_pekerjaan` = :id_pekerjaan:
AND `deleted_at` IS NULL
AND   (
   (
`tgl_selesai` IS NULL
AND NOW() > tgl_planing
AND     (
tgl_selesai IS NOT NULL
AND `tgl_selesai` > tgl_planing
   )
  )
AND `task`.`deleted_at` IS NULL', [...], false)
 2 SYSTEMPATH\Model.php(624): CodeIgniter\Database\BaseBuilder->countAllResults(true)
 3 APPPATH\Models\PekerjaanModel.php(289): CodeIgniter\Model->countAllResults()
 4 APPPATH\Controllers\Pekerjaan.php(70): App\Models\PekerjaanModel->countTaskOverdueByIdPekerjaan('23')
 5 SYSTEMPATH\CodeIgniter.php(941): App\Controllers\Pekerjaan->daftar_pekerjaan()
 6 SYSTEMPATH\CodeIgniter.php(502): CodeIgniter\CodeIgniter->runController(Object(App\Controllers\Pekerjaan))
 7 SYSTEMPATH\CodeIgniter.php(361): CodeIgniter\CodeIgniter->handleRequest(null, Object(Config\Cache), false)
 8 FCPATH\index.php(80): CodeIgniter\CodeIgniter->run()
 9 SYSTEMPATH\Commands\Server\rewrite.php(47): require_once('C:\\xampp\\htdocs\\Destask\\public\\index.php')
CRITICAL - 2025-07-27 23:22:36 --> [Caused by] CodeIgniter\Database\Exceptions\DatabaseException: You have an error in your SQL syntax; check the manual that corresponds to your MariaDB server version for the right syntax to use near '' at line 14
in SYSTEMPATH\Database\MySQLi\Connection.php on line 311.
 1 SYSTEMPATH\Database\BaseConnection.php(693): CodeIgniter\Database\MySQLi\Connection->execute('SELECT COUNT(*) AS `numrows`
FROM `task`
WHERE `id_pekerjaan` = \'23\'
AND `deleted_at` IS NULL
AND   (
   (
`tgl_selesai` IS NULL
AND NOW() > tgl_planing
AND     (
tgl_selesai IS NOT NULL
AND `tgl_selesai` > tgl_planing
   )
  )
AND `task`.`deleted_at` IS NULL')
 2 SYSTEMPATH\Database\BaseConnection.php(607): CodeIgniter\Database\BaseConnection->simpleQuery('SELECT COUNT(*) AS `numrows`
FROM `task`
WHERE `id_pekerjaan` = \'23\'
AND `deleted_at` IS NULL
AND   (
   (
`tgl_selesai` IS NULL
AND NOW() > tgl_planing
AND     (
tgl_selesai IS NOT NULL
AND `tgl_selesai` > tgl_planing
   )
  )
AND `task`.`deleted_at` IS NULL')
 3 SYSTEMPATH\Database\BaseBuilder.php(1697): CodeIgniter\Database\BaseConnection->query('SELECT COUNT(*) AS `numrows`
FROM `task`
WHERE `id_pekerjaan` = :id_pekerjaan:
AND `deleted_at` IS NULL
AND   (
   (
`tgl_selesai` IS NULL
AND NOW() > tgl_planing
AND     (
tgl_selesai IS NOT NULL
AND `tgl_selesai` > tgl_planing
   )
  )
AND `task`.`deleted_at` IS NULL', [...], false)
 4 SYSTEMPATH\Model.php(624): CodeIgniter\Database\BaseBuilder->countAllResults(true)
 5 APPPATH\Models\PekerjaanModel.php(289): CodeIgniter\Model->countAllResults()
 6 APPPATH\Controllers\Pekerjaan.php(70): App\Models\PekerjaanModel->countTaskOverdueByIdPekerjaan('23')
 7 SYSTEMPATH\CodeIgniter.php(941): App\Controllers\Pekerjaan->daftar_pekerjaan()
 8 SYSTEMPATH\CodeIgniter.php(502): CodeIgniter\CodeIgniter->runController(Object(App\Controllers\Pekerjaan))
 9 SYSTEMPATH\CodeIgniter.php(361): CodeIgniter\CodeIgniter->handleRequest(null, Object(Config\Cache), false)
10 FCPATH\index.php(80): CodeIgniter\CodeIgniter->run()
11 SYSTEMPATH\Commands\Server\rewrite.php(47): require_once('C:\\xampp\\htdocs\\Destask\\public\\index.php')
CRITICAL - 2025-07-27 23:22:36 --> [Caused by] mysqli_sql_exception: You have an error in your SQL syntax; check the manual that corresponds to your MariaDB server version for the right syntax to use near '' at line 14
in SYSTEMPATH\Database\MySQLi\Connection.php on line 306.
 1 SYSTEMPATH\Database\MySQLi\Connection.php(306): mysqli->query('SELECT COUNT(*) AS `numrows`
FROM `task`
WHERE `id_pekerjaan` = \'23\'
AND `deleted_at` IS NULL
AND   (
   (
`tgl_selesai` IS NULL
AND NOW() > tgl_planing
AND     (
tgl_selesai IS NOT NULL
AND `tgl_selesai` > tgl_planing
   )
  )
AND `task`.`deleted_at` IS NULL', 0)
 2 SYSTEMPATH\Database\BaseConnection.php(693): CodeIgniter\Database\MySQLi\Connection->execute('SELECT COUNT(*) AS `numrows`
FROM `task`
WHERE `id_pekerjaan` = \'23\'
AND `deleted_at` IS NULL
AND   (
   (
`tgl_selesai` IS NULL
AND NOW() > tgl_planing
AND     (
tgl_selesai IS NOT NULL
AND `tgl_selesai` > tgl_planing
   )
  )
AND `task`.`deleted_at` IS NULL')
 3 SYSTEMPATH\Database\BaseConnection.php(607): CodeIgniter\Database\BaseConnection->simpleQuery('SELECT COUNT(*) AS `numrows`
FROM `task`
WHERE `id_pekerjaan` = \'23\'
AND `deleted_at` IS NULL
AND   (
   (
`tgl_selesai` IS NULL
AND NOW() > tgl_planing
AND     (
tgl_selesai IS NOT NULL
AND `tgl_selesai` > tgl_planing
   )
  )
AND `task`.`deleted_at` IS NULL')
 4 SYSTEMPATH\Database\BaseBuilder.php(1697): CodeIgniter\Database\BaseConnection->query('SELECT COUNT(*) AS `numrows`
FROM `task`
WHERE `id_pekerjaan` = :id_pekerjaan:
AND `deleted_at` IS NULL
AND   (
   (
`tgl_selesai` IS NULL
AND NOW() > tgl_planing
AND     (
tgl_selesai IS NOT NULL
AND `tgl_selesai` > tgl_planing
   )
  )
AND `task`.`deleted_at` IS NULL', [...], false)
 5 SYSTEMPATH\Model.php(624): CodeIgniter\Database\BaseBuilder->countAllResults(true)
 6 APPPATH\Models\PekerjaanModel.php(289): CodeIgniter\Model->countAllResults()
 7 APPPATH\Controllers\Pekerjaan.php(70): App\Models\PekerjaanModel->countTaskOverdueByIdPekerjaan('23')
 8 SYSTEMPATH\CodeIgniter.php(941): App\Controllers\Pekerjaan->daftar_pekerjaan()
 9 SYSTEMPATH\CodeIgniter.php(502): CodeIgniter\CodeIgniter->runController(Object(App\Controllers\Pekerjaan))
10 SYSTEMPATH\CodeIgniter.php(361): CodeIgniter\CodeIgniter->handleRequest(null, Object(Config\Cache), false)
11 FCPATH\index.php(80): CodeIgniter\CodeIgniter->run()
12 SYSTEMPATH\Commands\Server\rewrite.php(47): require_once('C:\\xampp\\htdocs\\Destask\\public\\index.php')
INFO - 2025-07-27 23:22:59 --> Session: Class initialized using 'CodeIgniter\Session\Handlers\FileHandler' driver.
ERROR - 2025-07-27 23:22:59 --> mysqli_sql_exception: You have an error in your SQL syntax; check the manual that corresponds to your MariaDB server version for the right syntax to use near '' at line 13 in C:\xampp\htdocs\Destask\vendor\codeigniter4\framework\system\Database\MySQLi\Connection.php:306
Stack trace:
#0 C:\xampp\htdocs\Destask\vendor\codeigniter4\framework\system\Database\MySQLi\Connection.php(306): mysqli->query('SELECT COUNT(*)...', 0)
#1 C:\xampp\htdocs\Destask\vendor\codeigniter4\framework\system\Database\BaseConnection.php(693): CodeIgniter\Database\MySQLi\Connection->execute('SELECT COUNT(*)...')
#2 C:\xampp\htdocs\Destask\vendor\codeigniter4\framework\system\Database\BaseConnection.php(607): CodeIgniter\Database\BaseConnection->simpleQuery('SELECT COUNT(*)...')
#3 C:\xampp\htdocs\Destask\vendor\codeigniter4\framework\system\Database\BaseBuilder.php(1697): CodeIgniter\Database\BaseConnection->query('SELECT COUNT(*)...', Array, false)
#4 C:\xampp\htdocs\Destask\vendor\codeigniter4\framework\system\Model.php(624): CodeIgniter\Database\BaseBuilder->countAllResults(true)
#5 C:\xampp\htdocs\Destask\app\Models\PekerjaanModel.php(288): CodeIgniter\Model->countAllResults()
#6 C:\xampp\htdocs\Destask\app\Controllers\Pekerjaan.php(70): App\Models\PekerjaanModel->countTaskOverdueByIdPekerjaan('23')
#7 C:\xampp\htdocs\Destask\vendor\codeigniter4\framework\system\CodeIgniter.php(941): App\Controllers\Pekerjaan->daftar_pekerjaan()
#8 C:\xampp\htdocs\Destask\vendor\codeigniter4\framework\system\CodeIgniter.php(502): CodeIgniter\CodeIgniter->runController(Object(App\Controllers\Pekerjaan))
#9 C:\xampp\htdocs\Destask\vendor\codeigniter4\framework\system\CodeIgniter.php(361): CodeIgniter\CodeIgniter->handleRequest(NULL, Object(Config\Cache), false)
#10 C:\xampp\htdocs\Destask\public\index.php(80): CodeIgniter\CodeIgniter->run()
#11 C:\xampp\htdocs\Destask\vendor\codeigniter4\framework\system\Commands\Server\rewrite.php(47): require_once('C:\\xampp\\htdocs...')
#12 {main}
CRITICAL - 2025-07-27 23:22:59 --> CodeIgniter\Database\Exceptions\DatabaseException: You have an error in your SQL syntax; check the manual that corresponds to your MariaDB server version for the right syntax to use near '' at line 13
in SYSTEMPATH\Database\BaseConnection.php on line 647.
 1 SYSTEMPATH\Database\BaseBuilder.php(1697): CodeIgniter\Database\BaseConnection->query('SELECT COUNT(*) AS `numrows`
FROM `task`
WHERE `id_pekerjaan` = :id_pekerjaan:
AND `deleted_at` IS NULL
AND   (
   (
`tgl_selesai` IS NULL
AND NOW() > tgl_planing
AND     (
tgl_selesai IS NOT NULL
AND `tgl_selesai` > tgl_planing
   )
AND `task`.`deleted_at` IS NULL', [...], false)
 2 SYSTEMPATH\Model.php(624): CodeIgniter\Database\BaseBuilder->countAllResults(true)
 3 APPPATH\Models\PekerjaanModel.php(288): CodeIgniter\Model->countAllResults()
 4 APPPATH\Controllers\Pekerjaan.php(70): App\Models\PekerjaanModel->countTaskOverdueByIdPekerjaan('23')
 5 SYSTEMPATH\CodeIgniter.php(941): App\Controllers\Pekerjaan->daftar_pekerjaan()
 6 SYSTEMPATH\CodeIgniter.php(502): CodeIgniter\CodeIgniter->runController(Object(App\Controllers\Pekerjaan))
 7 SYSTEMPATH\CodeIgniter.php(361): CodeIgniter\CodeIgniter->handleRequest(null, Object(Config\Cache), false)
 8 FCPATH\index.php(80): CodeIgniter\CodeIgniter->run()
 9 SYSTEMPATH\Commands\Server\rewrite.php(47): require_once('C:\\xampp\\htdocs\\Destask\\public\\index.php')
CRITICAL - 2025-07-27 23:22:59 --> [Caused by] CodeIgniter\Database\Exceptions\DatabaseException: You have an error in your SQL syntax; check the manual that corresponds to your MariaDB server version for the right syntax to use near '' at line 13
in SYSTEMPATH\Database\MySQLi\Connection.php on line 311.
 1 SYSTEMPATH\Database\BaseConnection.php(693): CodeIgniter\Database\MySQLi\Connection->execute('SELECT COUNT(*) AS `numrows`
FROM `task`
WHERE `id_pekerjaan` = \'23\'
AND `deleted_at` IS NULL
AND   (
   (
`tgl_selesai` IS NULL
AND NOW() > tgl_planing
AND     (
tgl_selesai IS NOT NULL
AND `tgl_selesai` > tgl_planing
   )
AND `task`.`deleted_at` IS NULL')
 2 SYSTEMPATH\Database\BaseConnection.php(607): CodeIgniter\Database\BaseConnection->simpleQuery('SELECT COUNT(*) AS `numrows`
FROM `task`
WHERE `id_pekerjaan` = \'23\'
AND `deleted_at` IS NULL
AND   (
   (
`tgl_selesai` IS NULL
AND NOW() > tgl_planing
AND     (
tgl_selesai IS NOT NULL
AND `tgl_selesai` > tgl_planing
   )
AND `task`.`deleted_at` IS NULL')
 3 SYSTEMPATH\Database\BaseBuilder.php(1697): CodeIgniter\Database\BaseConnection->query('SELECT COUNT(*) AS `numrows`
FROM `task`
WHERE `id_pekerjaan` = :id_pekerjaan:
AND `deleted_at` IS NULL
AND   (
   (
`tgl_selesai` IS NULL
AND NOW() > tgl_planing
AND     (
tgl_selesai IS NOT NULL
AND `tgl_selesai` > tgl_planing
   )
AND `task`.`deleted_at` IS NULL', [...], false)
 4 SYSTEMPATH\Model.php(624): CodeIgniter\Database\BaseBuilder->countAllResults(true)
 5 APPPATH\Models\PekerjaanModel.php(288): CodeIgniter\Model->countAllResults()
 6 APPPATH\Controllers\Pekerjaan.php(70): App\Models\PekerjaanModel->countTaskOverdueByIdPekerjaan('23')
 7 SYSTEMPATH\CodeIgniter.php(941): App\Controllers\Pekerjaan->daftar_pekerjaan()
 8 SYSTEMPATH\CodeIgniter.php(502): CodeIgniter\CodeIgniter->runController(Object(App\Controllers\Pekerjaan))
 9 SYSTEMPATH\CodeIgniter.php(361): CodeIgniter\CodeIgniter->handleRequest(null, Object(Config\Cache), false)
10 FCPATH\index.php(80): CodeIgniter\CodeIgniter->run()
11 SYSTEMPATH\Commands\Server\rewrite.php(47): require_once('C:\\xampp\\htdocs\\Destask\\public\\index.php')
CRITICAL - 2025-07-27 23:22:59 --> [Caused by] mysqli_sql_exception: You have an error in your SQL syntax; check the manual that corresponds to your MariaDB server version for the right syntax to use near '' at line 13
in SYSTEMPATH\Database\MySQLi\Connection.php on line 306.
 1 SYSTEMPATH\Database\MySQLi\Connection.php(306): mysqli->query('SELECT COUNT(*) AS `numrows`
FROM `task`
WHERE `id_pekerjaan` = \'23\'
AND `deleted_at` IS NULL
AND   (
   (
`tgl_selesai` IS NULL
AND NOW() > tgl_planing
AND     (
tgl_selesai IS NOT NULL
AND `tgl_selesai` > tgl_planing
   )
AND `task`.`deleted_at` IS NULL', 0)
 2 SYSTEMPATH\Database\BaseConnection.php(693): CodeIgniter\Database\MySQLi\Connection->execute('SELECT COUNT(*) AS `numrows`
FROM `task`
WHERE `id_pekerjaan` = \'23\'
AND `deleted_at` IS NULL
AND   (
   (
`tgl_selesai` IS NULL
AND NOW() > tgl_planing
AND     (
tgl_selesai IS NOT NULL
AND `tgl_selesai` > tgl_planing
   )
AND `task`.`deleted_at` IS NULL')
 3 SYSTEMPATH\Database\BaseConnection.php(607): CodeIgniter\Database\BaseConnection->simpleQuery('SELECT COUNT(*) AS `numrows`
FROM `task`
WHERE `id_pekerjaan` = \'23\'
AND `deleted_at` IS NULL
AND   (
   (
`tgl_selesai` IS NULL
AND NOW() > tgl_planing
AND     (
tgl_selesai IS NOT NULL
AND `tgl_selesai` > tgl_planing
   )
AND `task`.`deleted_at` IS NULL')
 4 SYSTEMPATH\Database\BaseBuilder.php(1697): CodeIgniter\Database\BaseConnection->query('SELECT COUNT(*) AS `numrows`
FROM `task`
WHERE `id_pekerjaan` = :id_pekerjaan:
AND `deleted_at` IS NULL
AND   (
   (
`tgl_selesai` IS NULL
AND NOW() > tgl_planing
AND     (
tgl_selesai IS NOT NULL
AND `tgl_selesai` > tgl_planing
   )
AND `task`.`deleted_at` IS NULL', [...], false)
 5 SYSTEMPATH\Model.php(624): CodeIgniter\Database\BaseBuilder->countAllResults(true)
 6 APPPATH\Models\PekerjaanModel.php(288): CodeIgniter\Model->countAllResults()
 7 APPPATH\Controllers\Pekerjaan.php(70): App\Models\PekerjaanModel->countTaskOverdueByIdPekerjaan('23')
 8 SYSTEMPATH\CodeIgniter.php(941): App\Controllers\Pekerjaan->daftar_pekerjaan()
 9 SYSTEMPATH\CodeIgniter.php(502): CodeIgniter\CodeIgniter->runController(Object(App\Controllers\Pekerjaan))
10 SYSTEMPATH\CodeIgniter.php(361): CodeIgniter\CodeIgniter->handleRequest(null, Object(Config\Cache), false)
11 FCPATH\index.php(80): CodeIgniter\CodeIgniter->run()
12 SYSTEMPATH\Commands\Server\rewrite.php(47): require_once('C:\\xampp\\htdocs\\Destask\\public\\index.php')
INFO - 2025-07-27 23:23:00 --> Session: Class initialized using 'CodeIgniter\Session\Handlers\FileHandler' driver.
ERROR - 2025-07-27 23:23:00 --> mysqli_sql_exception: You have an error in your SQL syntax; check the manual that corresponds to your MariaDB server version for the right syntax to use near '' at line 13 in C:\xampp\htdocs\Destask\vendor\codeigniter4\framework\system\Database\MySQLi\Connection.php:306
Stack trace:
#0 C:\xampp\htdocs\Destask\vendor\codeigniter4\framework\system\Database\MySQLi\Connection.php(306): mysqli->query('SELECT COUNT(*)...', 0)
#1 C:\xampp\htdocs\Destask\vendor\codeigniter4\framework\system\Database\BaseConnection.php(693): CodeIgniter\Database\MySQLi\Connection->execute('SELECT COUNT(*)...')
#2 C:\xampp\htdocs\Destask\vendor\codeigniter4\framework\system\Database\BaseConnection.php(607): CodeIgniter\Database\BaseConnection->simpleQuery('SELECT COUNT(*)...')
#3 C:\xampp\htdocs\Destask\vendor\codeigniter4\framework\system\Database\BaseBuilder.php(1697): CodeIgniter\Database\BaseConnection->query('SELECT COUNT(*)...', Array, false)
#4 C:\xampp\htdocs\Destask\vendor\codeigniter4\framework\system\Model.php(624): CodeIgniter\Database\BaseBuilder->countAllResults(true)
#5 C:\xampp\htdocs\Destask\app\Models\PekerjaanModel.php(288): CodeIgniter\Model->countAllResults()
#6 C:\xampp\htdocs\Destask\app\Controllers\Pekerjaan.php(70): App\Models\PekerjaanModel->countTaskOverdueByIdPekerjaan('23')
#7 C:\xampp\htdocs\Destask\vendor\codeigniter4\framework\system\CodeIgniter.php(941): App\Controllers\Pekerjaan->daftar_pekerjaan()
#8 C:\xampp\htdocs\Destask\vendor\codeigniter4\framework\system\CodeIgniter.php(502): CodeIgniter\CodeIgniter->runController(Object(App\Controllers\Pekerjaan))
#9 C:\xampp\htdocs\Destask\vendor\codeigniter4\framework\system\CodeIgniter.php(361): CodeIgniter\CodeIgniter->handleRequest(NULL, Object(Config\Cache), false)
#10 C:\xampp\htdocs\Destask\public\index.php(80): CodeIgniter\CodeIgniter->run()
#11 C:\xampp\htdocs\Destask\vendor\codeigniter4\framework\system\Commands\Server\rewrite.php(47): require_once('C:\\xampp\\htdocs...')
#12 {main}
CRITICAL - 2025-07-27 23:23:00 --> CodeIgniter\Database\Exceptions\DatabaseException: You have an error in your SQL syntax; check the manual that corresponds to your MariaDB server version for the right syntax to use near '' at line 13
in SYSTEMPATH\Database\BaseConnection.php on line 647.
 1 SYSTEMPATH\Database\BaseBuilder.php(1697): CodeIgniter\Database\BaseConnection->query('SELECT COUNT(*) AS `numrows`
FROM `task`
WHERE `id_pekerjaan` = :id_pekerjaan:
AND `deleted_at` IS NULL
AND   (
   (
`tgl_selesai` IS NULL
AND NOW() > tgl_planing
AND     (
tgl_selesai IS NOT NULL
AND `tgl_selesai` > tgl_planing
   )
AND `task`.`deleted_at` IS NULL', [...], false)
 2 SYSTEMPATH\Model.php(624): CodeIgniter\Database\BaseBuilder->countAllResults(true)
 3 APPPATH\Models\PekerjaanModel.php(288): CodeIgniter\Model->countAllResults()
 4 APPPATH\Controllers\Pekerjaan.php(70): App\Models\PekerjaanModel->countTaskOverdueByIdPekerjaan('23')
 5 SYSTEMPATH\CodeIgniter.php(941): App\Controllers\Pekerjaan->daftar_pekerjaan()
 6 SYSTEMPATH\CodeIgniter.php(502): CodeIgniter\CodeIgniter->runController(Object(App\Controllers\Pekerjaan))
 7 SYSTEMPATH\CodeIgniter.php(361): CodeIgniter\CodeIgniter->handleRequest(null, Object(Config\Cache), false)
 8 FCPATH\index.php(80): CodeIgniter\CodeIgniter->run()
 9 SYSTEMPATH\Commands\Server\rewrite.php(47): require_once('C:\\xampp\\htdocs\\Destask\\public\\index.php')
CRITICAL - 2025-07-27 23:23:00 --> [Caused by] CodeIgniter\Database\Exceptions\DatabaseException: You have an error in your SQL syntax; check the manual that corresponds to your MariaDB server version for the right syntax to use near '' at line 13
in SYSTEMPATH\Database\MySQLi\Connection.php on line 311.
 1 SYSTEMPATH\Database\BaseConnection.php(693): CodeIgniter\Database\MySQLi\Connection->execute('SELECT COUNT(*) AS `numrows`
FROM `task`
WHERE `id_pekerjaan` = \'23\'
AND `deleted_at` IS NULL
AND   (
   (
`tgl_selesai` IS NULL
AND NOW() > tgl_planing
AND     (
tgl_selesai IS NOT NULL
AND `tgl_selesai` > tgl_planing
   )
AND `task`.`deleted_at` IS NULL')
 2 SYSTEMPATH\Database\BaseConnection.php(607): CodeIgniter\Database\BaseConnection->simpleQuery('SELECT COUNT(*) AS `numrows`
FROM `task`
WHERE `id_pekerjaan` = \'23\'
AND `deleted_at` IS NULL
AND   (
   (
`tgl_selesai` IS NULL
AND NOW() > tgl_planing
AND     (
tgl_selesai IS NOT NULL
AND `tgl_selesai` > tgl_planing
   )
AND `task`.`deleted_at` IS NULL')
 3 SYSTEMPATH\Database\BaseBuilder.php(1697): CodeIgniter\Database\BaseConnection->query('SELECT COUNT(*) AS `numrows`
FROM `task`
WHERE `id_pekerjaan` = :id_pekerjaan:
AND `deleted_at` IS NULL
AND   (
   (
`tgl_selesai` IS NULL
AND NOW() > tgl_planing
AND     (
tgl_selesai IS NOT NULL
AND `tgl_selesai` > tgl_planing
   )
AND `task`.`deleted_at` IS NULL', [...], false)
 4 SYSTEMPATH\Model.php(624): CodeIgniter\Database\BaseBuilder->countAllResults(true)
 5 APPPATH\Models\PekerjaanModel.php(288): CodeIgniter\Model->countAllResults()
 6 APPPATH\Controllers\Pekerjaan.php(70): App\Models\PekerjaanModel->countTaskOverdueByIdPekerjaan('23')
 7 SYSTEMPATH\CodeIgniter.php(941): App\Controllers\Pekerjaan->daftar_pekerjaan()
 8 SYSTEMPATH\CodeIgniter.php(502): CodeIgniter\CodeIgniter->runController(Object(App\Controllers\Pekerjaan))
 9 SYSTEMPATH\CodeIgniter.php(361): CodeIgniter\CodeIgniter->handleRequest(null, Object(Config\Cache), false)
10 FCPATH\index.php(80): CodeIgniter\CodeIgniter->run()
11 SYSTEMPATH\Commands\Server\rewrite.php(47): require_once('C:\\xampp\\htdocs\\Destask\\public\\index.php')
CRITICAL - 2025-07-27 23:23:00 --> [Caused by] mysqli_sql_exception: You have an error in your SQL syntax; check the manual that corresponds to your MariaDB server version for the right syntax to use near '' at line 13
in SYSTEMPATH\Database\MySQLi\Connection.php on line 306.
 1 SYSTEMPATH\Database\MySQLi\Connection.php(306): mysqli->query('SELECT COUNT(*) AS `numrows`
FROM `task`
WHERE `id_pekerjaan` = \'23\'
AND `deleted_at` IS NULL
AND   (
   (
`tgl_selesai` IS NULL
AND NOW() > tgl_planing
AND     (
tgl_selesai IS NOT NULL
AND `tgl_selesai` > tgl_planing
   )
AND `task`.`deleted_at` IS NULL', 0)
 2 SYSTEMPATH\Database\BaseConnection.php(693): CodeIgniter\Database\MySQLi\Connection->execute('SELECT COUNT(*) AS `numrows`
FROM `task`
WHERE `id_pekerjaan` = \'23\'
AND `deleted_at` IS NULL
AND   (
   (
`tgl_selesai` IS NULL
AND NOW() > tgl_planing
AND     (
tgl_selesai IS NOT NULL
AND `tgl_selesai` > tgl_planing
   )
AND `task`.`deleted_at` IS NULL')
 3 SYSTEMPATH\Database\BaseConnection.php(607): CodeIgniter\Database\BaseConnection->simpleQuery('SELECT COUNT(*) AS `numrows`
FROM `task`
WHERE `id_pekerjaan` = \'23\'
AND `deleted_at` IS NULL
AND   (
   (
`tgl_selesai` IS NULL
AND NOW() > tgl_planing
AND     (
tgl_selesai IS NOT NULL
AND `tgl_selesai` > tgl_planing
   )
AND `task`.`deleted_at` IS NULL')
 4 SYSTEMPATH\Database\BaseBuilder.php(1697): CodeIgniter\Database\BaseConnection->query('SELECT COUNT(*) AS `numrows`
FROM `task`
WHERE `id_pekerjaan` = :id_pekerjaan:
AND `deleted_at` IS NULL
AND   (
   (
`tgl_selesai` IS NULL
AND NOW() > tgl_planing
AND     (
tgl_selesai IS NOT NULL
AND `tgl_selesai` > tgl_planing
   )
AND `task`.`deleted_at` IS NULL', [...], false)
 5 SYSTEMPATH\Model.php(624): CodeIgniter\Database\BaseBuilder->countAllResults(true)
 6 APPPATH\Models\PekerjaanModel.php(288): CodeIgniter\Model->countAllResults()
 7 APPPATH\Controllers\Pekerjaan.php(70): App\Models\PekerjaanModel->countTaskOverdueByIdPekerjaan('23')
 8 SYSTEMPATH\CodeIgniter.php(941): App\Controllers\Pekerjaan->daftar_pekerjaan()
 9 SYSTEMPATH\CodeIgniter.php(502): CodeIgniter\CodeIgniter->runController(Object(App\Controllers\Pekerjaan))
10 SYSTEMPATH\CodeIgniter.php(361): CodeIgniter\CodeIgniter->handleRequest(null, Object(Config\Cache), false)
11 FCPATH\index.php(80): CodeIgniter\CodeIgniter->run()
12 SYSTEMPATH\Commands\Server\rewrite.php(47): require_once('C:\\xampp\\htdocs\\Destask\\public\\index.php')
INFO - 2025-07-27 23:24:10 --> Session: Class initialized using 'CodeIgniter\Session\Handlers\FileHandler' driver.
INFO - 2025-07-27 23:24:14 --> Session: Class initialized using 'CodeIgniter\Session\Handlers\FileHandler' driver.
INFO - 2025-07-27 23:24:18 --> Session: Class initialized using 'CodeIgniter\Session\Handlers\FileHandler' driver.
INFO - 2025-07-27 23:24:21 --> Session: Class initialized using 'CodeIgniter\Session\Handlers\FileHandler' driver.
INFO - 2025-07-27 23:25:04 --> Session: Class initialized using 'CodeIgniter\Session\Handlers\FileHandler' driver.
INFO - 2025-07-27 23:25:09 --> Session: Class initialized using 'CodeIgniter\Session\Handlers\FileHandler' driver.
INFO - 2025-07-27 23:25:11 --> Session: Class initialized using 'CodeIgniter\Session\Handlers\FileHandler' driver.
INFO - 2025-07-27 23:30:31 --> Session: Class initialized using 'CodeIgniter\Session\Handlers\FileHandler' driver.
INFO - 2025-07-27 23:30:34 --> Session: Class initialized using 'CodeIgniter\Session\Handlers\FileHandler' driver.
INFO - 2025-07-27 23:42:38 --> Session: Class initialized using 'CodeIgniter\Session\Handlers\FileHandler' driver.
INFO - 2025-07-27 23:42:49 --> Session: Class initialized using 'CodeIgniter\Session\Handlers\FileHandler' driver.
INFO - 2025-07-27 23:42:51 --> Session: Class initialized using 'CodeIgniter\Session\Handlers\FileHandler' driver.
INFO - 2025-07-27 23:42:53 --> Session: Class initialized using 'CodeIgniter\Session\Handlers\FileHandler' driver.
INFO - 2025-07-27 23:42:57 --> Session: Class initialized using 'CodeIgniter\Session\Handlers\FileHandler' driver.
INFO - 2025-07-27 23:43:02 --> Session: Class initialized using 'CodeIgniter\Session\Handlers\FileHandler' driver.
INFO - 2025-07-27 23:43:15 --> Session: Class initialized using 'CodeIgniter\Session\Handlers\FileHandler' driver.
INFO - 2025-07-27 23:43:22 --> Session: Class initialized using 'CodeIgniter\Session\Handlers\FileHandler' driver.
INFO - 2025-07-27 23:43:24 --> Session: Class initialized using 'CodeIgniter\Session\Handlers\FileHandler' driver.
INFO - 2025-07-27 23:43:27 --> Session: Class initialized using 'CodeIgniter\Session\Handlers\FileHandler' driver.
INFO - 2025-07-27 23:43:29 --> Session: Class initialized using 'CodeIgniter\Session\Handlers\FileHandler' driver.
INFO - 2025-07-27 23:43:30 --> Session: Class initialized using 'CodeIgniter\Session\Handlers\FileHandler' driver.
INFO - 2025-07-27 23:43:32 --> Session: Class initialized using 'CodeIgniter\Session\Handlers\FileHandler' driver.
INFO - 2025-07-27 23:43:34 --> Session: Class initialized using 'CodeIgniter\Session\Handlers\FileHandler' driver.
INFO - 2025-07-27 23:43:35 --> Session: Class initialized using 'CodeIgniter\Session\Handlers\FileHandler' driver.
INFO - 2025-07-27 23:43:37 --> Session: Class initialized using 'CodeIgniter\Session\Handlers\FileHandler' driver.
INFO - 2025-07-27 23:43:40 --> Session: Class initialized using 'CodeIgniter\Session\Handlers\FileHandler' driver.
INFO - 2025-07-27 23:43:40 --> Session: Class initialized using 'CodeIgniter\Session\Handlers\FileHandler' driver.
INFO - 2025-07-27 23:43:45 --> Session: Class initialized using 'CodeIgniter\Session\Handlers\FileHandler' driver.
INFO - 2025-07-27 23:43:49 --> Session: Class initialized using 'CodeIgniter\Session\Handlers\FileHandler' driver.
INFO - 2025-07-27 23:43:53 --> Session: Class initialized using 'CodeIgniter\Session\Handlers\FileHandler' driver.
INFO - 2025-07-27 23:43:56 --> Session: Class initialized using 'CodeIgniter\Session\Handlers\FileHandler' driver.
INFO - 2025-07-27 23:43:59 --> Session: Class initialized using 'CodeIgniter\Session\Handlers\FileHandler' driver.
INFO - 2025-07-27 23:44:02 --> Session: Class initialized using 'CodeIgniter\Session\Handlers\FileHandler' driver.
INFO - 2025-07-27 23:44:06 --> Session: Class initialized using 'CodeIgniter\Session\Handlers\FileHandler' driver.
INFO - 2025-07-27 23:44:16 --> Session: Class initialized using 'CodeIgniter\Session\Handlers\FileHandler' driver.
INFO - 2025-07-27 23:44:16 --> Session: Class initialized using 'CodeIgniter\Session\Handlers\FileHandler' driver.
INFO - 2025-07-27 23:44:20 --> Session: Class initialized using 'CodeIgniter\Session\Handlers\FileHandler' driver.
INFO - 2025-07-27 23:44:30 --> Session: Class initialized using 'CodeIgniter\Session\Handlers\FileHandler' driver.
INFO - 2025-07-27 23:44:33 --> Session: Class initialized using 'CodeIgniter\Session\Handlers\FileHandler' driver.
INFO - 2025-07-27 23:44:38 --> Session: Class initialized using 'CodeIgniter\Session\Handlers\FileHandler' driver.
INFO - 2025-07-27 23:44:43 --> Session: Class initialized using 'CodeIgniter\Session\Handlers\FileHandler' driver.
INFO - 2025-07-27 23:44:51 --> Session: Class initialized using 'CodeIgniter\Session\Handlers\FileHandler' driver.
INFO - 2025-07-27 23:44:56 --> Session: Class initialized using 'CodeIgniter\Session\Handlers\FileHandler' driver.
INFO - 2025-07-27 23:45:03 --> Session: Class initialized using 'CodeIgniter\Session\Handlers\FileHandler' driver.
INFO - 2025-07-27 23:45:25 --> Session: Class initialized using 'CodeIgniter\Session\Handlers\FileHandler' driver.
INFO - 2025-07-27 23:45:35 --> Session: Class initialized using 'CodeIgniter\Session\Handlers\FileHandler' driver.
INFO - 2025-07-27 23:45:41 --> Session: Class initialized using 'CodeIgniter\Session\Handlers\FileHandler' driver.
INFO - 2025-07-27 23:46:00 --> Session: Class initialized using 'CodeIgniter\Session\Handlers\FileHandler' driver.
INFO - 2025-07-27 23:46:04 --> Session: Class initialized using 'CodeIgniter\Session\Handlers\FileHandler' driver.
INFO - 2025-07-27 23:46:08 --> Session: Class initialized using 'CodeIgniter\Session\Handlers\FileHandler' driver.
INFO - 2025-07-27 23:46:10 --> Session: Class initialized using 'CodeIgniter\Session\Handlers\FileHandler' driver.
INFO - 2025-07-27 23:46:11 --> Session: Class initialized using 'CodeIgniter\Session\Handlers\FileHandler' driver.
INFO - 2025-07-27 23:46:12 --> Session: Class initialized using 'CodeIgniter\Session\Handlers\FileHandler' driver.
INFO - 2025-07-27 23:46:14 --> Session: Class initialized using 'CodeIgniter\Session\Handlers\FileHandler' driver.
INFO - 2025-07-27 23:46:44 --> Session: Class initialized using 'CodeIgniter\Session\Handlers\FileHandler' driver.
INFO - 2025-07-27 23:46:47 --> Session: Class initialized using 'CodeIgniter\Session\Handlers\FileHandler' driver.
INFO - 2025-07-27 23:46:48 --> Session: Class initialized using 'CodeIgniter\Session\Handlers\FileHandler' driver.
INFO - 2025-07-27 23:46:51 --> Session: Class initialized using 'CodeIgniter\Session\Handlers\FileHandler' driver.
INFO - 2025-07-27 23:47:04 --> Session: Class initialized using 'CodeIgniter\Session\Handlers\FileHandler' driver.
INFO - 2025-07-27 23:47:06 --> Session: Class initialized using 'CodeIgniter\Session\Handlers\FileHandler' driver.
INFO - 2025-07-27 23:57:37 --> Session: Class initialized using 'CodeIgniter\Session\Handlers\FileHandler' driver.
INFO - 2025-07-27 23:57:41 --> Session: Class initialized using 'CodeIgniter\Session\Handlers\FileHandler' driver.
INFO - 2025-07-27 23:57:46 --> Session: Class initialized using 'CodeIgniter\Session\Handlers\FileHandler' driver.
INFO - 2025-07-27 23:57:48 --> Session: Class initialized using 'CodeIgniter\Session\Handlers\FileHandler' driver.
INFO - 2025-07-27 23:57:49 --> Session: Class initialized using 'CodeIgniter\Session\Handlers\FileHandler' driver.
INFO - 2025-07-27 23:57:51 --> Session: Class initialized using 'CodeIgniter\Session\Handlers\FileHandler' driver.
INFO - 2025-07-27 23:59:16 --> Session: Class initialized using 'CodeIgniter\Session\Handlers\FileHandler' driver.
INFO - 2025-07-27 23:59:19 --> Session: Class initialized using 'CodeIgniter\Session\Handlers\FileHandler' driver.
INFO - 2025-07-27 23:59:22 --> Session: Class initialized using 'CodeIgniter\Session\Handlers\FileHandler' driver.
INFO - 2025-07-27 23:59:47 --> Session: Class initialized using 'CodeIgniter\Session\Handlers\FileHandler' driver.
